> Task :compileJava UP-TO-DATE
> Task :processResources UP-TO-DATE
> Task :classes UP-TO-DATE
> Task :resolveMainClassName

> Task :bootRun
2026-08-21T20:24:34.904+09:00  INFO 3764 --- [Pokade] [           main] org.flywaydb.core.FlywayExecutor         : Database: jdbc:postgresql://localhost:5432/pokade (PostgreSQL 17.10)
2026-08-21T20:24:34.974+09:00  INFO 3764 --- [Pokade] [           main] o.f.core.internal.command.DbValidate     : Successfully validated 10 migrations (execution time 00:00.037s)
2026-08-21T20:24:35.015+09:00  INFO 3764 --- [Pokade] [           main] o.f.core.internal.command.DbMigrate      : Current version of schema "public": 9
2026-08-21T20:24:35.030+09:00  INFO 3764 --- [Pokade] [           main] o.f.core.internal.command.DbMigrate      : Migrating schema "public" to version "10 - add points used to trade orders and payments"
2026-08-21T20:24:35.068+09:00  INFO 3764 --- [Pokade] [           main] o.f.core.internal.command.DbMigrate      : Successfully applied 1 migration to schema "public", now at version v10 (execution time 00:00.020s)

  .   ____          _            __ _ _
 /\\ / ___'_ __ _ _(_)_ __  __ _ \ \ \ \
( ( )\___ | '_ | '_| | '_ \/ _` | \ \ \ \
 \\/  ___)| |_)| | | | | || (_| |  ) ) ) )
  '  |____| .__|_| |_|_| |_\__, | / / / /
 =========|_|==============|___/=/_/_/_/

 :: Spring Boot ::                (v4.0.7)

2026-08-21T20:24:35.146+09:00  INFO 3764 --- [Pokade] [           main] com.pokade.PokadeApplication             : Starting PokadeApplication using Java 21.0.10 with PID 3764 (C:\aibe6\AIBE6_FinalProject_Team05_BE\Pokade\build\classes\java\main started by 태규 in C:\aibe6\AIBE6_FinalProject_Team05_BE\Pokade)
2026-08-21T20:24:35.147+09:00 DEBUG 3764 --- [Pokade] [           main] com.pokade.PokadeApplication             : Running with Spring Boot v4.0.7, Spring v7.0.8
2026-08-21T20:24:35.148+09:00  INFO 3764 --- [Pokade] [           main] com.pokade.PokadeApplication             : The following 1 profile is active: "dev"
2026-08-21T20:24:36.507+09:00  INFO 3764 --- [Pokade] [           main] .s.d.r.c.RepositoryConfigurationDelegate : Multiple Spring Data modules found, entering strict repository configuration mode
2026-08-21T20:24:36.508+09:00  INFO 3764 --- [Pokade] [           main] .s.d.r.c.RepositoryConfigurationDelegate : Bootstrapping Spring Data JPA repositories in DEFAULT mode.
2026-08-21T20:24:36.855+09:00  INFO 3764 --- [Pokade] [           main] .s.d.r.c.RepositoryConfigurationDelegate : Finished Spring Data repository scanning in 338 ms. Found 26 JPA repository interfaces.
2026-08-21T20:24:36.915+09:00  INFO 3764 --- [Pokade] [           main] .s.d.r.c.RepositoryConfigurationDelegate : Multiple Spring Data modules found, entering strict repository configuration mode
2026-08-21T20:24:36.917+09:00  INFO 3764 --- [Pokade] [           main] .s.d.r.c.RepositoryConfigurationDelegate : Bootstrapping Spring Data Redis repositories in DEFAULT mode.
2026-08-21T20:24:36.969+09:00  INFO 3764 --- [Pokade] [           main] .RepositoryConfigurationExtensionSupport : Spring Data Redis - Could not safely identify store assignment for repository candidate interface com.pokade.domain.ai.repository.GradeResultImageRepository; If you want this repository to be a Redis repository, consider annotating your entities with one of these annotations: org.springframework.data.redis.core.RedisHash (preferred), or consider extending one of the following types with your repository: org.springframework.data.keyvalue.repository.KeyValueRepository
2026-08-21T20:24:36.971+09:00  INFO 3764 --- [Pokade] [           main] .RepositoryConfigurationExtensionSupport : Spring Data Redis - Could not safely identify store assignment for repository candidate interface com.pokade.domain.ai.repository.GradeResultRepository; If you want this repository to be a Redis repository, consider annotating your entities with one of these annotations: org.springframework.data.redis.core.RedisHash (preferred), or consider extending one of the following types with your repository: org.springframework.data.keyvalue.repository.KeyValueRepository
2026-08-21T20:24:36.971+09:00  INFO 3764 --- [Pokade] [           main] .RepositoryConfigurationExtensionSupport : Spring Data Redis - Could not safely identify store assignment for repository candidate interface com.pokade.domain.card.repository.CardPriceRepository; If you want this repository to be a Redis repository, consider annotating your entities with one of these annotations: org.springframework.data.redis.core.RedisHash (preferred), or consider extending one of the following types with your repository: org.springframework.data.keyvalue.repository.KeyValueRepository
2026-08-21T20:24:36.971+09:00  INFO 3764 --- [Pokade] [           main] .RepositoryConfigurationExtensionSupport : Spring Data Redis - Could not safely identify store assignment for repository candidate interface com.pokade.domain.card.repository.CardRepository; If you want this repository to be a Redis repository, consider annotating your entities with one of these annotations: org.springframework.data.redis.core.RedisHash (preferred), or consider extending one of the following types with your repository: org.springframework.data.keyvalue.repository.KeyValueRepository
2026-08-21T20:24:36.971+09:00  INFO 3764 --- [Pokade] [           main] .RepositoryConfigurationExtensionSupport : Spring Data Redis - Could not safely identify store assignment for repository candidate interface com.pokade.domain.card.repository.CardVariantRepository; If you want this repository to be a Redis repository, consider annotating your entities with one of these annotations: org.springframework.data.redis.core.RedisHash (preferred), or consider extending one of the following types with your repository: org.springframework.data.keyvalue.repository.KeyValueRepository
2026-08-21T20:24:36.971+09:00  INFO 3764 --- [Pokade] [           main] .RepositoryConfigurationExtensionSupport : Spring Data Redis - Could not safely identify store assignment for repository candidate interface com.pokade.domain.card.repository.ExpansionRepository; If you want this repository to be a Redis repository, consider annotating your entities with one of these annotations: org.springframework.data.redis.core.RedisHash (preferred), or consider extending one of the following types with your repository: org.springframework.data.keyvalue.repository.KeyValueRepository
2026-08-21T20:24:36.971+09:00  INFO 3764 --- [Pokade] [           main] .RepositoryConfigurationExtensionSupport : Spring Data Redis - Could not safely identify store assignment for repository candidate interface com.pokade.domain.card.repository.PokedexKoNameRepository; If you want this repository to be a Redis repository, consider annotating your entities with one of these annotations: org.springframework.data.redis.core.RedisHash (preferred), or consider extending one of the following types with your repository: org.springframework.data.keyvalue.repository.KeyValueRepository
2026-08-21T20:24:36.971+09:00  INFO 3764 --- [Pokade] [           main] .RepositoryConfigurationExtensionSupport : Spring Data Redis - Could not safely identify store assignment for repository candidate interface com.pokade.domain.chat.repository.ChatMessageRepository; If you want this repository to be a Redis repository, consider annotating your entities with one of these annotations: org.springframework.data.redis.core.RedisHash (preferred), or consider extending one of the following types with your repository: org.springframework.data.keyvalue.repository.KeyValueRepository
2026-08-21T20:24:36.971+09:00  INFO 3764 --- [Pokade] [           main] .RepositoryConfigurationExtensionSupport : Spring Data Redis - Could not safely identify store assignment for repository candidate interface com.pokade.domain.inquiry.repository.InquiryImageRepository; If you want this repository to be a Redis repository, consider annotating your entities with one of these annotations: org.springframework.data.redis.core.RedisHash (preferred), or consider extending one of the following types with your repository: org.springframework.data.keyvalue.repository.KeyValueRepository
2026-08-21T20:24:36.971+09:00  INFO 3764 --- [Pokade] [           main] .RepositoryConfigurationExtensionSupport : Spring Data Redis - Could not safely identify store assignment for repository candidate interface com.pokade.domain.inquiry.repository.InquiryRepository; If you want this repository to be a Redis repository, consider annotating your entities with one of these annotations: org.springframework.data.redis.core.RedisHash (preferred), or consider extending one of the following types with your repository: org.springframework.data.keyvalue.repository.KeyValueRepository
2026-08-21T20:24:36.972+09:00  INFO 3764 --- [Pokade] [           main] .RepositoryConfigurationExtensionSupport : Spring Data Redis - Could not safely identify store assignment for repository candidate interface com.pokade.domain.listing.repository.ListingRepository; If you want this repository to be a Redis repository, consider annotating your entities with one of these annotations: org.springframework.data.redis.core.RedisHash (preferred), or consider extending one of the following types with your repository: org.springframework.data.keyvalue.repository.KeyValueRepository
2026-08-21T20:24:36.972+09:00  INFO 3764 --- [Pokade] [           main] .RepositoryConfigurationExtensionSupport : Spring Data Redis - Could not safely identify store assignment for repository candidate interface com.pokade.domain.notification.repository.NotificationRepository; If you want this repository to be a Redis repository, consider annotating your entities with one of these annotations: org.springframework.data.redis.core.RedisHash (preferred), or consider extending one of the following types with your repository: org.springframework.data.keyvalue.repository.KeyValueRepository
2026-08-21T20:24:36.972+09:00  INFO 3764 --- [Pokade] [           main] .RepositoryConfigurationExtensionSupport : Spring Data Redis - Could not safely identify store assignment for repository candidate interface com.pokade.domain.point.repository.PointChargeOrderRepository; If you want this repository to be a Redis repository, consider annotating your entities with one of these annotations: org.springframework.data.redis.core.RedisHash (preferred), or consider extending one of the following types with your repository: org.springframework.data.keyvalue.repository.KeyValueRepository
2026-08-21T20:24:36.972+09:00  INFO 3764 --- [Pokade] [           main] .RepositoryConfigurationExtensionSupport : Spring Data Redis - Could not safely identify store assignment for repository candidate interface com.pokade.domain.point.repository.PointTransactionRepository; If you want this repository to be a Redis repository, consider annotating your entities with one of these annotations: org.springframework.data.redis.core.RedisHash (preferred), or consider extending one of the following types with your repository: org.springframework.data.keyvalue.repository.KeyValueRepository
2026-08-21T20:24:36.972+09:00  INFO 3764 --- [Pokade] [           main] .RepositoryConfigurationExtensionSupport : Spring Data Redis - Could not safely identify store assignment for repository candidate interface com.pokade.domain.price.repository.BuyOfferOrderRepository; If you want this repository to be a Redis repository, consider annotating your entities with one of these annotations: org.springframework.data.redis.core.RedisHash (preferred), or consider extending one of the following types with your repository: org.springframework.data.keyvalue.repository.KeyValueRepository
2026-08-21T20:24:36.972+09:00  INFO 3764 --- [Pokade] [           main] .RepositoryConfigurationExtensionSupport : Spring Data Redis - Could not safely identify store assignment for repository candidate interface com.pokade.domain.price.repository.BuyOfferRepository; If you want this repository to be a Redis repository, consider annotating your entities with one of these annotations: org.springframework.data.redis.core.RedisHash (preferred), or consider extending one of the following types with your repository: org.springframework.data.keyvalue.repository.KeyValueRepository
2026-08-21T20:24:36.972+09:00  INFO 3764 --- [Pokade] [           main] .RepositoryConfigurationExtensionSupport : Spring Data Redis - Could not safely identify store assignment for repository candidate interface com.pokade.domain.price.repository.PriceCardStatsRepository; If you want this repository to be a Redis repository, consider annotating your entities with one of these annotations: org.springframework.data.redis.core.RedisHash (preferred), or consider extending one of the following types with your repository: org.springframework.data.keyvalue.repository.KeyValueRepository
2026-08-21T20:24:36.973+09:00  INFO 3764 --- [Pokade] [           main] .RepositoryConfigurationExtensionSupport : Spring Data Redis - Could not safely identify store assignment for repository candidate interface com.pokade.domain.price.repository.PriceTradeStatsRepository; If you want this repository to be a Redis repository, consider annotating your entities with one of these annotations: org.springframework.data.redis.core.RedisHash (preferred), or consider extending one of the following types with your repository: org.springframework.data.keyvalue.repository.KeyValueRepository
2026-08-21T20:24:36.973+09:00  INFO 3764 --- [Pokade] [           main] .RepositoryConfigurationExtensionSupport : Spring Data Redis - Could not safely identify store assignment for repository candidate interface com.pokade.domain.report.repository.ReportRepository; If you want this repository to be a Redis repository, consider annotating your entities with one of these annotations: org.springframework.data.redis.core.RedisHash (preferred), or consider extending one of the following types with your repository: org.springframework.data.keyvalue.repository.KeyValueRepository
2026-08-21T20:24:36.973+09:00  INFO 3764 --- [Pokade] [           main] .RepositoryConfigurationExtensionSupport : Spring Data Redis - Could not safely identify store assignment for repository candidate interface com.pokade.domain.sync.repository.SyncLogRepository; If you want this repository to be a Redis repository, consider annotating your entities with one of these annotations: org.springframework.data.redis.core.RedisHash (preferred), or consider extending one of the following types with your repository: org.springframework.data.keyvalue.repository.KeyValueRepository
2026-08-21T20:24:36.973+09:00  INFO 3764 --- [Pokade] [           main] .RepositoryConfigurationExtensionSupport : Spring Data Redis - Could not safely identify store assignment for repository candidate interface com.pokade.domain.trade.repository.PaymentRepository; If you want this repository to be a Redis repository, consider annotating your entities with one of these annotations: org.springframework.data.redis.core.RedisHash (preferred), or consider extending one of the following types with your repository: org.springframework.data.keyvalue.repository.KeyValueRepository
2026-08-21T20:24:36.973+09:00  INFO 3764 --- [Pokade] [           main] .RepositoryConfigurationExtensionSupport : Spring Data Redis - Could not safely identify store assignment for repository candidate interface com.pokade.domain.trade.repository.TradeOrderRepository; If you want this repository to be a Redis repository, consider annotating your entities with one of these annotations: org.springframework.data.redis.core.RedisHash (preferred), or consider extending one of the following types with your repository: org.springframework.data.keyvalue.repository.KeyValueRepository
2026-08-21T20:24:36.973+09:00  INFO 3764 --- [Pokade] [           main] .RepositoryConfigurationExtensionSupport : Spring Data Redis - Could not safely identify store assignment for repository candidate interface com.pokade.domain.trade.repository.TradeRepository; If you want this repository to be a Redis repository, consider annotating your entities with one of these annotations: org.springframework.data.redis.core.RedisHash (preferred), or consider extending one of the following types with your repository: org.springframework.data.keyvalue.repository.KeyValueRepository
2026-08-21T20:24:36.974+09:00  INFO 3764 --- [Pokade] [           main] .RepositoryConfigurationExtensionSupport : Spring Data Redis - Could not safely identify store assignment for repository candidate interface com.pokade.domain.user.repository.UserAgreementRepository; If you want this repository to be a Redis repository, consider annotating your entities with one of these annotations: org.springframework.data.redis.core.RedisHash (preferred), or consider extending one of the following types with your repository: org.springframework.data.keyvalue.repository.KeyValueRepository
2026-08-21T20:24:36.974+09:00  INFO 3764 --- [Pokade] [           main] .RepositoryConfigurationExtensionSupport : Spring Data Redis - Could not safely identify store assignment for repository candidate interface com.pokade.domain.user.repository.UserRepository; If you want this repository to be a Redis repository, consider annotating your entities with one of these annotations: org.springframework.data.redis.core.RedisHash (preferred), or consider extending one of the following types with your repository: org.springframework.data.keyvalue.repository.KeyValueRepository
2026-08-21T20:24:36.974+09:00  INFO 3764 --- [Pokade] [           main] .RepositoryConfigurationExtensionSupport : Spring Data Redis - Could not safely identify store assignment for repository candidate interface com.pokade.domain.watchlist.repository.WatchlistRepository; If you want this repository to be a Redis repository, consider annotating your entities with one of these annotations: org.springframework.data.redis.core.RedisHash (preferred), or consider extending one of the following types with your repository: org.springframework.data.keyvalue.repository.KeyValueRepository
2026-08-21T20:24:36.974+09:00  INFO 3764 --- [Pokade] [           main] .s.d.r.c.RepositoryConfigurationDelegate : Finished Spring Data repository scanning in 48 ms. Found 0 Redis repository interfaces.
2026-08-21T20:24:38.000+09:00  INFO 3764 --- [Pokade] [           main] o.s.boot.tomcat.TomcatWebServer          : Tomcat initialized with port 8080 (http)
2026-08-21T20:24:38.014+09:00  INFO 3764 --- [Pokade] [           main] o.apache.catalina.core.StandardService   : Starting service [Tomcat]
2026-08-21T20:24:38.014+09:00  INFO 3764 --- [Pokade] [           main] o.apache.catalina.core.StandardEngine    : Starting Servlet engine: [Apache Tomcat/11.0.22]
2026-08-21T20:24:38.047+09:00  INFO 3764 --- [Pokade] [           main] b.w.c.s.WebApplicationContextInitializer : Root WebApplicationContext: initialization completed in 2859 ms
2026-08-21T20:24:38.636+09:00 DEBUG 3764 --- [Pokade] [           main] c.p.g.security.JwtAuthenticationFilter   : Filter 'jwtAuthenticationFilter' configured for use
2026-08-21T20:24:38.638+09:00 DEBUG 3764 --- [Pokade] [           main] c.p.d.card.filter.CardRateLimitFilter    : Filter 'cardRateLimitFilterRegistration' configured for use
2026-08-21T20:24:38.692+09:00 DEBUG 3764 --- [Pokade] [           main] com.zaxxer.hikari.util.UtilityElf        : Class org.postgresql.Driver found in Thread context class loader jdk.internal.loader.ClassLoaders$AppClassLoader@6bc7c054
2026-08-21T20:24:38.808+09:00  INFO 3764 --- [Pokade] [           main] org.hibernate.orm.jpa                    : HHH008540: Processing PersistenceUnitInfo [name: default]
2026-08-21T20:24:38.862+09:00  INFO 3764 --- [Pokade] [           main] org.hibernate.orm.core                   : HHH000001: Hibernate ORM core version 7.2.19.Final
2026-08-21T20:24:39.332+09:00  INFO 3764 --- [Pokade] [           main] o.s.o.j.p.SpringPersistenceUnitInfo      : No LoadTimeWeaver setup: ignoring JPA class transformer
2026-08-21T20:24:39.365+09:00 DEBUG 3764 --- [Pokade] [           main] com.zaxxer.hikari.HikariConfig           : HikariPool-1 - configuration:
2026-08-21T20:24:39.366+09:00 DEBUG 3764 --- [Pokade] [           main] com.zaxxer.hikari.HikariConfig           : allowPoolSuspension.............false
2026-08-21T20:24:39.366+09:00 DEBUG 3764 --- [Pokade] [           main] com.zaxxer.hikari.HikariConfig           : autoCommit......................true
2026-08-21T20:24:39.366+09:00 DEBUG 3764 --- [Pokade] [           main] com.zaxxer.hikari.HikariConfig           : catalog.........................none
2026-08-21T20:24:39.366+09:00 DEBUG 3764 --- [Pokade] [           main] com.zaxxer.hikari.HikariConfig           : connectionInitSql...............none
2026-08-21T20:24:39.366+09:00 DEBUG 3764 --- [Pokade] [           main] com.zaxxer.hikari.HikariConfig           : connectionTestQuery.............none
2026-08-21T20:24:39.366+09:00 DEBUG 3764 --- [Pokade] [           main] com.zaxxer.hikari.HikariConfig           : connectionTimeout...............30000
2026-08-21T20:24:39.366+09:00 DEBUG 3764 --- [Pokade] [           main] com.zaxxer.hikari.HikariConfig           : credentials.....................com.zaxxer.hikari.util.Credentials@276ac94c
2026-08-21T20:24:39.366+09:00 DEBUG 3764 --- [Pokade] [           main] com.zaxxer.hikari.HikariConfig           : credentialsProvider.............none
2026-08-21T20:24:39.366+09:00 DEBUG 3764 --- [Pokade] [           main] com.zaxxer.hikari.HikariConfig           : credentialsProviderClassName....none
2026-08-21T20:24:39.366+09:00 DEBUG 3764 --- [Pokade] [           main] com.zaxxer.hikari.HikariConfig           : dataSource......................none
2026-08-21T20:24:39.366+09:00 DEBUG 3764 --- [Pokade] [           main] com.zaxxer.hikari.HikariConfig           : dataSourceClassName.............none
2026-08-21T20:24:39.367+09:00 DEBUG 3764 --- [Pokade] [           main] com.zaxxer.hikari.HikariConfig           : dataSourceJNDI..................none
2026-08-21T20:24:39.367+09:00 DEBUG 3764 --- [Pokade] [           main] com.zaxxer.hikari.HikariConfig           : dataSourceProperties............{password=<masked>}
2026-08-21T20:24:39.367+09:00 DEBUG 3764 --- [Pokade] [           main] com.zaxxer.hikari.HikariConfig           : driverClassName................."org.postgresql.Driver"
2026-08-21T20:24:39.367+09:00 DEBUG 3764 --- [Pokade] [           main] com.zaxxer.hikari.HikariConfig           : exceptionOverride...............none
2026-08-21T20:24:39.367+09:00 DEBUG 3764 --- [Pokade] [           main] com.zaxxer.hikari.HikariConfig           : exceptionOverrideClassName......none
2026-08-21T20:24:39.367+09:00 DEBUG 3764 --- [Pokade] [           main] com.zaxxer.hikari.HikariConfig           : healthCheckProperties...........{}
2026-08-21T20:24:39.367+09:00 DEBUG 3764 --- [Pokade] [           main] com.zaxxer.hikari.HikariConfig           : healthCheckRegistry.............none
2026-08-21T20:24:39.367+09:00 DEBUG 3764 --- [Pokade] [           main] com.zaxxer.hikari.HikariConfig           : idleTimeout.....................600000
2026-08-21T20:24:39.367+09:00 DEBUG 3764 --- [Pokade] [           main] com.zaxxer.hikari.HikariConfig           : initializationFailTimeout.......1
2026-08-21T20:24:39.368+09:00 DEBUG 3764 --- [Pokade] [           main] com.zaxxer.hikari.HikariConfig           : isolateInternalQueries..........false
2026-08-21T20:24:39.368+09:00 DEBUG 3764 --- [Pokade] [           main] com.zaxxer.hikari.HikariConfig           : jdbcUrl.........................jdbc:postgresql://localhost:5432/pokade
2026-08-21T20:24:39.368+09:00 DEBUG 3764 --- [Pokade] [           main] com.zaxxer.hikari.HikariConfig           : keepaliveTime...................120000
2026-08-21T20:24:39.368+09:00 DEBUG 3764 --- [Pokade] [           main] com.zaxxer.hikari.HikariConfig           : leakDetectionThreshold..........0
2026-08-21T20:24:39.368+09:00 DEBUG 3764 --- [Pokade] [           main] com.zaxxer.hikari.HikariConfig           : maxLifetime.....................1800000
2026-08-21T20:24:39.368+09:00 DEBUG 3764 --- [Pokade] [           main] com.zaxxer.hikari.HikariConfig           : maximumPoolSize.................10
2026-08-21T20:24:39.368+09:00 DEBUG 3764 --- [Pokade] [           main] com.zaxxer.hikari.HikariConfig           : metricRegistry..................none
2026-08-21T20:24:39.368+09:00 DEBUG 3764 --- [Pokade] [           main] com.zaxxer.hikari.HikariConfig           : metricsTrackerFactory...........none
2026-08-21T20:24:39.368+09:00 DEBUG 3764 --- [Pokade] [           main] com.zaxxer.hikari.HikariConfig           : minimumIdle.....................10
2026-08-21T20:24:39.368+09:00 DEBUG 3764 --- [Pokade] [           main] com.zaxxer.hikari.HikariConfig           : password........................<masked>
2026-08-21T20:24:39.368+09:00 DEBUG 3764 --- [Pokade] [           main] com.zaxxer.hikari.HikariConfig           : poolName........................"HikariPool-1"
2026-08-21T20:24:39.368+09:00 DEBUG 3764 --- [Pokade] [           main] com.zaxxer.hikari.HikariConfig           : readOnly........................false
2026-08-21T20:24:39.368+09:00 DEBUG 3764 --- [Pokade] [           main] com.zaxxer.hikari.HikariConfig           : registerMbeans..................false
2026-08-21T20:24:39.368+09:00 DEBUG 3764 --- [Pokade] [           main] com.zaxxer.hikari.HikariConfig           : scheduledExecutor...............none
2026-08-21T20:24:39.368+09:00 DEBUG 3764 --- [Pokade] [           main] com.zaxxer.hikari.HikariConfig           : schema..........................none
2026-08-21T20:24:39.368+09:00 DEBUG 3764 --- [Pokade] [           main] com.zaxxer.hikari.HikariConfig           : threadFactory...................internal
2026-08-21T20:24:39.368+09:00 DEBUG 3764 --- [Pokade] [           main] com.zaxxer.hikari.HikariConfig           : transactionIsolation............default
2026-08-21T20:24:39.368+09:00 DEBUG 3764 --- [Pokade] [           main] com.zaxxer.hikari.HikariConfig           : username........................"pokade"
2026-08-21T20:24:39.369+09:00 DEBUG 3764 --- [Pokade] [           main] com.zaxxer.hikari.HikariConfig           : validationTimeout...............5000
2026-08-21T20:24:39.369+09:00  INFO 3764 --- [Pokade] [           main] com.zaxxer.hikari.HikariDataSource       : HikariPool-1 - Starting...
2026-08-21T20:24:39.375+09:00 DEBUG 3764 --- [Pokade] [           main] com.zaxxer.hikari.pool.PoolBase          : HikariPool-1 - Attempting to create/setup new connection (19fac9a1-2a2e-4375-831d-9dfd8cd14b19)
2026-08-21T20:24:39.396+09:00 DEBUG 3764 --- [Pokade] [           main] com.zaxxer.hikari.pool.PoolBase          : HikariPool-1 - Established new connection (19fac9a1-2a2e-4375-831d-9dfd8cd14b19)
2026-08-21T20:24:39.398+09:00  INFO 3764 --- [Pokade] [           main] com.zaxxer.hikari.pool.HikariPool        : HikariPool-1 - Added connection org.postgresql.jdbc.PgConnection@3c3a8246
2026-08-21T20:24:39.400+09:00  INFO 3764 --- [Pokade] [           main] com.zaxxer.hikari.HikariDataSource       : HikariPool-1 - Start completed.
2026-08-21T20:24:39.465+09:00  INFO 3764 --- [Pokade] [           main] org.hibernate.orm.connections.pooling    : HHH10001005: Database info:
	Database JDBC URL [jdbc:postgresql://localhost:5432/pokade]
	Database driver: PostgreSQL JDBC Driver
	Database dialect: PostgreSQLDialect
	Database version: 17.10
	Default catalog/schema: pokade/public
	Autocommit mode: undefined/unknown
	Isolation level: READ_COMMITTED [default READ_COMMITTED]
	JDBC fetch size: none
	Pool: DataSourceConnectionProvider
	Minimum pool size: undefined/unknown
	Maximum pool size: undefined/unknown
2026-08-21T20:24:39.502+09:00 DEBUG 3764 --- [Pokade] [l-1:housekeeper] com.zaxxer.hikari.pool.HikariPool        : HikariPool-1 - Pool stats (total=1/10, idle=1/10, active=0, waiting=0)
2026-08-21T20:24:39.502+09:00 DEBUG 3764 --- [Pokade] [onnection-adder] com.zaxxer.hikari.pool.PoolBase          : HikariPool-1 - Attempting to create/setup new connection (b3e89e2c-0649-44ec-a6de-b83eb999c80c)
2026-08-21T20:24:39.521+09:00 DEBUG 3764 --- [Pokade] [onnection-adder] com.zaxxer.hikari.pool.PoolBase          : HikariPool-1 - Established new connection (b3e89e2c-0649-44ec-a6de-b83eb999c80c)
2026-08-21T20:24:39.522+09:00 DEBUG 3764 --- [Pokade] [onnection-adder] com.zaxxer.hikari.pool.HikariPool        : HikariPool-1 - Added connection org.postgresql.jdbc.PgConnection@16e660ff
2026-08-21T20:24:39.564+09:00 DEBUG 3764 --- [Pokade] [onnection-adder] com.zaxxer.hikari.pool.HikariPool        : HikariPool-1 - After adding stats (total=2/10, idle=2/10, active=0, waiting=0)
2026-08-21T20:24:39.564+09:00 DEBUG 3764 --- [Pokade] [onnection-adder] com.zaxxer.hikari.pool.PoolBase          : HikariPool-1 - Attempting to create/setup new connection (a7e2e981-b5b5-4f2b-9507-fa318d0ca4e7)
2026-08-21T20:24:39.581+09:00 DEBUG 3764 --- [Pokade] [onnection-adder] com.zaxxer.hikari.pool.PoolBase          : HikariPool-1 - Established new connection (a7e2e981-b5b5-4f2b-9507-fa318d0ca4e7)
2026-08-21T20:24:39.581+09:00 DEBUG 3764 --- [Pokade] [onnection-adder] com.zaxxer.hikari.pool.HikariPool        : HikariPool-1 - Added connection org.postgresql.jdbc.PgConnection@18219c53
2026-08-21T20:24:39.611+09:00 DEBUG 3764 --- [Pokade] [onnection-adder] com.zaxxer.hikari.pool.HikariPool        : HikariPool-1 - After adding stats (total=3/10, idle=3/10, active=0, waiting=0)
2026-08-21T20:24:39.611+09:00 DEBUG 3764 --- [Pokade] [onnection-adder] com.zaxxer.hikari.pool.PoolBase          : HikariPool-1 - Attempting to create/setup new connection (f4b23f4a-8bd5-47af-b2c0-b7e0f2c423b3)
2026-08-21T20:24:39.628+09:00 DEBUG 3764 --- [Pokade] [onnection-adder] com.zaxxer.hikari.pool.PoolBase          : HikariPool-1 - Established new connection (f4b23f4a-8bd5-47af-b2c0-b7e0f2c423b3)
2026-08-21T20:24:39.628+09:00 DEBUG 3764 --- [Pokade] [onnection-adder] com.zaxxer.hikari.pool.HikariPool        : HikariPool-1 - Added connection org.postgresql.jdbc.PgConnection@1c1e0b8f
2026-08-21T20:24:39.673+09:00 DEBUG 3764 --- [Pokade] [onnection-adder] com.zaxxer.hikari.pool.HikariPool        : HikariPool-1 - After adding stats (total=4/10, idle=4/10, active=0, waiting=0)
2026-08-21T20:24:39.673+09:00 DEBUG 3764 --- [Pokade] [onnection-adder] com.zaxxer.hikari.pool.PoolBase          : HikariPool-1 - Attempting to create/setup new connection (a5311f77-4613-4748-b9dd-6bf696a17d75)
2026-08-21T20:24:39.689+09:00 DEBUG 3764 --- [Pokade] [onnection-adder] com.zaxxer.hikari.pool.PoolBase          : HikariPool-1 - Established new connection (a5311f77-4613-4748-b9dd-6bf696a17d75)
2026-08-21T20:24:39.689+09:00 DEBUG 3764 --- [Pokade] [onnection-adder] com.zaxxer.hikari.pool.HikariPool        : HikariPool-1 - Added connection org.postgresql.jdbc.PgConnection@591c9668
2026-08-21T20:24:39.734+09:00 DEBUG 3764 --- [Pokade] [onnection-adder] com.zaxxer.hikari.pool.HikariPool        : HikariPool-1 - After adding stats (total=5/10, idle=5/10, active=0, waiting=0)
2026-08-21T20:24:39.734+09:00 DEBUG 3764 --- [Pokade] [onnection-adder] com.zaxxer.hikari.pool.PoolBase          : HikariPool-1 - Attempting to create/setup new connection (23501506-2559-40df-91b5-ea4093e4c112)
2026-08-21T20:24:39.750+09:00 DEBUG 3764 --- [Pokade] [onnection-adder] com.zaxxer.hikari.pool.PoolBase          : HikariPool-1 - Established new connection (23501506-2559-40df-91b5-ea4093e4c112)
2026-08-21T20:24:39.751+09:00 DEBUG 3764 --- [Pokade] [onnection-adder] com.zaxxer.hikari.pool.HikariPool        : HikariPool-1 - Added connection org.postgresql.jdbc.PgConnection@7cd8f42c
2026-08-21T20:24:39.796+09:00 DEBUG 3764 --- [Pokade] [onnection-adder] com.zaxxer.hikari.pool.HikariPool        : HikariPool-1 - After adding stats (total=6/10, idle=6/10, active=0, waiting=0)
2026-08-21T20:24:39.796+09:00 DEBUG 3764 --- [Pokade] [onnection-adder] com.zaxxer.hikari.pool.PoolBase          : HikariPool-1 - Attempting to create/setup new connection (f7e39af7-b5e8-4dd7-854b-677d24685319)
2026-08-21T20:24:39.814+09:00 DEBUG 3764 --- [Pokade] [onnection-adder] com.zaxxer.hikari.pool.PoolBase          : HikariPool-1 - Established new connection (f7e39af7-b5e8-4dd7-854b-677d24685319)
2026-08-21T20:24:39.814+09:00 DEBUG 3764 --- [Pokade] [onnection-adder] com.zaxxer.hikari.pool.HikariPool        : HikariPool-1 - Added connection org.postgresql.jdbc.PgConnection@688f2ce0
2026-08-21T20:24:39.844+09:00 DEBUG 3764 --- [Pokade] [onnection-adder] com.zaxxer.hikari.pool.HikariPool        : HikariPool-1 - After adding stats (total=7/10, idle=7/10, active=0, waiting=0)
2026-08-21T20:24:39.844+09:00 DEBUG 3764 --- [Pokade] [onnection-adder] com.zaxxer.hikari.pool.PoolBase          : HikariPool-1 - Attempting to create/setup new connection (66b4c1de-38e1-4433-b355-ea4e08a3c4c5)
2026-08-21T20:24:39.862+09:00 DEBUG 3764 --- [Pokade] [onnection-adder] com.zaxxer.hikari.pool.PoolBase          : HikariPool-1 - Established new connection (66b4c1de-38e1-4433-b355-ea4e08a3c4c5)
2026-08-21T20:24:39.862+09:00 DEBUG 3764 --- [Pokade] [onnection-adder] com.zaxxer.hikari.pool.HikariPool        : HikariPool-1 - Added connection org.postgresql.jdbc.PgConnection@4a1100d
2026-08-21T20:24:39.903+09:00 DEBUG 3764 --- [Pokade] [onnection-adder] com.zaxxer.hikari.pool.HikariPool        : HikariPool-1 - After adding stats (total=8/10, idle=8/10, active=0, waiting=0)
2026-08-21T20:24:39.903+09:00 DEBUG 3764 --- [Pokade] [onnection-adder] com.zaxxer.hikari.pool.PoolBase          : HikariPool-1 - Attempting to create/setup new connection (ddb3b41f-c5fe-482c-9213-30c95dcb6c0c)
2026-08-21T20:24:39.922+09:00 DEBUG 3764 --- [Pokade] [onnection-adder] com.zaxxer.hikari.pool.PoolBase          : HikariPool-1 - Established new connection (ddb3b41f-c5fe-482c-9213-30c95dcb6c0c)
2026-08-21T20:24:39.922+09:00 DEBUG 3764 --- [Pokade] [onnection-adder] com.zaxxer.hikari.pool.HikariPool        : HikariPool-1 - Added connection org.postgresql.jdbc.PgConnection@39336927
2026-08-21T20:24:39.964+09:00 DEBUG 3764 --- [Pokade] [onnection-adder] com.zaxxer.hikari.pool.HikariPool        : HikariPool-1 - After adding stats (total=9/10, idle=9/10, active=0, waiting=0)
2026-08-21T20:24:39.965+09:00 DEBUG 3764 --- [Pokade] [onnection-adder] com.zaxxer.hikari.pool.PoolBase          : HikariPool-1 - Attempting to create/setup new connection (27b083ff-679e-4c69-bc2a-4c78162afe30)
2026-08-21T20:24:39.981+09:00 DEBUG 3764 --- [Pokade] [onnection-adder] com.zaxxer.hikari.pool.PoolBase          : HikariPool-1 - Established new connection (27b083ff-679e-4c69-bc2a-4c78162afe30)
2026-08-21T20:24:39.981+09:00 DEBUG 3764 --- [Pokade] [onnection-adder] com.zaxxer.hikari.pool.HikariPool        : HikariPool-1 - Added connection org.postgresql.jdbc.PgConnection@27183b9
2026-08-21T20:24:40.012+09:00 DEBUG 3764 --- [Pokade] [onnection-adder] com.zaxxer.hikari.pool.HikariPool        : HikariPool-1 - After adding stats (total=10/10, idle=10/10, active=0, waiting=0)
2026-08-21T20:24:40.619+09:00  INFO 3764 --- [Pokade] [           main] org.hibernate.orm.core                   : HHH000489: No JTA platform available (set 'hibernate.transaction.jta.platform' to enable JTA platform integration)
2026-08-21T20:24:40.626+09:00  INFO 3764 --- [Pokade] [           main] j.LocalContainerEntityManagerFactoryBean : Initialized JPA EntityManagerFactory for persistence unit 'default'
2026-08-21T20:24:40.749+09:00  INFO 3764 --- [Pokade] [           main] o.s.d.j.r.query.QueryEnhancerFactories   : Hibernate is in classpath; If applicable, HQL parser will be used.
2026-08-21T20:24:45.599+09:00  INFO 3764 --- [Pokade] [           main] o.s.b.a.e.web.EndpointLinksResolver      : Exposing 3 endpoints beneath base path '/actuator'
2026-08-21T20:24:45.673+09:00  INFO 3764 --- [Pokade] [           main] o.s.boot.tomcat.TomcatWebServer          : Tomcat started on port 8080 (http) with context path '/'
2026-08-21T20:24:45.686+09:00  INFO 3764 --- [Pokade] [           main] com.pokade.PokadeApplication             : Started PokadeApplication in 11.556 seconds (process running for 11.985)
2026-08-21T20:24:45.824+09:00 DEBUG 3764 --- [Pokade] [           main] org.hibernate.SQL                        : 
    select
        u1_0.id 
    from
        users u1_0 
    where
        u1_0.email=? 
    fetch
        first ? rows only
Hibernate: 
    select
        u1_0.id 
    from
        users u1_0 
    where
        u1_0.email=? 
    fetch
        first ? rows only
2026-08-21T20:24:45.826+09:00 TRACE 3764 --- [Pokade] [           main] org.hibernate.orm.jdbc.bind              : binding parameter (1:VARCHAR) <- [test1@pokade.com]
2026-08-21T20:24:45.827+09:00 TRACE 3764 --- [Pokade] [           main] org.hibernate.orm.jdbc.bind              : binding parameter (2:INTEGER) <- [1]
2026-08-21T20:24:45.839+09:00 DEBUG 3764 --- [Pokade] [           main] org.hibernate.SQL                        : 
    select
        u1_0.id 
    from
        users u1_0 
    where
        u1_0.email=? 
    fetch
        first ? rows only
Hibernate: 
    select
        u1_0.id 
    from
        users u1_0 
    where
        u1_0.email=? 
    fetch
        first ? rows only
2026-08-21T20:24:45.840+09:00 TRACE 3764 --- [Pokade] [           main] org.hibernate.orm.jdbc.bind              : binding parameter (1:VARCHAR) <- [test2@pokade.com]
2026-08-21T20:24:45.840+09:00 TRACE 3764 --- [Pokade] [           main] org.hibernate.orm.jdbc.bind              : binding parameter (2:INTEGER) <- [1]
2026-08-21T20:24:45.843+09:00 DEBUG 3764 --- [Pokade] [           main] org.hibernate.SQL                        : 
    select
        u1_0.id 
    from
        users u1_0 
    where
        u1_0.email=? 
    fetch
        first ? rows only
Hibernate: 
    select
        u1_0.id 
    from
        users u1_0 
    where
        u1_0.email=? 
    fetch
        first ? rows only
2026-08-21T20:24:45.843+09:00 TRACE 3764 --- [Pokade] [           main] org.hibernate.orm.jdbc.bind              : binding parameter (1:VARCHAR) <- [test3@pokade.com]
2026-08-21T20:24:45.843+09:00 TRACE 3764 --- [Pokade] [           main] org.hibernate.orm.jdbc.bind              : binding parameter (2:INTEGER) <- [1]
2026-08-21T20:24:45.856+09:00 DEBUG 3764 --- [Pokade] [           main] org.hibernate.SQL                        : 
    select
        count(*) 
    from
        pokedex_ko_names pkn1_0
Hibernate: 
    select
        count(*) 
    from
        pokedex_ko_names pkn1_0
2026-08-21T20:24:45.875+09:00 DEBUG 3764 --- [Pokade] [           main] org.hibernate.SQL                        : 
    select
        pkn1_0.pokedex_number,
        pkn1_0.name_en,
        pkn1_0.name_ko,
        pkn1_0.name_ko_chosung 
    from
        pokedex_ko_names pkn1_0
Hibernate: 
    select
        pkn1_0.pokedex_number,
        pkn1_0.name_en,
        pkn1_0.name_ko,
        pkn1_0.name_ko_chosung 
    from
        pokedex_ko_names pkn1_0
2026-08-21T20:24:45.915+09:00  WARN 3764 --- [Pokade] [           main] o.s.core.events.SpringDocAppInitializer  : SpringDoc /v3/api-docs endpoint is enabled by default. To disable it in production, set the property 'springdoc.api-docs.enabled=false'
2026-08-21T20:24:45.915+09:00  WARN 3764 --- [Pokade] [           main] o.s.core.events.SpringDocAppInitializer  : SpringDoc /swagger-ui.html endpoint is enabled by default. To disable it in production, set the property 'springdoc.swagger-ui.enabled=false'
2026-08-21T20:24:46.210+09:00  INFO 3764 --- [Pokade] [nio-8080-exec-1] o.a.c.c.C.[Tomcat].[localhost].[/]       : Initializing Spring DispatcherServlet 'dispatcherServlet'
2026-08-21T20:24:46.210+09:00  INFO 3764 --- [Pokade] [nio-8080-exec-1] o.s.web.servlet.DispatcherServlet        : Initializing Servlet 'dispatcherServlet'
2026-08-21T20:24:46.212+09:00  INFO 3764 --- [Pokade] [nio-8080-exec-1] o.s.web.servlet.DispatcherServlet        : Completed initialization in 2 ms
2026-08-21T20:25:08.573+09:00 DEBUG 3764 --- [Pokade] [nio-8080-exec-9] org.hibernate.SQL                        : 
    select
        n1_0.id,
        n1_0.card_id,
        n1_0.created_at,
        n1_0.is_read,
        n1_0.message,
        n1_0.type,
        n1_0.user_id 
    from
        notifications n1_0 
    where
        n1_0.user_id=? 
    order by
        n1_0.created_at desc 
    fetch
        first ? rows only
Hibernate: 
    select
        n1_0.id,
        n1_0.card_id,
        n1_0.created_at,
        n1_0.is_read,
        n1_0.message,
        n1_0.type,
        n1_0.user_id 
    from
        notifications n1_0 
    where
        n1_0.user_id=? 
    order by
        n1_0.created_at desc 
    fetch
        first ? rows only
2026-08-21T20:25:08.574+09:00 TRACE 3764 --- [Pokade] [nio-8080-exec-9] org.hibernate.orm.jdbc.bind              : binding parameter (1:BIGINT) <- [3]
2026-08-21T20:25:08.574+09:00 TRACE 3764 --- [Pokade] [nio-8080-exec-9] org.hibernate.orm.jdbc.bind              : binding parameter (2:INTEGER) <- [20]
2026-08-21T20:25:08.732+09:00  WARN 3764 --- [Pokade] [nio-8080-exec-9] ration$PageModule$WarningLoggingModifier : Serializing PageImpl instances as-is is not supported, meaning that there is no guarantee about the stability of the resulting JSON structure!
	For a stable JSON structure, please use Spring Data's PagedModel (globally via @EnableSpringDataWebSupport(pageSerializationMode = VIA_DTO))
	or Spring HATEOAS and Spring Data's PagedResourcesAssembler as documented in https://docs.spring.io/spring-data/commons/reference/repositories/core-extensions.html#core.web.pageables.

2026-08-21T20:25:08.745+09:00 DEBUG 3764 --- [Pokade] [io-8080-exec-10] org.hibernate.SQL                        : 
    select
        n1_0.id,
        n1_0.card_id,
        n1_0.created_at,
        n1_0.is_read,
        n1_0.message,
        n1_0.type,
        n1_0.user_id 
    from
        notifications n1_0 
    where
        n1_0.user_id=? 
    order by
        n1_0.created_at desc 
    fetch
        first ? rows only
Hibernate: 
    select
        n1_0.id,
        n1_0.card_id,
        n1_0.created_at,
        n1_0.is_read,
        n1_0.message,
        n1_0.type,
        n1_0.user_id 
    from
        notifications n1_0 
    where
        n1_0.user_id=? 
    order by
        n1_0.created_at desc 
    fetch
        first ? rows only
2026-08-21T20:25:08.745+09:00 TRACE 3764 --- [Pokade] [io-8080-exec-10] org.hibernate.orm.jdbc.bind              : binding parameter (1:BIGINT) <- [3]
2026-08-21T20:25:08.746+09:00 TRACE 3764 --- [Pokade] [io-8080-exec-10] org.hibernate.orm.jdbc.bind              : binding parameter (2:INTEGER) <- [20]
2026-08-21T20:25:09.515+09:00 DEBUG 3764 --- [Pokade] [l-1:housekeeper] com.zaxxer.hikari.pool.HikariPool        : HikariPool-1 - Pool stats (total=10/10, idle=10/10, active=0, waiting=0)
2026-08-21T20:25:09.515+09:00 DEBUG 3764 --- [Pokade] [l-1:housekeeper] com.zaxxer.hikari.pool.HikariPool        : HikariPool-1 - Fill pool skipped, pool has sufficient level or currently being filled.
2026-08-21T20:25:38.480+09:00 DEBUG 3764 --- [Pokade] [nio-8080-exec-7] org.hibernate.SQL                        : 
    select
        n1_0.id,
        n1_0.card_id,
        n1_0.created_at,
        n1_0.is_read,
        n1_0.message,
        n1_0.type,
        n1_0.user_id 
    from
        notifications n1_0 
    where
        n1_0.user_id=? 
    order by
        n1_0.created_at desc 
    fetch
        first ? rows only
Hibernate: 
    select
        n1_0.id,
        n1_0.card_id,
        n1_0.created_at,
        n1_0.is_read,
        n1_0.message,
        n1_0.type,
        n1_0.user_id 
    from
        notifications n1_0 
    where
        n1_0.user_id=? 
    order by
        n1_0.created_at desc 
    fetch
        first ? rows only
2026-08-21T20:25:38.481+09:00 TRACE 3764 --- [Pokade] [nio-8080-exec-7] org.hibernate.orm.jdbc.bind              : binding parameter (1:BIGINT) <- [3]
2026-08-21T20:25:38.481+09:00 TRACE 3764 --- [Pokade] [nio-8080-exec-7] org.hibernate.orm.jdbc.bind              : binding parameter (2:INTEGER) <- [20]
2026-08-21T20:25:38.492+09:00 DEBUG 3764 --- [Pokade] [nio-8080-exec-3] org.hibernate.SQL                        : 
    select
        n1_0.id,
        n1_0.card_id,
        n1_0.created_at,
        n1_0.is_read,
        n1_0.message,
        n1_0.type,
        n1_0.user_id 
    from
        notifications n1_0 
    where
        n1_0.user_id=? 
    order by
        n1_0.created_at desc 
    fetch
        first ? rows only
Hibernate: 
    select
        n1_0.id,
        n1_0.card_id,
        n1_0.created_at,
        n1_0.is_read,
        n1_0.message,
        n1_0.type,
        n1_0.user_id 
    from
        notifications n1_0 
    where
        n1_0.user_id=? 
    order by
        n1_0.created_at desc 
    fetch
        first ? rows only
2026-08-21T20:25:38.492+09:00 TRACE 3764 --- [Pokade] [nio-8080-exec-3] org.hibernate.orm.jdbc.bind              : binding parameter (1:BIGINT) <- [3]
2026-08-21T20:25:38.492+09:00 TRACE 3764 --- [Pokade] [nio-8080-exec-3] org.hibernate.orm.jdbc.bind              : binding parameter (2:INTEGER) <- [20]
2026-08-21T20:25:39.526+09:00 DEBUG 3764 --- [Pokade] [l-1:housekeeper] com.zaxxer.hikari.pool.HikariPool        : HikariPool-1 - Pool stats (total=10/10, idle=10/10, active=0, waiting=0)
2026-08-21T20:25:39.526+09:00 DEBUG 3764 --- [Pokade] [l-1:housekeeper] com.zaxxer.hikari.pool.HikariPool        : HikariPool-1 - Fill pool skipped, pool has sufficient level or currently being filled.
2026-08-21T20:25:53.348+09:00 DEBUG 3764 --- [Pokade] [nio-8080-exec-9] org.hibernate.SQL                        : 
    select
        u1_0.id,
        u1_0.created_at,
        u1_0.deleted_at,
        u1_0.email,
        u1_0.nickname,
        u1_0.nickname_changed_at,
        u1_0.password,
        u1_0.point_balance,
        u1_0.profile_image_url,
        u1_0.provider,
        u1_0.role,
        u1_0.status,
        u1_0.updated_at,
        u1_0.version,
        u1_0.withdrawal_requested_at 
    from
        users u1_0 
    where
        u1_0.email=?
Hibernate: 
    select
        u1_0.id,
        u1_0.created_at,
        u1_0.deleted_at,
        u1_0.email,
        u1_0.nickname,
        u1_0.nickname_changed_at,
        u1_0.password,
        u1_0.point_balance,
        u1_0.profile_image_url,
        u1_0.provider,
        u1_0.role,
        u1_0.status,
        u1_0.updated_at,
        u1_0.version,
        u1_0.withdrawal_requested_at 
    from
        users u1_0 
    where
        u1_0.email=?
2026-08-21T20:25:53.348+09:00 TRACE 3764 --- [Pokade] [nio-8080-exec-9] org.hibernate.orm.jdbc.bind              : binding parameter (1:VARCHAR) <- [seller1@test.com]
2026-08-21T20:26:02.288+09:00 DEBUG 3764 --- [Pokade] [nio-8080-exec-6] org.hibernate.SQL                        : 
    select
        l1_0.card_id,
        avg(t1_0.price) 
    from
        trades t1_0 
    join
        listings l1_0 
            on l1_0.id=t1_0.listing_id 
    where
        l1_0.grade=? 
        and t1_0.status=? 
        and t1_0.confirmed_at>=? 
    group by
        l1_0.card_id
Hibernate: 
    select
        l1_0.card_id,
        avg(t1_0.price) 
    from
        trades t1_0 
    join
        listings l1_0 
            on l1_0.id=t1_0.listing_id 
    where
        l1_0.grade=? 
        and t1_0.status=? 
        and t1_0.confirmed_at>=? 
    group by
        l1_0.card_id
2026-08-21T20:26:02.289+09:00 TRACE 3764 --- [Pokade] [nio-8080-exec-6] org.hibernate.orm.jdbc.bind              : binding parameter (1:VARCHAR) <- [S]
2026-08-21T20:26:02.289+09:00 TRACE 3764 --- [Pokade] [nio-8080-exec-6] org.hibernate.orm.jdbc.bind              : binding parameter (2:VARCHAR) <- [COMPLETED]
2026-08-21T20:26:02.289+09:00 TRACE 3764 --- [Pokade] [nio-8080-exec-6] org.hibernate.orm.jdbc.bind              : binding parameter (3:TIMESTAMP) <- [2026-08-14T20:26:02.275083800]
2026-08-21T20:26:02.303+09:00 DEBUG 3764 --- [Pokade] [nio-8080-exec-6] org.hibernate.SQL                        : 
    select
        l1_0.card_id,
        avg(t1_0.price) 
    from
        trades t1_0 
    join
        listings l1_0 
            on l1_0.id=t1_0.listing_id 
    where
        l1_0.grade=? 
        and t1_0.status=? 
        and t1_0.confirmed_at>=? 
        and t1_0.confirmed_at<? 
    group by
        l1_0.card_id
Hibernate: 
    select
        l1_0.card_id,
        avg(t1_0.price) 
    from
        trades t1_0 
    join
        listings l1_0 
            on l1_0.id=t1_0.listing_id 
    where
        l1_0.grade=? 
        and t1_0.status=? 
        and t1_0.confirmed_at>=? 
        and t1_0.confirmed_at<? 
    group by
        l1_0.card_id
2026-08-21T20:26:02.303+09:00 TRACE 3764 --- [Pokade] [nio-8080-exec-6] org.hibernate.orm.jdbc.bind              : binding parameter (1:VARCHAR) <- [S]
2026-08-21T20:26:02.303+09:00 TRACE 3764 --- [Pokade] [nio-8080-exec-6] org.hibernate.orm.jdbc.bind              : binding parameter (2:VARCHAR) <- [COMPLETED]
2026-08-21T20:26:02.303+09:00 TRACE 3764 --- [Pokade] [nio-8080-exec-6] org.hibernate.orm.jdbc.bind              : binding parameter (3:TIMESTAMP) <- [2026-08-07T20:26:02.275083800]
2026-08-21T20:26:02.304+09:00 TRACE 3764 --- [Pokade] [nio-8080-exec-6] org.hibernate.orm.jdbc.bind              : binding parameter (4:TIMESTAMP) <- [2026-08-14T20:26:02.275083800]
2026-08-21T20:26:02.316+09:00 DEBUG 3764 --- [Pokade] [nio-8080-exec-6] org.hibernate.SQL                        : 
    select
        c1_0.id,
        c1_0.artist,
        c1_0.evolves_from,
        c1_0.expansion_id,
        c1_0.expansion_sort_order,
        c1_0.external_id,
        c1_0.hp,
        c1_0.image_large,
        c1_0.image_medium,
        c1_0.image_small,
        c1_0.language_code,
        c1_0.name,
        c1_0.national_pokedex_numbers,
        c1_0.printed_number,
        c1_0.rarity,
        c1_0.rarity_code,
        c1_0.set_name,
        c1_0.subtypes,
        c1_0.supertype,
        c1_0.synced_at,
        c1_0.types,
        c1_0.view_count 
    from
        cards c1_0 
    where
        c1_0.id in (?, ?, ?, ?, ?)
Hibernate: 
    select
        c1_0.id,
        c1_0.artist,
        c1_0.evolves_from,
        c1_0.expansion_id,
        c1_0.expansion_sort_order,
        c1_0.external_id,
        c1_0.hp,
        c1_0.image_large,
        c1_0.image_medium,
        c1_0.image_small,
        c1_0.language_code,
        c1_0.name,
        c1_0.national_pokedex_numbers,
        c1_0.printed_number,
        c1_0.rarity,
        c1_0.rarity_code,
        c1_0.set_name,
        c1_0.subtypes,
        c1_0.supertype,
        c1_0.synced_at,
        c1_0.types,
        c1_0.view_count 
    from
        cards c1_0 
    where
        c1_0.id in (?, ?, ?, ?, ?)
2026-08-21T20:26:02.316+09:00 TRACE 3764 --- [Pokade] [nio-8080-exec-6] org.hibernate.orm.jdbc.bind              : binding parameter (1:BIGINT) <- [10]
2026-08-21T20:26:02.317+09:00 TRACE 3764 --- [Pokade] [nio-8080-exec-6] org.hibernate.orm.jdbc.bind              : binding parameter (2:BIGINT) <- [2]
2026-08-21T20:26:02.317+09:00 TRACE 3764 --- [Pokade] [nio-8080-exec-6] org.hibernate.orm.jdbc.bind              : binding parameter (3:BIGINT) <- [1]
2026-08-21T20:26:02.317+09:00 TRACE 3764 --- [Pokade] [nio-8080-exec-6] org.hibernate.orm.jdbc.bind              : binding parameter (4:BIGINT) <- [4]
2026-08-21T20:26:02.317+09:00 TRACE 3764 --- [Pokade] [nio-8080-exec-6] org.hibernate.orm.jdbc.bind              : binding parameter (5:BIGINT) <- [9]
2026-08-21T20:26:02.419+09:00 DEBUG 3764 --- [Pokade] [nio-8080-exec-2] org.hibernate.SQL                        : 
    select
        l1_0.card_id,
        avg(t1_0.price) 
    from
        trades t1_0 
    join
        listings l1_0 
            on l1_0.id=t1_0.listing_id 
    where
        l1_0.grade=? 
        and t1_0.status=? 
        and t1_0.confirmed_at>=? 
    group by
        l1_0.card_id
Hibernate: 
    select
        l1_0.card_id,
        avg(t1_0.price) 
    from
        trades t1_0 
    join
        listings l1_0 
            on l1_0.id=t1_0.listing_id 
    where
        l1_0.grade=? 
        and t1_0.status=? 
        and t1_0.confirmed_at>=? 
    group by
        l1_0.card_id
2026-08-21T20:26:02.420+09:00 TRACE 3764 --- [Pokade] [nio-8080-exec-2] org.hibernate.orm.jdbc.bind              : binding parameter (1:VARCHAR) <- [S]
2026-08-21T20:26:02.420+09:00 TRACE 3764 --- [Pokade] [nio-8080-exec-2] org.hibernate.orm.jdbc.bind              : binding parameter (2:VARCHAR) <- [COMPLETED]
2026-08-21T20:26:02.420+09:00 TRACE 3764 --- [Pokade] [nio-8080-exec-2] org.hibernate.orm.jdbc.bind              : binding parameter (3:TIMESTAMP) <- [2026-08-14T20:26:02.418673600]
2026-08-21T20:26:02.423+09:00 DEBUG 3764 --- [Pokade] [nio-8080-exec-2] org.hibernate.SQL                        : 
    select
        l1_0.card_id,
        avg(t1_0.price) 
    from
        trades t1_0 
    join
        listings l1_0 
            on l1_0.id=t1_0.listing_id 
    where
        l1_0.grade=? 
        and t1_0.status=? 
        and t1_0.confirmed_at>=? 
        and t1_0.confirmed_at<? 
    group by
        l1_0.card_id
Hibernate: 
    select
        l1_0.card_id,
        avg(t1_0.price) 
    from
        trades t1_0 
    join
        listings l1_0 
            on l1_0.id=t1_0.listing_id 
    where
        l1_0.grade=? 
        and t1_0.status=? 
        and t1_0.confirmed_at>=? 
        and t1_0.confirmed_at<? 
    group by
        l1_0.card_id
2026-08-21T20:26:02.423+09:00 TRACE 3764 --- [Pokade] [nio-8080-exec-2] org.hibernate.orm.jdbc.bind              : binding parameter (1:VARCHAR) <- [S]
2026-08-21T20:26:02.423+09:00 TRACE 3764 --- [Pokade] [nio-8080-exec-2] org.hibernate.orm.jdbc.bind              : binding parameter (2:VARCHAR) <- [COMPLETED]
2026-08-21T20:26:02.423+09:00 TRACE 3764 --- [Pokade] [nio-8080-exec-2] org.hibernate.orm.jdbc.bind              : binding parameter (3:TIMESTAMP) <- [2026-08-07T20:26:02.418673600]
2026-08-21T20:26:02.423+09:00 TRACE 3764 --- [Pokade] [nio-8080-exec-2] org.hibernate.orm.jdbc.bind              : binding parameter (4:TIMESTAMP) <- [2026-08-14T20:26:02.418673600]
2026-08-21T20:26:02.427+09:00 DEBUG 3764 --- [Pokade] [nio-8080-exec-2] org.hibernate.SQL                        : 
    select
        c1_0.id,
        c1_0.artist,
        c1_0.evolves_from,
        c1_0.expansion_id,
        c1_0.expansion_sort_order,
        c1_0.external_id,
        c1_0.hp,
        c1_0.image_large,
        c1_0.image_medium,
        c1_0.image_small,
        c1_0.language_code,
        c1_0.name,
        c1_0.national_pokedex_numbers,
        c1_0.printed_number,
        c1_0.rarity,
        c1_0.rarity_code,
        c1_0.set_name,
        c1_0.subtypes,
        c1_0.supertype,
        c1_0.synced_at,
        c1_0.types,
        c1_0.view_count 
    from
        cards c1_0 
    where
        c1_0.id in (?, ?, ?, ?, ?)
Hibernate: 
    select
        c1_0.id,
        c1_0.artist,
        c1_0.evolves_from,
        c1_0.expansion_id,
        c1_0.expansion_sort_order,
        c1_0.external_id,
        c1_0.hp,
        c1_0.image_large,
        c1_0.image_medium,
        c1_0.image_small,
        c1_0.language_code,
        c1_0.name,
        c1_0.national_pokedex_numbers,
        c1_0.printed_number,
        c1_0.rarity,
        c1_0.rarity_code,
        c1_0.set_name,
        c1_0.subtypes,
        c1_0.supertype,
        c1_0.synced_at,
        c1_0.types,
        c1_0.view_count 
    from
        cards c1_0 
    where
        c1_0.id in (?, ?, ?, ?, ?)
2026-08-21T20:26:02.427+09:00 TRACE 3764 --- [Pokade] [nio-8080-exec-2] org.hibernate.orm.jdbc.bind              : binding parameter (1:BIGINT) <- [10]
2026-08-21T20:26:02.427+09:00 TRACE 3764 --- [Pokade] [nio-8080-exec-2] org.hibernate.orm.jdbc.bind              : binding parameter (2:BIGINT) <- [2]
2026-08-21T20:26:02.427+09:00 TRACE 3764 --- [Pokade] [nio-8080-exec-2] org.hibernate.orm.jdbc.bind              : binding parameter (3:BIGINT) <- [1]
2026-08-21T20:26:02.427+09:00 TRACE 3764 --- [Pokade] [nio-8080-exec-2] org.hibernate.orm.jdbc.bind              : binding parameter (4:BIGINT) <- [4]
2026-08-21T20:26:02.427+09:00 TRACE 3764 --- [Pokade] [nio-8080-exec-2] org.hibernate.orm.jdbc.bind              : binding parameter (5:BIGINT) <- [9]
2026-08-21T20:26:02.499+09:00 DEBUG 3764 --- [Pokade] [nio-8080-exec-8] org.hibernate.SQL                        : 
    select
        l1_0.card_id,
        avg(t1_0.price) 
    from
        trades t1_0 
    join
        listings l1_0 
            on l1_0.id=t1_0.listing_id 
    where
        l1_0.grade=? 
        and t1_0.status=? 
        and t1_0.confirmed_at>=? 
    group by
        l1_0.card_id
Hibernate: 
    select
        l1_0.card_id,
        avg(t1_0.price) 
    from
        trades t1_0 
    join
        listings l1_0 
            on l1_0.id=t1_0.listing_id 
    where
        l1_0.grade=? 
        and t1_0.status=? 
        and t1_0.confirmed_at>=? 
    group by
        l1_0.card_id
2026-08-21T20:26:02.499+09:00 TRACE 3764 --- [Pokade] [nio-8080-exec-8] org.hibernate.orm.jdbc.bind              : binding parameter (1:VARCHAR) <- [S]
2026-08-21T20:26:02.499+09:00 TRACE 3764 --- [Pokade] [nio-8080-exec-8] org.hibernate.orm.jdbc.bind              : binding parameter (2:VARCHAR) <- [COMPLETED]
2026-08-21T20:26:02.499+09:00 TRACE 3764 --- [Pokade] [nio-8080-exec-8] org.hibernate.orm.jdbc.bind              : binding parameter (3:TIMESTAMP) <- [2026-08-14T20:26:02.499344400]
2026-08-21T20:26:02.503+09:00 DEBUG 3764 --- [Pokade] [nio-8080-exec-8] org.hibernate.SQL                        : 
    select
        l1_0.card_id,
        avg(t1_0.price) 
    from
        trades t1_0 
    join
        listings l1_0 
            on l1_0.id=t1_0.listing_id 
    where
        l1_0.grade=? 
        and t1_0.status=? 
        and t1_0.confirmed_at>=? 
        and t1_0.confirmed_at<? 
    group by
        l1_0.card_id
Hibernate: 
    select
        l1_0.card_id,
        avg(t1_0.price) 
    from
        trades t1_0 
    join
        listings l1_0 
            on l1_0.id=t1_0.listing_id 
    where
        l1_0.grade=? 
        and t1_0.status=? 
        and t1_0.confirmed_at>=? 
        and t1_0.confirmed_at<? 
    group by
        l1_0.card_id
2026-08-21T20:26:02.503+09:00 TRACE 3764 --- [Pokade] [nio-8080-exec-8] org.hibernate.orm.jdbc.bind              : binding parameter (1:VARCHAR) <- [S]
2026-08-21T20:26:02.503+09:00 TRACE 3764 --- [Pokade] [nio-8080-exec-8] org.hibernate.orm.jdbc.bind              : binding parameter (2:VARCHAR) <- [COMPLETED]
2026-08-21T20:26:02.503+09:00 TRACE 3764 --- [Pokade] [nio-8080-exec-8] org.hibernate.orm.jdbc.bind              : binding parameter (3:TIMESTAMP) <- [2026-08-07T20:26:02.499344400]
2026-08-21T20:26:02.503+09:00 TRACE 3764 --- [Pokade] [nio-8080-exec-8] org.hibernate.orm.jdbc.bind              : binding parameter (4:TIMESTAMP) <- [2026-08-14T20:26:02.499344400]
2026-08-21T20:26:02.507+09:00 DEBUG 3764 --- [Pokade] [nio-8080-exec-8] org.hibernate.SQL                        : 
    select
        c1_0.id,
        c1_0.artist,
        c1_0.evolves_from,
        c1_0.expansion_id,
        c1_0.expansion_sort_order,
        c1_0.external_id,
        c1_0.hp,
        c1_0.image_large,
        c1_0.image_medium,
        c1_0.image_small,
        c1_0.language_code,
        c1_0.name,
        c1_0.national_pokedex_numbers,
        c1_0.printed_number,
        c1_0.rarity,
        c1_0.rarity_code,
        c1_0.set_name,
        c1_0.subtypes,
        c1_0.supertype,
        c1_0.synced_at,
        c1_0.types,
        c1_0.view_count 
    from
        cards c1_0 
    where
        c1_0.id in (?, ?, ?, ?, ?)
Hibernate: 
    select
        c1_0.id,
        c1_0.artist,
        c1_0.evolves_from,
        c1_0.expansion_id,
        c1_0.expansion_sort_order,
        c1_0.external_id,
        c1_0.hp,
        c1_0.image_large,
        c1_0.image_medium,
        c1_0.image_small,
        c1_0.language_code,
        c1_0.name,
        c1_0.national_pokedex_numbers,
        c1_0.printed_number,
        c1_0.rarity,
        c1_0.rarity_code,
        c1_0.set_name,
        c1_0.subtypes,
        c1_0.supertype,
        c1_0.synced_at,
        c1_0.types,
        c1_0.view_count 
    from
        cards c1_0 
    where
        c1_0.id in (?, ?, ?, ?, ?)
2026-08-21T20:26:02.507+09:00 TRACE 3764 --- [Pokade] [nio-8080-exec-8] org.hibernate.orm.jdbc.bind              : binding parameter (1:BIGINT) <- [10]
2026-08-21T20:26:02.507+09:00 TRACE 3764 --- [Pokade] [nio-8080-exec-8] org.hibernate.orm.jdbc.bind              : binding parameter (2:BIGINT) <- [2]
2026-08-21T20:26:02.508+09:00 TRACE 3764 --- [Pokade] [nio-8080-exec-8] org.hibernate.orm.jdbc.bind              : binding parameter (3:BIGINT) <- [1]
2026-08-21T20:26:02.508+09:00 TRACE 3764 --- [Pokade] [nio-8080-exec-8] org.hibernate.orm.jdbc.bind              : binding parameter (4:BIGINT) <- [4]
2026-08-21T20:26:02.508+09:00 TRACE 3764 --- [Pokade] [nio-8080-exec-8] org.hibernate.orm.jdbc.bind              : binding parameter (5:BIGINT) <- [9]
2026-08-21T20:26:02.610+09:00 DEBUG 3764 --- [Pokade] [nio-8080-exec-7] org.hibernate.SQL                        : 
    select
        l1_0.card_id,
        avg(t1_0.price) 
    from
        trades t1_0 
    join
        listings l1_0 
            on l1_0.id=t1_0.listing_id 
    where
        l1_0.grade=? 
        and t1_0.status=? 
        and t1_0.confirmed_at>=? 
    group by
        l1_0.card_id
Hibernate: 
    select
        l1_0.card_id,
        avg(t1_0.price) 
    from
        trades t1_0 
    join
        listings l1_0 
            on l1_0.id=t1_0.listing_id 
    where
        l1_0.grade=? 
        and t1_0.status=? 
        and t1_0.confirmed_at>=? 
    group by
        l1_0.card_id
2026-08-21T20:26:02.610+09:00 TRACE 3764 --- [Pokade] [nio-8080-exec-7] org.hibernate.orm.jdbc.bind              : binding parameter (1:VARCHAR) <- [S]
2026-08-21T20:26:02.610+09:00 TRACE 3764 --- [Pokade] [nio-8080-exec-7] org.hibernate.orm.jdbc.bind              : binding parameter (2:VARCHAR) <- [COMPLETED]
2026-08-21T20:26:02.610+09:00 TRACE 3764 --- [Pokade] [nio-8080-exec-7] org.hibernate.orm.jdbc.bind              : binding parameter (3:TIMESTAMP) <- [2026-08-14T20:26:02.610310300]
2026-08-21T20:26:02.613+09:00 DEBUG 3764 --- [Pokade] [nio-8080-exec-7] org.hibernate.SQL                        : 
    select
        l1_0.card_id,
        avg(t1_0.price) 
    from
        trades t1_0 
    join
        listings l1_0 
            on l1_0.id=t1_0.listing_id 
    where
        l1_0.grade=? 
        and t1_0.status=? 
        and t1_0.confirmed_at>=? 
        and t1_0.confirmed_at<? 
    group by
        l1_0.card_id
Hibernate: 
    select
        l1_0.card_id,
        avg(t1_0.price) 
    from
        trades t1_0 
    join
        listings l1_0 
            on l1_0.id=t1_0.listing_id 
    where
        l1_0.grade=? 
        and t1_0.status=? 
        and t1_0.confirmed_at>=? 
        and t1_0.confirmed_at<? 
    group by
        l1_0.card_id
2026-08-21T20:26:02.614+09:00 TRACE 3764 --- [Pokade] [nio-8080-exec-7] org.hibernate.orm.jdbc.bind              : binding parameter (1:VARCHAR) <- [S]
2026-08-21T20:26:02.614+09:00 TRACE 3764 --- [Pokade] [nio-8080-exec-7] org.hibernate.orm.jdbc.bind              : binding parameter (2:VARCHAR) <- [COMPLETED]
2026-08-21T20:26:02.614+09:00 TRACE 3764 --- [Pokade] [nio-8080-exec-7] org.hibernate.orm.jdbc.bind              : binding parameter (3:TIMESTAMP) <- [2026-08-07T20:26:02.610310300]
2026-08-21T20:26:02.614+09:00 TRACE 3764 --- [Pokade] [nio-8080-exec-7] org.hibernate.orm.jdbc.bind              : binding parameter (4:TIMESTAMP) <- [2026-08-14T20:26:02.610310300]
2026-08-21T20:26:02.618+09:00 DEBUG 3764 --- [Pokade] [nio-8080-exec-7] org.hibernate.SQL                        : 
    select
        c1_0.id,
        c1_0.artist,
        c1_0.evolves_from,
        c1_0.expansion_id,
        c1_0.expansion_sort_order,
        c1_0.external_id,
        c1_0.hp,
        c1_0.image_large,
        c1_0.image_medium,
        c1_0.image_small,
        c1_0.language_code,
        c1_0.name,
        c1_0.national_pokedex_numbers,
        c1_0.printed_number,
        c1_0.rarity,
        c1_0.rarity_code,
        c1_0.set_name,
        c1_0.subtypes,
        c1_0.supertype,
        c1_0.synced_at,
        c1_0.types,
        c1_0.view_count 
    from
        cards c1_0 
    where
        c1_0.id in (?, ?, ?, ?, ?)
Hibernate: 
    select
        c1_0.id,
        c1_0.artist,
        c1_0.evolves_from,
        c1_0.expansion_id,
        c1_0.expansion_sort_order,
        c1_0.external_id,
        c1_0.hp,
        c1_0.image_large,
        c1_0.image_medium,
        c1_0.image_small,
        c1_0.language_code,
        c1_0.name,
        c1_0.national_pokedex_numbers,
        c1_0.printed_number,
        c1_0.rarity,
        c1_0.rarity_code,
        c1_0.set_name,
        c1_0.subtypes,
        c1_0.supertype,
        c1_0.synced_at,
        c1_0.types,
        c1_0.view_count 
    from
        cards c1_0 
    where
        c1_0.id in (?, ?, ?, ?, ?)
2026-08-21T20:26:02.618+09:00 TRACE 3764 --- [Pokade] [nio-8080-exec-7] org.hibernate.orm.jdbc.bind              : binding parameter (1:BIGINT) <- [10]
2026-08-21T20:26:02.618+09:00 TRACE 3764 --- [Pokade] [nio-8080-exec-7] org.hibernate.orm.jdbc.bind              : binding parameter (2:BIGINT) <- [2]
2026-08-21T20:26:02.619+09:00 TRACE 3764 --- [Pokade] [nio-8080-exec-7] org.hibernate.orm.jdbc.bind              : binding parameter (3:BIGINT) <- [1]
2026-08-21T20:26:02.619+09:00 TRACE 3764 --- [Pokade] [nio-8080-exec-7] org.hibernate.orm.jdbc.bind              : binding parameter (4:BIGINT) <- [4]
2026-08-21T20:26:02.619+09:00 TRACE 3764 --- [Pokade] [nio-8080-exec-7] org.hibernate.orm.jdbc.bind              : binding parameter (5:BIGINT) <- [9]
2026-08-21T20:26:02.697+09:00 DEBUG 3764 --- [Pokade] [nio-8080-exec-9] org.hibernate.SQL                        : 
    select
        l1_0.card_id,
        avg(t1_0.price) 
    from
        trades t1_0 
    join
        listings l1_0 
            on l1_0.id=t1_0.listing_id 
    where
        l1_0.grade=? 
        and t1_0.status=? 
        and t1_0.confirmed_at>=? 
    group by
        l1_0.card_id
Hibernate: 
    select
        l1_0.card_id,
        avg(t1_0.price) 
    from
        trades t1_0 
    join
        listings l1_0 
            on l1_0.id=t1_0.listing_id 
    where
        l1_0.grade=? 
        and t1_0.status=? 
        and t1_0.confirmed_at>=? 
    group by
        l1_0.card_id
2026-08-21T20:26:02.698+09:00 TRACE 3764 --- [Pokade] [nio-8080-exec-9] org.hibernate.orm.jdbc.bind              : binding parameter (1:VARCHAR) <- [S]
2026-08-21T20:26:02.698+09:00 TRACE 3764 --- [Pokade] [nio-8080-exec-9] org.hibernate.orm.jdbc.bind              : binding parameter (2:VARCHAR) <- [COMPLETED]
2026-08-21T20:26:02.698+09:00 TRACE 3764 --- [Pokade] [nio-8080-exec-9] org.hibernate.orm.jdbc.bind              : binding parameter (3:TIMESTAMP) <- [2026-08-14T20:26:02.696695700]
2026-08-21T20:26:02.701+09:00 DEBUG 3764 --- [Pokade] [nio-8080-exec-9] org.hibernate.SQL                        : 
    select
        l1_0.card_id,
        avg(t1_0.price) 
    from
        trades t1_0 
    join
        listings l1_0 
            on l1_0.id=t1_0.listing_id 
    where
        l1_0.grade=? 
        and t1_0.status=? 
        and t1_0.confirmed_at>=? 
        and t1_0.confirmed_at<? 
    group by
        l1_0.card_id
Hibernate: 
    select
        l1_0.card_id,
        avg(t1_0.price) 
    from
        trades t1_0 
    join
        listings l1_0 
            on l1_0.id=t1_0.listing_id 
    where
        l1_0.grade=? 
        and t1_0.status=? 
        and t1_0.confirmed_at>=? 
        and t1_0.confirmed_at<? 
    group by
        l1_0.card_id
2026-08-21T20:26:02.702+09:00 TRACE 3764 --- [Pokade] [nio-8080-exec-9] org.hibernate.orm.jdbc.bind              : binding parameter (1:VARCHAR) <- [S]
2026-08-21T20:26:02.702+09:00 TRACE 3764 --- [Pokade] [nio-8080-exec-9] org.hibernate.orm.jdbc.bind              : binding parameter (2:VARCHAR) <- [COMPLETED]
2026-08-21T20:26:02.702+09:00 TRACE 3764 --- [Pokade] [nio-8080-exec-9] org.hibernate.orm.jdbc.bind              : binding parameter (3:TIMESTAMP) <- [2026-08-07T20:26:02.696695700]
2026-08-21T20:26:02.702+09:00 TRACE 3764 --- [Pokade] [nio-8080-exec-9] org.hibernate.orm.jdbc.bind              : binding parameter (4:TIMESTAMP) <- [2026-08-14T20:26:02.696695700]
2026-08-21T20:26:02.706+09:00 DEBUG 3764 --- [Pokade] [nio-8080-exec-9] org.hibernate.SQL                        : 
    select
        c1_0.id,
        c1_0.artist,
        c1_0.evolves_from,
        c1_0.expansion_id,
        c1_0.expansion_sort_order,
        c1_0.external_id,
        c1_0.hp,
        c1_0.image_large,
        c1_0.image_medium,
        c1_0.image_small,
        c1_0.language_code,
        c1_0.name,
        c1_0.national_pokedex_numbers,
        c1_0.printed_number,
        c1_0.rarity,
        c1_0.rarity_code,
        c1_0.set_name,
        c1_0.subtypes,
        c1_0.supertype,
        c1_0.synced_at,
        c1_0.types,
        c1_0.view_count 
    from
        cards c1_0 
    where
        c1_0.id in (?, ?, ?, ?, ?)
Hibernate: 
    select
        c1_0.id,
        c1_0.artist,
        c1_0.evolves_from,
        c1_0.expansion_id,
        c1_0.expansion_sort_order,
        c1_0.external_id,
        c1_0.hp,
        c1_0.image_large,
        c1_0.image_medium,
        c1_0.image_small,
        c1_0.language_code,
        c1_0.name,
        c1_0.national_pokedex_numbers,
        c1_0.printed_number,
        c1_0.rarity,
        c1_0.rarity_code,
        c1_0.set_name,
        c1_0.subtypes,
        c1_0.supertype,
        c1_0.synced_at,
        c1_0.types,
        c1_0.view_count 
    from
        cards c1_0 
    where
        c1_0.id in (?, ?, ?, ?, ?)
2026-08-21T20:26:02.707+09:00 TRACE 3764 --- [Pokade] [nio-8080-exec-9] org.hibernate.orm.jdbc.bind              : binding parameter (1:BIGINT) <- [10]
2026-08-21T20:26:02.707+09:00 TRACE 3764 --- [Pokade] [nio-8080-exec-9] org.hibernate.orm.jdbc.bind              : binding parameter (2:BIGINT) <- [2]
2026-08-21T20:26:02.707+09:00 TRACE 3764 --- [Pokade] [nio-8080-exec-9] org.hibernate.orm.jdbc.bind              : binding parameter (3:BIGINT) <- [1]
2026-08-21T20:26:02.707+09:00 TRACE 3764 --- [Pokade] [nio-8080-exec-9] org.hibernate.orm.jdbc.bind              : binding parameter (4:BIGINT) <- [4]
2026-08-21T20:26:02.707+09:00 TRACE 3764 --- [Pokade] [nio-8080-exec-9] org.hibernate.orm.jdbc.bind              : binding parameter (5:BIGINT) <- [9]
2026-08-21T20:26:02.786+09:00 DEBUG 3764 --- [Pokade] [nio-8080-exec-6] org.hibernate.SQL                        : 
    select
        l1_0.card_id,
        avg(t1_0.price) 
    from
        trades t1_0 
    join
        listings l1_0 
            on l1_0.id=t1_0.listing_id 
    where
        l1_0.grade=? 
        and t1_0.status=? 
        and t1_0.confirmed_at>=? 
    group by
        l1_0.card_id
Hibernate: 
    select
        l1_0.card_id,
        avg(t1_0.price) 
    from
        trades t1_0 
    join
        listings l1_0 
            on l1_0.id=t1_0.listing_id 
    where
        l1_0.grade=? 
        and t1_0.status=? 
        and t1_0.confirmed_at>=? 
    group by
        l1_0.card_id
2026-08-21T20:26:02.786+09:00 TRACE 3764 --- [Pokade] [nio-8080-exec-6] org.hibernate.orm.jdbc.bind              : binding parameter (1:VARCHAR) <- [S]
2026-08-21T20:26:02.786+09:00 TRACE 3764 --- [Pokade] [nio-8080-exec-6] org.hibernate.orm.jdbc.bind              : binding parameter (2:VARCHAR) <- [COMPLETED]
2026-08-21T20:26:02.786+09:00 TRACE 3764 --- [Pokade] [nio-8080-exec-6] org.hibernate.orm.jdbc.bind              : binding parameter (3:TIMESTAMP) <- [2026-08-14T20:26:02.785604900]
2026-08-21T20:26:02.789+09:00 DEBUG 3764 --- [Pokade] [nio-8080-exec-6] org.hibernate.SQL                        : 
    select
        l1_0.card_id,
        avg(t1_0.price) 
    from
        trades t1_0 
    join
        listings l1_0 
            on l1_0.id=t1_0.listing_id 
    where
        l1_0.grade=? 
        and t1_0.status=? 
        and t1_0.confirmed_at>=? 
        and t1_0.confirmed_at<? 
    group by
        l1_0.card_id
Hibernate: 
    select
        l1_0.card_id,
        avg(t1_0.price) 
    from
        trades t1_0 
    join
        listings l1_0 
            on l1_0.id=t1_0.listing_id 
    where
        l1_0.grade=? 
        and t1_0.status=? 
        and t1_0.confirmed_at>=? 
        and t1_0.confirmed_at<? 
    group by
        l1_0.card_id
2026-08-21T20:26:02.789+09:00 TRACE 3764 --- [Pokade] [nio-8080-exec-6] org.hibernate.orm.jdbc.bind              : binding parameter (1:VARCHAR) <- [S]
2026-08-21T20:26:02.789+09:00 TRACE 3764 --- [Pokade] [nio-8080-exec-6] org.hibernate.orm.jdbc.bind              : binding parameter (2:VARCHAR) <- [COMPLETED]
2026-08-21T20:26:02.790+09:00 TRACE 3764 --- [Pokade] [nio-8080-exec-6] org.hibernate.orm.jdbc.bind              : binding parameter (3:TIMESTAMP) <- [2026-08-07T20:26:02.785604900]
2026-08-21T20:26:02.790+09:00 TRACE 3764 --- [Pokade] [nio-8080-exec-6] org.hibernate.orm.jdbc.bind              : binding parameter (4:TIMESTAMP) <- [2026-08-14T20:26:02.785604900]
2026-08-21T20:26:02.794+09:00 DEBUG 3764 --- [Pokade] [nio-8080-exec-6] org.hibernate.SQL                        : 
    select
        c1_0.id,
        c1_0.artist,
        c1_0.evolves_from,
        c1_0.expansion_id,
        c1_0.expansion_sort_order,
        c1_0.external_id,
        c1_0.hp,
        c1_0.image_large,
        c1_0.image_medium,
        c1_0.image_small,
        c1_0.language_code,
        c1_0.name,
        c1_0.national_pokedex_numbers,
        c1_0.printed_number,
        c1_0.rarity,
        c1_0.rarity_code,
        c1_0.set_name,
        c1_0.subtypes,
        c1_0.supertype,
        c1_0.synced_at,
        c1_0.types,
        c1_0.view_count 
    from
        cards c1_0 
    where
        c1_0.id in (?, ?, ?, ?, ?)
Hibernate: 
    select
        c1_0.id,
        c1_0.artist,
        c1_0.evolves_from,
        c1_0.expansion_id,
        c1_0.expansion_sort_order,
        c1_0.external_id,
        c1_0.hp,
        c1_0.image_large,
        c1_0.image_medium,
        c1_0.image_small,
        c1_0.language_code,
        c1_0.name,
        c1_0.national_pokedex_numbers,
        c1_0.printed_number,
        c1_0.rarity,
        c1_0.rarity_code,
        c1_0.set_name,
        c1_0.subtypes,
        c1_0.supertype,
        c1_0.synced_at,
        c1_0.types,
        c1_0.view_count 
    from
        cards c1_0 
    where
        c1_0.id in (?, ?, ?, ?, ?)
2026-08-21T20:26:02.794+09:00 TRACE 3764 --- [Pokade] [nio-8080-exec-6] org.hibernate.orm.jdbc.bind              : binding parameter (1:BIGINT) <- [9]
2026-08-21T20:26:02.794+09:00 TRACE 3764 --- [Pokade] [nio-8080-exec-6] org.hibernate.orm.jdbc.bind              : binding parameter (2:BIGINT) <- [4]
2026-08-21T20:26:02.794+09:00 TRACE 3764 --- [Pokade] [nio-8080-exec-6] org.hibernate.orm.jdbc.bind              : binding parameter (3:BIGINT) <- [1]
2026-08-21T20:26:02.794+09:00 TRACE 3764 --- [Pokade] [nio-8080-exec-6] org.hibernate.orm.jdbc.bind              : binding parameter (4:BIGINT) <- [2]
2026-08-21T20:26:02.794+09:00 TRACE 3764 --- [Pokade] [nio-8080-exec-6] org.hibernate.orm.jdbc.bind              : binding parameter (5:BIGINT) <- [10]
2026-08-21T20:26:02.887+09:00 DEBUG 3764 --- [Pokade] [nio-8080-exec-2] org.hibernate.SQL                        : 
    select
        l1_0.card_id,
        avg(t1_0.price) 
    from
        trades t1_0 
    join
        listings l1_0 
            on l1_0.id=t1_0.listing_id 
    where
        l1_0.grade=? 
        and t1_0.status=? 
        and t1_0.confirmed_at>=? 
    group by
        l1_0.card_id
Hibernate: 
    select
        l1_0.card_id,
        avg(t1_0.price) 
    from
        trades t1_0 
    join
        listings l1_0 
            on l1_0.id=t1_0.listing_id 
    where
        l1_0.grade=? 
        and t1_0.status=? 
        and t1_0.confirmed_at>=? 
    group by
        l1_0.card_id
2026-08-21T20:26:02.888+09:00 TRACE 3764 --- [Pokade] [nio-8080-exec-2] org.hibernate.orm.jdbc.bind              : binding parameter (1:VARCHAR) <- [S]
2026-08-21T20:26:02.888+09:00 TRACE 3764 --- [Pokade] [nio-8080-exec-2] org.hibernate.orm.jdbc.bind              : binding parameter (2:VARCHAR) <- [COMPLETED]
2026-08-21T20:26:02.888+09:00 TRACE 3764 --- [Pokade] [nio-8080-exec-2] org.hibernate.orm.jdbc.bind              : binding parameter (3:TIMESTAMP) <- [2026-08-14T20:26:02.887467500]
2026-08-21T20:26:02.892+09:00 DEBUG 3764 --- [Pokade] [nio-8080-exec-2] org.hibernate.SQL                        : 
    select
        l1_0.card_id,
        avg(t1_0.price) 
    from
        trades t1_0 
    join
        listings l1_0 
            on l1_0.id=t1_0.listing_id 
    where
        l1_0.grade=? 
        and t1_0.status=? 
        and t1_0.confirmed_at>=? 
        and t1_0.confirmed_at<? 
    group by
        l1_0.card_id
Hibernate: 
    select
        l1_0.card_id,
        avg(t1_0.price) 
    from
        trades t1_0 
    join
        listings l1_0 
            on l1_0.id=t1_0.listing_id 
    where
        l1_0.grade=? 
        and t1_0.status=? 
        and t1_0.confirmed_at>=? 
        and t1_0.confirmed_at<? 
    group by
        l1_0.card_id
2026-08-21T20:26:02.892+09:00 TRACE 3764 --- [Pokade] [nio-8080-exec-2] org.hibernate.orm.jdbc.bind              : binding parameter (1:VARCHAR) <- [S]
2026-08-21T20:26:02.892+09:00 TRACE 3764 --- [Pokade] [nio-8080-exec-2] org.hibernate.orm.jdbc.bind              : binding parameter (2:VARCHAR) <- [COMPLETED]
2026-08-21T20:26:02.892+09:00 TRACE 3764 --- [Pokade] [nio-8080-exec-2] org.hibernate.orm.jdbc.bind              : binding parameter (3:TIMESTAMP) <- [2026-08-07T20:26:02.887467500]
2026-08-21T20:26:02.892+09:00 TRACE 3764 --- [Pokade] [nio-8080-exec-2] org.hibernate.orm.jdbc.bind              : binding parameter (4:TIMESTAMP) <- [2026-08-14T20:26:02.887467500]
2026-08-21T20:26:02.897+09:00 DEBUG 3764 --- [Pokade] [nio-8080-exec-2] org.hibernate.SQL                        : 
    select
        c1_0.id,
        c1_0.artist,
        c1_0.evolves_from,
        c1_0.expansion_id,
        c1_0.expansion_sort_order,
        c1_0.external_id,
        c1_0.hp,
        c1_0.image_large,
        c1_0.image_medium,
        c1_0.image_small,
        c1_0.language_code,
        c1_0.name,
        c1_0.national_pokedex_numbers,
        c1_0.printed_number,
        c1_0.rarity,
        c1_0.rarity_code,
        c1_0.set_name,
        c1_0.subtypes,
        c1_0.supertype,
        c1_0.synced_at,
        c1_0.types,
        c1_0.view_count 
    from
        cards c1_0 
    where
        c1_0.id in (?, ?, ?, ?, ?)
Hibernate: 
    select
        c1_0.id,
        c1_0.artist,
        c1_0.evolves_from,
        c1_0.expansion_id,
        c1_0.expansion_sort_order,
        c1_0.external_id,
        c1_0.hp,
        c1_0.image_large,
        c1_0.image_medium,
        c1_0.image_small,
        c1_0.language_code,
        c1_0.name,
        c1_0.national_pokedex_numbers,
        c1_0.printed_number,
        c1_0.rarity,
        c1_0.rarity_code,
        c1_0.set_name,
        c1_0.subtypes,
        c1_0.supertype,
        c1_0.synced_at,
        c1_0.types,
        c1_0.view_count 
    from
        cards c1_0 
    where
        c1_0.id in (?, ?, ?, ?, ?)
2026-08-21T20:26:02.898+09:00 TRACE 3764 --- [Pokade] [nio-8080-exec-2] org.hibernate.orm.jdbc.bind              : binding parameter (1:BIGINT) <- [9]
2026-08-21T20:26:02.898+09:00 TRACE 3764 --- [Pokade] [nio-8080-exec-2] org.hibernate.orm.jdbc.bind              : binding parameter (2:BIGINT) <- [4]
2026-08-21T20:26:02.898+09:00 TRACE 3764 --- [Pokade] [nio-8080-exec-2] org.hibernate.orm.jdbc.bind              : binding parameter (3:BIGINT) <- [1]
2026-08-21T20:26:02.898+09:00 TRACE 3764 --- [Pokade] [nio-8080-exec-2] org.hibernate.orm.jdbc.bind              : binding parameter (4:BIGINT) <- [2]
2026-08-21T20:26:02.898+09:00 TRACE 3764 --- [Pokade] [nio-8080-exec-2] org.hibernate.orm.jdbc.bind              : binding parameter (5:BIGINT) <- [10]
2026-08-21T20:26:02.996+09:00 DEBUG 3764 --- [Pokade] [nio-8080-exec-8] org.hibernate.SQL                        : 
    select
        l1_0.card_id,
        avg(t1_0.price) 
    from
        trades t1_0 
    join
        listings l1_0 
            on l1_0.id=t1_0.listing_id 
    where
        l1_0.grade=? 
        and t1_0.status=? 
        and t1_0.confirmed_at>=? 
    group by
        l1_0.card_id
Hibernate: 
    select
        l1_0.card_id,
        avg(t1_0.price) 
    from
        trades t1_0 
    join
        listings l1_0 
            on l1_0.id=t1_0.listing_id 
    where
        l1_0.grade=? 
        and t1_0.status=? 
        and t1_0.confirmed_at>=? 
    group by
        l1_0.card_id
2026-08-21T20:26:02.996+09:00 TRACE 3764 --- [Pokade] [nio-8080-exec-8] org.hibernate.orm.jdbc.bind              : binding parameter (1:VARCHAR) <- [S]
2026-08-21T20:26:02.996+09:00 TRACE 3764 --- [Pokade] [nio-8080-exec-8] org.hibernate.orm.jdbc.bind              : binding parameter (2:VARCHAR) <- [COMPLETED]
2026-08-21T20:26:02.996+09:00 TRACE 3764 --- [Pokade] [nio-8080-exec-8] org.hibernate.orm.jdbc.bind              : binding parameter (3:TIMESTAMP) <- [2026-08-14T20:26:02.995573800]
2026-08-21T20:26:02.999+09:00 DEBUG 3764 --- [Pokade] [nio-8080-exec-8] org.hibernate.SQL                        : 
    select
        l1_0.card_id,
        avg(t1_0.price) 
    from
        trades t1_0 
    join
        listings l1_0 
            on l1_0.id=t1_0.listing_id 
    where
        l1_0.grade=? 
        and t1_0.status=? 
        and t1_0.confirmed_at>=? 
        and t1_0.confirmed_at<? 
    group by
        l1_0.card_id
Hibernate: 
    select
        l1_0.card_id,
        avg(t1_0.price) 
    from
        trades t1_0 
    join
        listings l1_0 
            on l1_0.id=t1_0.listing_id 
    where
        l1_0.grade=? 
        and t1_0.status=? 
        and t1_0.confirmed_at>=? 
        and t1_0.confirmed_at<? 
    group by
        l1_0.card_id
2026-08-21T20:26:02.999+09:00 TRACE 3764 --- [Pokade] [nio-8080-exec-8] org.hibernate.orm.jdbc.bind              : binding parameter (1:VARCHAR) <- [S]
2026-08-21T20:26:02.999+09:00 TRACE 3764 --- [Pokade] [nio-8080-exec-8] org.hibernate.orm.jdbc.bind              : binding parameter (2:VARCHAR) <- [COMPLETED]
2026-08-21T20:26:02.999+09:00 TRACE 3764 --- [Pokade] [nio-8080-exec-8] org.hibernate.orm.jdbc.bind              : binding parameter (3:TIMESTAMP) <- [2026-08-07T20:26:02.995573800]
2026-08-21T20:26:02.999+09:00 TRACE 3764 --- [Pokade] [nio-8080-exec-8] org.hibernate.orm.jdbc.bind              : binding parameter (4:TIMESTAMP) <- [2026-08-14T20:26:02.995573800]
2026-08-21T20:26:03.003+09:00 DEBUG 3764 --- [Pokade] [nio-8080-exec-8] org.hibernate.SQL                        : 
    select
        c1_0.id,
        c1_0.artist,
        c1_0.evolves_from,
        c1_0.expansion_id,
        c1_0.expansion_sort_order,
        c1_0.external_id,
        c1_0.hp,
        c1_0.image_large,
        c1_0.image_medium,
        c1_0.image_small,
        c1_0.language_code,
        c1_0.name,
        c1_0.national_pokedex_numbers,
        c1_0.printed_number,
        c1_0.rarity,
        c1_0.rarity_code,
        c1_0.set_name,
        c1_0.subtypes,
        c1_0.supertype,
        c1_0.synced_at,
        c1_0.types,
        c1_0.view_count 
    from
        cards c1_0 
    where
        c1_0.id in (?, ?, ?, ?, ?)
Hibernate: 
    select
        c1_0.id,
        c1_0.artist,
        c1_0.evolves_from,
        c1_0.expansion_id,
        c1_0.expansion_sort_order,
        c1_0.external_id,
        c1_0.hp,
        c1_0.image_large,
        c1_0.image_medium,
        c1_0.image_small,
        c1_0.language_code,
        c1_0.name,
        c1_0.national_pokedex_numbers,
        c1_0.printed_number,
        c1_0.rarity,
        c1_0.rarity_code,
        c1_0.set_name,
        c1_0.subtypes,
        c1_0.supertype,
        c1_0.synced_at,
        c1_0.types,
        c1_0.view_count 
    from
        cards c1_0 
    where
        c1_0.id in (?, ?, ?, ?, ?)
2026-08-21T20:26:03.004+09:00 TRACE 3764 --- [Pokade] [nio-8080-exec-8] org.hibernate.orm.jdbc.bind              : binding parameter (1:BIGINT) <- [9]
2026-08-21T20:26:03.004+09:00 TRACE 3764 --- [Pokade] [nio-8080-exec-8] org.hibernate.orm.jdbc.bind              : binding parameter (2:BIGINT) <- [4]
2026-08-21T20:26:03.004+09:00 TRACE 3764 --- [Pokade] [nio-8080-exec-8] org.hibernate.orm.jdbc.bind              : binding parameter (3:BIGINT) <- [1]
2026-08-21T20:26:03.004+09:00 TRACE 3764 --- [Pokade] [nio-8080-exec-8] org.hibernate.orm.jdbc.bind              : binding parameter (4:BIGINT) <- [2]
2026-08-21T20:26:03.004+09:00 TRACE 3764 --- [Pokade] [nio-8080-exec-8] org.hibernate.orm.jdbc.bind              : binding parameter (5:BIGINT) <- [10]
2026-08-21T20:26:08.474+09:00 DEBUG 3764 --- [Pokade] [nio-8080-exec-9] org.hibernate.SQL                        : 
    select
        n1_0.id,
        n1_0.card_id,
        n1_0.created_at,
        n1_0.is_read,
        n1_0.message,
        n1_0.type,
        n1_0.user_id 
    from
        notifications n1_0 
    where
        n1_0.user_id=? 
    order by
        n1_0.created_at desc 
    fetch
        first ? rows only
Hibernate: 
    select
        n1_0.id,
        n1_0.card_id,
        n1_0.created_at,
        n1_0.is_read,
        n1_0.message,
        n1_0.type,
        n1_0.user_id 
    from
        notifications n1_0 
    where
        n1_0.user_id=? 
    order by
        n1_0.created_at desc 
    fetch
        first ? rows only
2026-08-21T20:26:08.474+09:00 TRACE 3764 --- [Pokade] [nio-8080-exec-9] org.hibernate.orm.jdbc.bind              : binding parameter (1:BIGINT) <- [3]
2026-08-21T20:26:08.474+09:00 TRACE 3764 --- [Pokade] [nio-8080-exec-9] org.hibernate.orm.jdbc.bind              : binding parameter (2:INTEGER) <- [20]
2026-08-21T20:26:08.488+09:00 DEBUG 3764 --- [Pokade] [io-8080-exec-10] org.hibernate.SQL                        : 
    select
        n1_0.id,
        n1_0.card_id,
        n1_0.created_at,
        n1_0.is_read,
        n1_0.message,
        n1_0.type,
        n1_0.user_id 
    from
        notifications n1_0 
    where
        n1_0.user_id=? 
    order by
        n1_0.created_at desc 
    fetch
        first ? rows only
Hibernate: 
    select
        n1_0.id,
        n1_0.card_id,
        n1_0.created_at,
        n1_0.is_read,
        n1_0.message,
        n1_0.type,
        n1_0.user_id 
    from
        notifications n1_0 
    where
        n1_0.user_id=? 
    order by
        n1_0.created_at desc 
    fetch
        first ? rows only
2026-08-21T20:26:08.488+09:00 TRACE 3764 --- [Pokade] [io-8080-exec-10] org.hibernate.orm.jdbc.bind              : binding parameter (1:BIGINT) <- [3]
2026-08-21T20:26:08.488+09:00 TRACE 3764 --- [Pokade] [io-8080-exec-10] org.hibernate.orm.jdbc.bind              : binding parameter (2:INTEGER) <- [20]
2026-08-21T20:26:09.533+09:00 DEBUG 3764 --- [Pokade] [l-1:housekeeper] com.zaxxer.hikari.pool.HikariPool        : HikariPool-1 - Pool stats (total=10/10, idle=10/10, active=0, waiting=0)
2026-08-21T20:26:09.533+09:00 DEBUG 3764 --- [Pokade] [l-1:housekeeper] com.zaxxer.hikari.pool.HikariPool        : HikariPool-1 - Fill pool skipped, pool has sufficient level or currently being filled.
2026-08-21T20:26:18.371+09:00 DEBUG 3764 --- [Pokade] [l-1:housekeeper] com.zaxxer.hikari.pool.HikariPool        : HikariPool-1 - keepalive: connection org.postgresql.jdbc.PgConnection@27183b9 is alive
2026-08-21T20:26:18.792+09:00 DEBUG 3764 --- [Pokade] [l-1:housekeeper] com.zaxxer.hikari.pool.HikariPool        : HikariPool-1 - keepalive: connection org.postgresql.jdbc.PgConnection@688f2ce0 is alive
2026-08-21T20:26:20.764+09:00 DEBUG 3764 --- [Pokade] [l-1:housekeeper] com.zaxxer.hikari.pool.HikariPool        : HikariPool-1 - keepalive: connection org.postgresql.jdbc.PgConnection@39336927 is alive
2026-08-21T20:26:22.226+09:00 DEBUG 3764 --- [Pokade] [l-1:housekeeper] com.zaxxer.hikari.pool.HikariPool        : HikariPool-1 - keepalive: connection org.postgresql.jdbc.PgConnection@7cd8f42c is alive
2026-08-21T20:26:22.955+09:00 DEBUG 3764 --- [Pokade] [l-1:housekeeper] com.zaxxer.hikari.pool.HikariPool        : HikariPool-1 - keepalive: connection org.postgresql.jdbc.PgConnection@4a1100d is alive
2026-08-21T20:26:25.619+09:00 DEBUG 3764 --- [Pokade] [l-1:housekeeper] com.zaxxer.hikari.pool.HikariPool        : HikariPool-1 - keepalive: connection org.postgresql.jdbc.PgConnection@18219c53 is alive
2026-08-21T20:26:26.268+09:00 DEBUG 3764 --- [Pokade] [l-1:housekeeper] com.zaxxer.hikari.pool.HikariPool        : HikariPool-1 - keepalive: connection org.postgresql.jdbc.PgConnection@3c3a8246 is alive
2026-08-21T20:26:27.758+09:00 DEBUG 3764 --- [Pokade] [l-1:housekeeper] com.zaxxer.hikari.pool.HikariPool        : HikariPool-1 - keepalive: connection org.postgresql.jdbc.PgConnection@591c9668 is alive
2026-08-21T20:26:37.247+09:00 DEBUG 3764 --- [Pokade] [l-1:housekeeper] com.zaxxer.hikari.pool.HikariPool        : HikariPool-1 - keepalive: connection org.postgresql.jdbc.PgConnection@1c1e0b8f is alive
2026-08-21T20:26:38.291+09:00 DEBUG 3764 --- [Pokade] [l-1:housekeeper] com.zaxxer.hikari.pool.HikariPool        : HikariPool-1 - keepalive: connection org.postgresql.jdbc.PgConnection@16e660ff is alive
2026-08-21T20:26:38.472+09:00 DEBUG 3764 --- [Pokade] [nio-8080-exec-5] org.hibernate.SQL                        : 
    select
        n1_0.id,
        n1_0.card_id,
        n1_0.created_at,
        n1_0.is_read,
        n1_0.message,
        n1_0.type,
        n1_0.user_id 
    from
        notifications n1_0 
    where
        n1_0.user_id=? 
    order by
        n1_0.created_at desc 
    fetch
        first ? rows only
Hibernate: 
    select
        n1_0.id,
        n1_0.card_id,
        n1_0.created_at,
        n1_0.is_read,
        n1_0.message,
        n1_0.type,
        n1_0.user_id 
    from
        notifications n1_0 
    where
        n1_0.user_id=? 
    order by
        n1_0.created_at desc 
    fetch
        first ? rows only
2026-08-21T20:26:38.473+09:00 TRACE 3764 --- [Pokade] [nio-8080-exec-5] org.hibernate.orm.jdbc.bind              : binding parameter (1:BIGINT) <- [3]
2026-08-21T20:26:38.473+09:00 TRACE 3764 --- [Pokade] [nio-8080-exec-5] org.hibernate.orm.jdbc.bind              : binding parameter (2:INTEGER) <- [20]
2026-08-21T20:26:38.483+09:00 DEBUG 3764 --- [Pokade] [nio-8080-exec-8] org.hibernate.SQL                        : 
    select
        n1_0.id,
        n1_0.card_id,
        n1_0.created_at,
        n1_0.is_read,
        n1_0.message,
        n1_0.type,
        n1_0.user_id 
    from
        notifications n1_0 
    where
        n1_0.user_id=? 
    order by
        n1_0.created_at desc 
    fetch
        first ? rows only
Hibernate: 
    select
        n1_0.id,
        n1_0.card_id,
        n1_0.created_at,
        n1_0.is_read,
        n1_0.message,
        n1_0.type,
        n1_0.user_id 
    from
        notifications n1_0 
    where
        n1_0.user_id=? 
    order by
        n1_0.created_at desc 
    fetch
        first ? rows only
2026-08-21T20:26:38.483+09:00 TRACE 3764 --- [Pokade] [nio-8080-exec-8] org.hibernate.orm.jdbc.bind              : binding parameter (1:BIGINT) <- [3]
2026-08-21T20:26:38.483+09:00 TRACE 3764 --- [Pokade] [nio-8080-exec-8] org.hibernate.orm.jdbc.bind              : binding parameter (2:INTEGER) <- [20]
2026-08-21T20:26:39.538+09:00 DEBUG 3764 --- [Pokade] [l-1:housekeeper] com.zaxxer.hikari.pool.HikariPool        : HikariPool-1 - Pool stats (total=10/10, idle=10/10, active=0, waiting=0)
2026-08-21T20:26:39.538+09:00 DEBUG 3764 --- [Pokade] [l-1:housekeeper] com.zaxxer.hikari.pool.HikariPool        : HikariPool-1 - Fill pool skipped, pool has sufficient level or currently being filled.
2026-08-21T20:27:08.473+09:00 DEBUG 3764 --- [Pokade] [nio-8080-exec-9] org.hibernate.SQL                        : 
    select
        n1_0.id,
        n1_0.card_id,
        n1_0.created_at,
        n1_0.is_read,
        n1_0.message,
        n1_0.type,
        n1_0.user_id 
    from
        notifications n1_0 
    where
        n1_0.user_id=? 
    order by
        n1_0.created_at desc 
    fetch
        first ? rows only
Hibernate: 
    select
        n1_0.id,
        n1_0.card_id,
        n1_0.created_at,
        n1_0.is_read,
        n1_0.message,
        n1_0.type,
        n1_0.user_id 
    from
        notifications n1_0 
    where
        n1_0.user_id=? 
    order by
        n1_0.created_at desc 
    fetch
        first ? rows only
2026-08-21T20:27:08.473+09:00 TRACE 3764 --- [Pokade] [nio-8080-exec-9] org.hibernate.orm.jdbc.bind              : binding parameter (1:BIGINT) <- [3]
2026-08-21T20:27:08.473+09:00 TRACE 3764 --- [Pokade] [nio-8080-exec-9] org.hibernate.orm.jdbc.bind              : binding parameter (2:INTEGER) <- [20]
2026-08-21T20:27:08.484+09:00 DEBUG 3764 --- [Pokade] [io-8080-exec-10] org.hibernate.SQL                        : 
    select
        n1_0.id,
        n1_0.card_id,
        n1_0.created_at,
        n1_0.is_read,
        n1_0.message,
        n1_0.type,
        n1_0.user_id 
    from
        notifications n1_0 
    where
        n1_0.user_id=? 
    order by
        n1_0.created_at desc 
    fetch
        first ? rows only
Hibernate: 
    select
        n1_0.id,
        n1_0.card_id,
        n1_0.created_at,
        n1_0.is_read,
        n1_0.message,
        n1_0.type,
        n1_0.user_id 
    from
        notifications n1_0 
    where
        n1_0.user_id=? 
    order by
        n1_0.created_at desc 
    fetch
        first ? rows only
2026-08-21T20:27:08.484+09:00 TRACE 3764 --- [Pokade] [io-8080-exec-10] org.hibernate.orm.jdbc.bind              : binding parameter (1:BIGINT) <- [3]
2026-08-21T20:27:08.484+09:00 TRACE 3764 --- [Pokade] [io-8080-exec-10] org.hibernate.orm.jdbc.bind              : binding parameter (2:INTEGER) <- [20]
2026-08-21T20:27:09.549+09:00 DEBUG 3764 --- [Pokade] [l-1:housekeeper] com.zaxxer.hikari.pool.HikariPool        : HikariPool-1 - Pool stats (total=10/10, idle=10/10, active=0, waiting=0)
2026-08-21T20:27:09.549+09:00 DEBUG 3764 --- [Pokade] [l-1:housekeeper] com.zaxxer.hikari.pool.HikariPool        : HikariPool-1 - Fill pool skipped, pool has sufficient level or currently being filled.
2026-08-21T20:27:36.173+09:00 DEBUG 3764 --- [Pokade] [nio-8080-exec-6] org.hibernate.SQL                        : 
    select
        u1_0.id,
        u1_0.created_at,
        u1_0.deleted_at,
        u1_0.email,
        u1_0.nickname,
        u1_0.nickname_changed_at,
        u1_0.password,
        u1_0.point_balance,
        u1_0.profile_image_url,
        u1_0.provider,
        u1_0.role,
        u1_0.status,
        u1_0.updated_at,
        u1_0.version,
        u1_0.withdrawal_requested_at 
    from
        users u1_0 
    where
        u1_0.email=?
Hibernate: 
    select
        u1_0.id,
        u1_0.created_at,
        u1_0.deleted_at,
        u1_0.email,
        u1_0.nickname,
        u1_0.nickname_changed_at,
        u1_0.password,
        u1_0.point_balance,
        u1_0.profile_image_url,
        u1_0.provider,
        u1_0.role,
        u1_0.status,
        u1_0.updated_at,
        u1_0.version,
        u1_0.withdrawal_requested_at 
    from
        users u1_0 
    where
        u1_0.email=?
2026-08-21T20:27:36.173+09:00 TRACE 3764 --- [Pokade] [nio-8080-exec-6] org.hibernate.orm.jdbc.bind              : binding parameter (1:VARCHAR) <- [seller2@test.com]
2026-08-21T20:27:38.471+09:00 DEBUG 3764 --- [Pokade] [nio-8080-exec-8] org.hibernate.SQL                        : 
    select
        n1_0.id,
        n1_0.card_id,
        n1_0.created_at,
        n1_0.is_read,
        n1_0.message,
        n1_0.type,
        n1_0.user_id 
    from
        notifications n1_0 
    where
        n1_0.user_id=? 
    order by
        n1_0.created_at desc 
    fetch
        first ? rows only
Hibernate: 
    select
        n1_0.id,
        n1_0.card_id,
        n1_0.created_at,
        n1_0.is_read,
        n1_0.message,
        n1_0.type,
        n1_0.user_id 
    from
        notifications n1_0 
    where
        n1_0.user_id=? 
    order by
        n1_0.created_at desc 
    fetch
        first ? rows only
2026-08-21T20:27:38.472+09:00 TRACE 3764 --- [Pokade] [nio-8080-exec-8] org.hibernate.orm.jdbc.bind              : binding parameter (1:BIGINT) <- [3]
2026-08-21T20:27:38.472+09:00 TRACE 3764 --- [Pokade] [nio-8080-exec-8] org.hibernate.orm.jdbc.bind              : binding parameter (2:INTEGER) <- [20]
2026-08-21T20:27:38.480+09:00 DEBUG 3764 --- [Pokade] [nio-8080-exec-4] org.hibernate.SQL                        : 
    select
        n1_0.id,
        n1_0.card_id,
        n1_0.created_at,
        n1_0.is_read,
        n1_0.message,
        n1_0.type,
        n1_0.user_id 
    from
        notifications n1_0 
    where
        n1_0.user_id=? 
    order by
        n1_0.created_at desc 
    fetch
        first ? rows only
Hibernate: 
    select
        n1_0.id,
        n1_0.card_id,
        n1_0.created_at,
        n1_0.is_read,
        n1_0.message,
        n1_0.type,
        n1_0.user_id 
    from
        notifications n1_0 
    where
        n1_0.user_id=? 
    order by
        n1_0.created_at desc 
    fetch
        first ? rows only
2026-08-21T20:27:38.481+09:00 TRACE 3764 --- [Pokade] [nio-8080-exec-4] org.hibernate.orm.jdbc.bind              : binding parameter (1:BIGINT) <- [3]
2026-08-21T20:27:38.481+09:00 TRACE 3764 --- [Pokade] [nio-8080-exec-4] org.hibernate.orm.jdbc.bind              : binding parameter (2:INTEGER) <- [20]
2026-08-21T20:27:39.552+09:00 DEBUG 3764 --- [Pokade] [l-1:housekeeper] com.zaxxer.hikari.pool.HikariPool        : HikariPool-1 - Pool stats (total=10/10, idle=10/10, active=0, waiting=0)
2026-08-21T20:27:39.552+09:00 DEBUG 3764 --- [Pokade] [l-1:housekeeper] com.zaxxer.hikari.pool.HikariPool        : HikariPool-1 - Fill pool skipped, pool has sufficient level or currently being filled.
2026-08-21T20:27:54.170+09:00 DEBUG 3764 --- [Pokade] [nio-8080-exec-7] org.hibernate.SQL                        : 
    select
        u1_0.id,
        u1_0.created_at,
        u1_0.deleted_at,
        u1_0.email,
        u1_0.nickname,
        u1_0.nickname_changed_at,
        u1_0.password,
        u1_0.point_balance,
        u1_0.profile_image_url,
        u1_0.provider,
        u1_0.role,
        u1_0.status,
        u1_0.updated_at,
        u1_0.version,
        u1_0.withdrawal_requested_at 
    from
        users u1_0 
    where
        u1_0.id=?
Hibernate: 
    select
        u1_0.id,
        u1_0.created_at,
        u1_0.deleted_at,
        u1_0.email,
        u1_0.nickname,
        u1_0.nickname_changed_at,
        u1_0.password,
        u1_0.point_balance,
        u1_0.profile_image_url,
        u1_0.provider,
        u1_0.role,
        u1_0.status,
        u1_0.updated_at,
        u1_0.version,
        u1_0.withdrawal_requested_at 
    from
        users u1_0 
    where
        u1_0.id=?
2026-08-21T20:27:54.170+09:00 TRACE 3764 --- [Pokade] [nio-8080-exec-7] org.hibernate.orm.jdbc.bind              : binding parameter (1:BIGINT) <- [2]
2026-08-21T20:27:54.173+09:00 DEBUG 3764 --- [Pokade] [nio-8080-exec-7] org.hibernate.SQL                        : 
    select
        l1_0.id,
        l1_0.card_id,
        l1_0.created_at,
        l1_0.grade,
        l1_0.price,
        l1_0.return_address,
        l1_0.return_recipient_name,
        l1_0.return_recipient_phone,
        l1_0.seller_id,
        l1_0.settlement_account_holder,
        l1_0.settlement_account_number,
        l1_0.settlement_bank_name,
        l1_0.stale_notice_sent,
        l1_0.status,
        l1_0.updated_at,
        l1_0.variant_id 
    from
        listings l1_0 
    where
        l1_0.id=?
Hibernate: 
    select
        l1_0.id,
        l1_0.card_id,
        l1_0.created_at,
        l1_0.grade,
        l1_0.price,
        l1_0.return_address,
        l1_0.return_recipient_name,
        l1_0.return_recipient_phone,
        l1_0.seller_id,
        l1_0.settlement_account_holder,
        l1_0.settlement_account_number,
        l1_0.settlement_bank_name,
        l1_0.stale_notice_sent,
        l1_0.status,
        l1_0.updated_at,
        l1_0.variant_id 
    from
        listings l1_0 
    where
        l1_0.id=?
2026-08-21T20:27:54.173+09:00 TRACE 3764 --- [Pokade] [nio-8080-exec-7] org.hibernate.orm.jdbc.bind              : binding parameter (1:BIGINT) <- [1089]
2026-08-21T20:27:54.177+09:00 DEBUG 3764 --- [Pokade] [nio-8080-exec-7] org.hibernate.SQL                        : 
    select
        u1_0.id,
        u1_0.created_at,
        u1_0.deleted_at,
        u1_0.email,
        u1_0.nickname,
        u1_0.nickname_changed_at,
        u1_0.password,
        u1_0.point_balance,
        u1_0.profile_image_url,
        u1_0.provider,
        u1_0.role,
        u1_0.status,
        u1_0.updated_at,
        u1_0.version,
        u1_0.withdrawal_requested_at 
    from
        users u1_0 
    where
        u1_0.id=?
Hibernate: 
    select
        u1_0.id,
        u1_0.created_at,
        u1_0.deleted_at,
        u1_0.email,
        u1_0.nickname,
        u1_0.nickname_changed_at,
        u1_0.password,
        u1_0.point_balance,
        u1_0.profile_image_url,
        u1_0.provider,
        u1_0.role,
        u1_0.status,
        u1_0.updated_at,
        u1_0.version,
        u1_0.withdrawal_requested_at 
    from
        users u1_0 
    where
        u1_0.id=?
2026-08-21T20:27:54.177+09:00 TRACE 3764 --- [Pokade] [nio-8080-exec-7] org.hibernate.orm.jdbc.bind              : binding parameter (1:BIGINT) <- [1]
2026-08-21T20:27:54.199+09:00 DEBUG 3764 --- [Pokade] [nio-8080-exec-7] org.hibernate.SQL                        : 
    insert 
    into
        trade_orders
        (amount, buyer_id, created_at, listing_id, order_id, points_used, recipient_address, recipient_name, recipient_phone, shipping_fee, status) 
    values
        (?, ?, ?, ?, ?, ?, ?, ?, ?, ?, ?)
Hibernate: 
    insert 
    into
        trade_orders
        (amount, buyer_id, created_at, listing_id, order_id, points_used, recipient_address, recipient_name, recipient_phone, shipping_fee, status) 
    values
        (?, ?, ?, ?, ?, ?, ?, ?, ?, ?, ?)
2026-08-21T20:27:54.201+09:00 TRACE 3764 --- [Pokade] [nio-8080-exec-7] org.hibernate.orm.jdbc.bind              : binding parameter (1:INTEGER) <- [283000]
2026-08-21T20:27:54.201+09:00 TRACE 3764 --- [Pokade] [nio-8080-exec-7] org.hibernate.orm.jdbc.bind              : binding parameter (2:BIGINT) <- [2]
2026-08-21T20:27:54.201+09:00 TRACE 3764 --- [Pokade] [nio-8080-exec-7] org.hibernate.orm.jdbc.bind              : binding parameter (3:TIMESTAMP) <- [2026-08-21T20:27:54.192538]
2026-08-21T20:27:54.202+09:00 TRACE 3764 --- [Pokade] [nio-8080-exec-7] org.hibernate.orm.jdbc.bind              : binding parameter (4:BIGINT) <- [1089]
2026-08-21T20:27:54.202+09:00 TRACE 3764 --- [Pokade] [nio-8080-exec-7] org.hibernate.orm.jdbc.bind              : binding parameter (5:VARCHAR) <- [cdc9171a-4d62-48e7-a28f-040ca5bbe68a]
2026-08-21T20:27:54.202+09:00 TRACE 3764 --- [Pokade] [nio-8080-exec-7] org.hibernate.orm.jdbc.bind              : binding parameter (6:INTEGER) <- [100000]
2026-08-21T20:27:54.202+09:00 TRACE 3764 --- [Pokade] [nio-8080-exec-7] org.hibernate.orm.jdbc.bind              : binding parameter (7:VARCHAR) <- [Seoul Gangnam]
2026-08-21T20:27:54.202+09:00 TRACE 3764 --- [Pokade] [nio-8080-exec-7] org.hibernate.orm.jdbc.bind              : binding parameter (8:VARCHAR) <- [Kim]
2026-08-21T20:27:54.202+09:00 TRACE 3764 --- [Pokade] [nio-8080-exec-7] org.hibernate.orm.jdbc.bind              : binding parameter (9:VARCHAR) <- [010-1234-5678]
2026-08-21T20:27:54.202+09:00 TRACE 3764 --- [Pokade] [nio-8080-exec-7] org.hibernate.orm.jdbc.bind              : binding parameter (10:INTEGER) <- [3000]
2026-08-21T20:27:54.202+09:00 TRACE 3764 --- [Pokade] [nio-8080-exec-7] org.hibernate.orm.jdbc.bind              : binding parameter (11:VARCHAR) <- [PENDING]
2026-08-21T20:27:56.764+09:00 DEBUG 3764 --- [Pokade] [l-1:housekeeper] com.zaxxer.hikari.pool.HikariPool        : HikariPool-1 - keepalive: connection org.postgresql.jdbc.PgConnection@27183b9 is alive
2026-08-21T20:27:57.763+09:00 DEBUG 3764 --- [Pokade] [l-1:housekeeper] com.zaxxer.hikari.pool.HikariPool        : HikariPool-1 - keepalive: connection org.postgresql.jdbc.PgConnection@688f2ce0 is alive
2026-08-21T20:28:01.616+09:00 DEBUG 3764 --- [Pokade] [l-1:housekeeper] com.zaxxer.hikari.pool.HikariPool        : HikariPool-1 - keepalive: connection org.postgresql.jdbc.PgConnection@39336927 is alive
2026-08-21T20:28:02.153+09:00 DEBUG 3764 --- [Pokade] [nio-8080-exec-9] org.hibernate.SQL                        : 
    select
        to1_0.id,
        to1_0.amount,
        to1_0.buyer_id,
        to1_0.created_at,
        to1_0.listing_id,
        to1_0.order_id,
        to1_0.points_used,
        to1_0.recipient_address,
        to1_0.recipient_name,
        to1_0.recipient_phone,
        to1_0.shipping_fee,
        to1_0.status 
    from
        trade_orders to1_0 
    where
        to1_0.order_id=?
Hibernate: 
    select
        to1_0.id,
        to1_0.amount,
        to1_0.buyer_id,
        to1_0.created_at,
        to1_0.listing_id,
        to1_0.order_id,
        to1_0.points_used,
        to1_0.recipient_address,
        to1_0.recipient_name,
        to1_0.recipient_phone,
        to1_0.shipping_fee,
        to1_0.status 
    from
        trade_orders to1_0 
    where
        to1_0.order_id=?
2026-08-21T20:28:02.153+09:00 TRACE 3764 --- [Pokade] [nio-8080-exec-9] org.hibernate.orm.jdbc.bind              : binding parameter (1:VARCHAR) <- [cdc9171a-4d62-48e7-a28f-040ca5bbe68a]
2026-08-21T20:28:02.165+09:00 DEBUG 3764 --- [Pokade] [nio-8080-exec-9] org.hibernate.SQL                        : 
    select
        u1_0.id,
        u1_0.created_at,
        u1_0.deleted_at,
        u1_0.email,
        u1_0.nickname,
        u1_0.nickname_changed_at,
        u1_0.password,
        u1_0.point_balance,
        u1_0.profile_image_url,
        u1_0.provider,
        u1_0.role,
        u1_0.status,
        u1_0.updated_at,
        u1_0.version,
        u1_0.withdrawal_requested_at 
    from
        users u1_0 
    where
        u1_0.id=? 
    for
        no key update of u1_0
Hibernate: 
    select
        u1_0.id,
        u1_0.created_at,
        u1_0.deleted_at,
        u1_0.email,
        u1_0.nickname,
        u1_0.nickname_changed_at,
        u1_0.password,
        u1_0.point_balance,
        u1_0.profile_image_url,
        u1_0.provider,
        u1_0.role,
        u1_0.status,
        u1_0.updated_at,
        u1_0.version,
        u1_0.withdrawal_requested_at 
    from
        users u1_0 
    where
        u1_0.id=? 
    for
        no key update of u1_0
2026-08-21T20:28:02.166+09:00 TRACE 3764 --- [Pokade] [nio-8080-exec-9] org.hibernate.orm.jdbc.bind              : binding parameter (1:BIGINT) <- [2]
2026-08-21T20:28:02.169+09:00 DEBUG 3764 --- [Pokade] [nio-8080-exec-9] org.hibernate.SQL                        : 
    insert 
    into
        point_transactions
        (amount, balance_after, created_at, related_grade_result_id, related_trade_id, type, user_id) 
    values
        (?, ?, ?, ?, ?, ?, ?)
Hibernate: 
    insert 
    into
        point_transactions
        (amount, balance_after, created_at, related_grade_result_id, related_trade_id, type, user_id) 
    values
        (?, ?, ?, ?, ?, ?, ?)
2026-08-21T20:28:02.169+09:00 TRACE 3764 --- [Pokade] [nio-8080-exec-9] org.hibernate.orm.jdbc.bind              : binding parameter (1:INTEGER) <- [100000]
2026-08-21T20:28:02.169+09:00 TRACE 3764 --- [Pokade] [nio-8080-exec-9] org.hibernate.orm.jdbc.bind              : binding parameter (2:INTEGER) <- [0]
2026-08-21T20:28:02.169+09:00 TRACE 3764 --- [Pokade] [nio-8080-exec-9] org.hibernate.orm.jdbc.bind              : binding parameter (3:TIMESTAMP) <- [2026-08-21T20:28:02.169524]
2026-08-21T20:28:02.169+09:00 TRACE 3764 --- [Pokade] [nio-8080-exec-9] org.hibernate.orm.jdbc.bind              : binding parameter (4:BIGINT) <- [null]
2026-08-21T20:28:02.169+09:00 TRACE 3764 --- [Pokade] [nio-8080-exec-9] org.hibernate.orm.jdbc.bind              : binding parameter (5:BIGINT) <- [null]
2026-08-21T20:28:02.169+09:00 TRACE 3764 --- [Pokade] [nio-8080-exec-9] org.hibernate.orm.jdbc.bind              : binding parameter (6:VARCHAR) <- [USE]
2026-08-21T20:28:02.170+09:00 TRACE 3764 --- [Pokade] [nio-8080-exec-9] org.hibernate.orm.jdbc.bind              : binding parameter (7:BIGINT) <- [2]
2026-08-21T20:28:02.699+09:00 DEBUG 3764 --- [Pokade] [nio-8080-exec-9] org.hibernate.SQL                        : 
    update
        trade_orders to1_0 
    set
        status='FAILED' 
    where
        to1_0.order_id=? 
        and to1_0.status='PENDING'
Hibernate: 
    update
        trade_orders to1_0 
    set
        status='FAILED' 
    where
        to1_0.order_id=? 
        and to1_0.status='PENDING'
2026-08-21T20:28:02.699+09:00 TRACE 3764 --- [Pokade] [nio-8080-exec-9] org.hibernate.orm.jdbc.bind              : binding parameter (1:VARCHAR) <- [cdc9171a-4d62-48e7-a28f-040ca5bbe68a]
2026-08-21T20:28:02.711+09:00 ERROR 3764 --- [Pokade] [nio-8080-exec-9] c.p.global.aop.ExceptionLoggingAspect    : com.pokade.domain.trade.service.TradeService.confirmPurchase() 예외 발생

com.pokade.global.exception.BusinessException: 결제 시간이 만료되어 결제 진행 데이터가 존재하지 않습니다.
	at com.pokade.domain.point.client.TossPaymentClient.lambda$confirmPayment$0(TossPaymentClient.java:48) ~[main/:na]
	at org.springframework.web.client.StatusHandler.handle(StatusHandler.java:75) ~[spring-web-7.0.8.jar:7.0.8]
	at org.springframework.web.client.DefaultRestClient$DefaultResponseSpec.applyStatusHandlers(DefaultRestClient.java:943) ~[spring-web-7.0.8.jar:7.0.8]
	at org.springframework.web.client.DefaultRestClient$DefaultResponseSpec.lambda$readBody$0(DefaultRestClient.java:932) ~[spring-web-7.0.8.jar:7.0.8]
	at org.springframework.web.client.DefaultRestClient.readWithMessageConverters(DefaultRestClient.java:224) ~[spring-web-7.0.8.jar:7.0.8]
	at org.springframework.web.client.DefaultRestClient$DefaultResponseSpec.readBody(DefaultRestClient.java:931) ~[spring-web-7.0.8.jar:7.0.8]
	at org.springframework.web.client.DefaultRestClient$DefaultResponseSpec.lambda$body$0(DefaultRestClient.java:833) ~[spring-web-7.0.8.jar:7.0.8]
	at org.springframework.web.client.DefaultRestClient$DefaultRequestBodyUriSpec.exchangeInternal(DefaultRestClient.java:617) ~[spring-web-7.0.8.jar:7.0.8]
	at org.springframework.web.client.DefaultRestClient$DefaultRequestBodyUriSpec.exchange(DefaultRestClient.java:572) ~[spring-web-7.0.8.jar:7.0.8]
	at org.springframework.web.client.RestClient$RequestHeadersSpec.exchange(RestClient.java:747) ~[spring-web-7.0.8.jar:7.0.8]
	at org.springframework.web.client.DefaultRestClient$DefaultResponseSpec.executeAndExtract(DefaultRestClient.java:924) ~[spring-web-7.0.8.jar:7.0.8]
	at org.springframework.web.client.DefaultRestClient$DefaultResponseSpec.body(DefaultRestClient.java:833) ~[spring-web-7.0.8.jar:7.0.8]
	at com.pokade.domain.point.client.TossPaymentClient.confirmPayment(TossPaymentClient.java:50) ~[main/:na]
	at com.pokade.domain.trade.service.TradeService.confirmPurchase(TradeService.java:144) ~[main/:na]
	at java.base/jdk.internal.reflect.DirectMethodHandleAccessor.invoke(DirectMethodHandleAccessor.java:103) ~[na:na]
	at java.base/java.lang.reflect.Method.invoke(Method.java:580) ~[na:na]
	at org.springframework.aop.support.AopUtils.invokeJoinpointUsingReflection(AopUtils.java:359) ~[spring-aop-7.0.8.jar:7.0.8]
	at org.springframework.aop.framework.ReflectiveMethodInvocation.invokeJoinpoint(ReflectiveMethodInvocation.java:190) ~[spring-aop-7.0.8.jar:7.0.8]
	at org.springframework.aop.framework.ReflectiveMethodInvocation.proceed(ReflectiveMethodInvocation.java:158) ~[spring-aop-7.0.8.jar:7.0.8]
	at org.springframework.transaction.interceptor.TransactionInterceptor$1.proceedWithInvocation(TransactionInterceptor.java:133) ~[spring-tx-7.0.8.jar:7.0.8]
	at org.springframework.transaction.interceptor.TransactionAspectSupport.invokeWithinTransaction(TransactionAspectSupport.java:371) ~[spring-tx-7.0.8.jar:7.0.8]
	at org.springframework.transaction.interceptor.TransactionInterceptor.invoke(TransactionInterceptor.java:130) ~[spring-tx-7.0.8.jar:7.0.8]
	at org.springframework.aop.framework.ReflectiveMethodInvocation.proceed(ReflectiveMethodInvocation.java:179) ~[spring-aop-7.0.8.jar:7.0.8]
	at org.springframework.aop.aspectj.AspectJAfterThrowingAdvice.invoke(AspectJAfterThrowingAdvice.java:63) ~[spring-aop-7.0.8.jar:7.0.8]
	at org.springframework.aop.framework.ReflectiveMethodInvocation.proceed(ReflectiveMethodInvocation.java:179) ~[spring-aop-7.0.8.jar:7.0.8]
	at org.springframework.aop.aspectj.MethodInvocationProceedingJoinPoint.proceed(MethodInvocationProceedingJoinPoint.java:82) ~[spring-aop-7.0.8.jar:7.0.8]
	at com.pokade.global.aop.ExceptionTranslationAspect.translate(ExceptionTranslationAspect.java:28) ~[main/:na]
	at java.base/jdk.internal.reflect.DirectMethodHandleAccessor.invoke(DirectMethodHandleAccessor.java:103) ~[na:na]
	at java.base/java.lang.reflect.Method.invoke(Method.java:580) ~[na:na]
	at org.springframework.aop.aspectj.AbstractAspectJAdvice.invokeAdviceMethodWithGivenArgs(AbstractAspectJAdvice.java:648) ~[spring-aop-7.0.8.jar:7.0.8]
	at org.springframework.aop.aspectj.AbstractAspectJAdvice.invokeAdviceMethod(AbstractAspectJAdvice.java:630) ~[spring-aop-7.0.8.jar:7.0.8]
	at org.springframework.aop.aspectj.AspectJAroundAdvice.invoke(AspectJAroundAdvice.java:70) ~[spring-aop-7.0.8.jar:7.0.8]
	at org.springframework.aop.framework.ReflectiveMethodInvocation.proceed(ReflectiveMethodInvocation.java:179) ~[spring-aop-7.0.8.jar:7.0.8]
	at org.springframework.aop.interceptor.ExposeInvocationInterceptor.invoke(ExposeInvocationInterceptor.java:96) ~[spring-aop-7.0.8.jar:7.0.8]
	at org.springframework.aop.framework.ReflectiveMethodInvocation.proceed(ReflectiveMethodInvocation.java:179) ~[spring-aop-7.0.8.jar:7.0.8]
	at org.springframework.aop.framework.CglibAopProxy$DynamicAdvisedInterceptor.intercept(CglibAopProxy.java:719) ~[spring-aop-7.0.8.jar:7.0.8]
	at com.pokade.domain.trade.service.TradeService$$SpringCGLIB$$0.confirmPurchase(<generated>) ~[main/:na]
	at com.pokade.domain.trade.controller.TradeController.confirmPurchase(TradeController.java:54) ~[main/:na]
	at java.base/jdk.internal.reflect.DirectMethodHandleAccessor.invoke(DirectMethodHandleAccessor.java:103) ~[na:na]
	at java.base/java.lang.reflect.Method.invoke(Method.java:580) ~[na:na]
	at org.springframework.web.method.support.InvocableHandlerMethod.doInvoke(InvocableHandlerMethod.java:252) ~[spring-web-7.0.8.jar:7.0.8]
	at org.springframework.web.method.support.InvocableHandlerMethod.invokeForRequest(InvocableHandlerMethod.java:184) ~[spring-web-7.0.8.jar:7.0.8]
	at org.springframework.web.servlet.mvc.method.annotation.ServletInvocableHandlerMethod.invokeAndHandle(ServletInvocableHandlerMethod.java:117) ~[spring-webmvc-7.0.8.jar:7.0.8]
	at org.springframework.web.servlet.mvc.method.annotation.RequestMappingHandlerAdapter.invokeHandlerMethod(RequestMappingHandlerAdapter.java:934) ~[spring-webmvc-7.0.8.jar:7.0.8]
	at org.springframework.web.servlet.mvc.method.annotation.RequestMappingHandlerAdapter.handleInternal(RequestMappingHandlerAdapter.java:853) ~[spring-webmvc-7.0.8.jar:7.0.8]
	at org.springframework.web.servlet.mvc.method.AbstractHandlerMethodAdapter.handle(AbstractHandlerMethodAdapter.java:86) ~[spring-webmvc-7.0.8.jar:7.0.8]
	at org.springframework.web.servlet.DispatcherServlet.doDispatch(DispatcherServlet.java:963) ~[spring-webmvc-7.0.8.jar:7.0.8]
	at org.springframework.web.servlet.DispatcherServlet.doService(DispatcherServlet.java:866) ~[spring-webmvc-7.0.8.jar:7.0.8]
	at org.springframework.web.servlet.FrameworkServlet.processRequest(FrameworkServlet.java:1000) ~[spring-webmvc-7.0.8.jar:7.0.8]
	at org.springframework.web.servlet.FrameworkServlet.doPost(FrameworkServlet.java:903) ~[spring-webmvc-7.0.8.jar:7.0.8]
	at jakarta.servlet.http.HttpServlet.service(HttpServlet.java:649) ~[tomcat-embed-core-11.0.22.jar:6.1]
	at org.springframework.web.servlet.FrameworkServlet.service(FrameworkServlet.java:874) ~[spring-webmvc-7.0.8.jar:7.0.8]
	at jakarta.servlet.http.HttpServlet.service(HttpServlet.java:710) ~[tomcat-embed-core-11.0.22.jar:6.1]
	at org.apache.catalina.core.ApplicationFilterChain.doFilter(ApplicationFilterChain.java:128) ~[tomcat-embed-core-11.0.22.jar:11.0.22]
	at org.apache.tomcat.websocket.server.WsFilter.doFilter(WsFilter.java:53) ~[tomcat-embed-websocket-11.0.22.jar:11.0.22]
	at org.apache.catalina.core.ApplicationFilterChain.doFilter(ApplicationFilterChain.java:107) ~[tomcat-embed-core-11.0.22.jar:11.0.22]
	at org.springframework.web.filter.OncePerRequestFilter.doFilter(OncePerRequestFilter.java:110) ~[spring-web-7.0.8.jar:7.0.8]
	at org.apache.catalina.core.ApplicationFilterChain.doFilter(ApplicationFilterChain.java:107) ~[tomcat-embed-core-11.0.22.jar:11.0.22]
	at org.springframework.web.filter.CompositeFilter$VirtualFilterChain.doFilter(CompositeFilter.java:108) ~[spring-web-7.0.8.jar:7.0.8]
	at org.springframework.security.web.FilterChainProxy.lambda$doFilterInternal$3(FilterChainProxy.java:235) ~[spring-security-web-7.0.6.jar:7.0.6]
	at org.springframework.security.web.ObservationFilterChainDecorator$FilterObservation$SimpleFilterObservation.lambda$wrap$1(ObservationFilterChainDecorator.java:493) ~[spring-security-web-7.0.6.jar:7.0.6]
	at org.springframework.security.web.ObservationFilterChainDecorator$AroundFilterObservation$SimpleAroundFilterObservation.lambda$wrap$1(ObservationFilterChainDecorator.java:354) ~[spring-security-web-7.0.6.jar:7.0.6]
	at org.springframework.security.web.ObservationFilterChainDecorator.lambda$wrapSecured$0(ObservationFilterChainDecorator.java:86) ~[spring-security-web-7.0.6.jar:7.0.6]
	at org.springframework.security.web.ObservationFilterChainDecorator$VirtualFilterChain.doFilter(ObservationFilterChainDecorator.java:132) ~[spring-security-web-7.0.6.jar:7.0.6]
	at org.springframework.security.web.access.intercept.AuthorizationFilter.doFilter(AuthorizationFilter.java:101) ~[spring-security-web-7.0.6.jar:7.0.6]
	at org.springframework.security.web.ObservationFilterChainDecorator$ObservationFilter.wrapFilter(ObservationFilterChainDecorator.java:244) ~[spring-security-web-7.0.6.jar:7.0.6]
	at org.springframework.security.web.ObservationFilterChainDecorator$ObservationFilter.doFilter(ObservationFilterChainDecorator.java:231) ~[spring-security-web-7.0.6.jar:7.0.6]
	at org.springframework.security.web.ObservationFilterChainDecorator$VirtualFilterChain.doFilter(ObservationFilterChainDecorator.java:141) ~[spring-security-web-7.0.6.jar:7.0.6]
	at org.springframework.security.web.access.ExceptionTranslationFilter.doFilter(ExceptionTranslationFilter.java:126) ~[spring-security-web-7.0.6.jar:7.0.6]
	at org.springframework.security.web.access.ExceptionTranslationFilter.doFilter(ExceptionTranslationFilter.java:120) ~[spring-security-web-7.0.6.jar:7.0.6]
	at org.springframework.security.web.ObservationFilterChainDecorator$ObservationFilter.wrapFilter(ObservationFilterChainDecorator.java:244) ~[spring-security-web-7.0.6.jar:7.0.6]
	at org.springframework.security.web.ObservationFilterChainDecorator$ObservationFilter.doFilter(ObservationFilterChainDecorator.java:231) ~[spring-security-web-7.0.6.jar:7.0.6]
	at org.springframework.security.web.ObservationFilterChainDecorator$VirtualFilterChain.doFilter(ObservationFilterChainDecorator.java:141) ~[spring-security-web-7.0.6.jar:7.0.6]
	at org.springframework.security.web.session.SessionManagementFilter.doFilter(SessionManagementFilter.java:132) ~[spring-security-web-7.0.6.jar:7.0.6]
	at org.springframework.security.web.session.SessionManagementFilter.doFilter(SessionManagementFilter.java:86) ~[spring-security-web-7.0.6.jar:7.0.6]
	at org.springframework.security.web.ObservationFilterChainDecorator$ObservationFilter.wrapFilter(ObservationFilterChainDecorator.java:244) ~[spring-security-web-7.0.6.jar:7.0.6]
	at org.springframework.security.web.ObservationFilterChainDecorator$ObservationFilter.doFilter(ObservationFilterChainDecorator.java:231) ~[spring-security-web-7.0.6.jar:7.0.6]
	at org.springframework.security.web.ObservationFilterChainDecorator$VirtualFilterChain.doFilter(ObservationFilterChainDecorator.java:141) ~[spring-security-web-7.0.6.jar:7.0.6]
	at org.springframework.security.web.authentication.AnonymousAuthenticationFilter.doFilter(AnonymousAuthenticationFilter.java:100) ~[spring-security-web-7.0.6.jar:7.0.6]
	at org.springframework.security.web.ObservationFilterChainDecorator$ObservationFilter.wrapFilter(ObservationFilterChainDecorator.java:244) ~[spring-security-web-7.0.6.jar:7.0.6]
	at org.springframework.security.web.ObservationFilterChainDecorator$ObservationFilter.doFilter(ObservationFilterChainDecorator.java:231) ~[spring-security-web-7.0.6.jar:7.0.6]
	at org.springframework.security.web.ObservationFilterChainDecorator$VirtualFilterChain.doFilter(ObservationFilterChainDecorator.java:141) ~[spring-security-web-7.0.6.jar:7.0.6]
	at org.springframework.security.web.servletapi.SecurityContextHolderAwareRequestFilter.doFilter(SecurityContextHolderAwareRequestFilter.java:181) ~[spring-security-web-7.0.6.jar:7.0.6]
	at org.springframework.security.web.ObservationFilterChainDecorator$ObservationFilter.wrapFilter(ObservationFilterChainDecorator.java:244) ~[spring-security-web-7.0.6.jar:7.0.6]
	at org.springframework.security.web.ObservationFilterChainDecorator$ObservationFilter.doFilter(ObservationFilterChainDecorator.java:231) ~[spring-security-web-7.0.6.jar:7.0.6]
	at org.springframework.security.web.ObservationFilterChainDecorator$VirtualFilterChain.doFilter(ObservationFilterChainDecorator.java:141) ~[spring-security-web-7.0.6.jar:7.0.6]
	at org.springframework.security.web.savedrequest.RequestCacheAwareFilter.doFilter(RequestCacheAwareFilter.java:63) ~[spring-security-web-7.0.6.jar:7.0.6]
	at org.springframework.security.web.ObservationFilterChainDecorator$ObservationFilter.wrapFilter(ObservationFilterChainDecorator.java:244) ~[spring-security-web-7.0.6.jar:7.0.6]
	at org.springframework.security.web.ObservationFilterChainDecorator$ObservationFilter.doFilter(ObservationFilterChainDecorator.java:231) ~[spring-security-web-7.0.6.jar:7.0.6]
	at org.springframework.security.web.ObservationFilterChainDecorator$VirtualFilterChain.doFilter(ObservationFilterChainDecorator.java:141) ~[spring-security-web-7.0.6.jar:7.0.6]
	at com.pokade.global.security.JwtAuthenticationFilter.doFilterInternal(JwtAuthenticationFilter.java:46) ~[main/:na]
	at org.springframework.web.filter.OncePerRequestFilter.doFilter(OncePerRequestFilter.java:116) ~[spring-web-7.0.8.jar:7.0.8]
	at org.springframework.security.web.ObservationFilterChainDecorator$ObservationFilter.wrapFilter(ObservationFilterChainDecorator.java:244) ~[spring-security-web-7.0.6.jar:7.0.6]
	at org.springframework.security.web.ObservationFilterChainDecorator$ObservationFilter.doFilter(ObservationFilterChainDecorator.java:231) ~[spring-security-web-7.0.6.jar:7.0.6]
	at org.springframework.security.web.ObservationFilterChainDecorator$VirtualFilterChain.doFilter(ObservationFilterChainDecorator.java:141) ~[spring-security-web-7.0.6.jar:7.0.6]
	at org.springframework.security.web.authentication.AbstractAuthenticationProcessingFilter.doFilter(AbstractAuthenticationProcessingFilter.java:245) ~[spring-security-web-7.0.6.jar:7.0.6]
	at org.springframework.security.web.authentication.AbstractAuthenticationProcessingFilter.doFilter(AbstractAuthenticationProcessingFilter.java:239) ~[spring-security-web-7.0.6.jar:7.0.6]
	at org.springframework.security.web.ObservationFilterChainDecorator$ObservationFilter.wrapFilter(ObservationFilterChainDecorator.java:244) ~[spring-security-web-7.0.6.jar:7.0.6]
	at org.springframework.security.web.ObservationFilterChainDecorator$ObservationFilter.doFilter(ObservationFilterChainDecorator.java:231) ~[spring-security-web-7.0.6.jar:7.0.6]
	at org.springframework.security.web.ObservationFilterChainDecorator$VirtualFilterChain.doFilter(ObservationFilterChainDecorator.java:141) ~[spring-security-web-7.0.6.jar:7.0.6]
	at org.springframework.security.oauth2.client.web.OAuth2AuthorizationRequestRedirectFilter.doFilterInternal(OAuth2AuthorizationRequestRedirectFilter.java:195) ~[spring-security-oauth2-client-7.0.6.jar:7.0.6]
	at org.springframework.web.filter.OncePerRequestFilter.doFilter(OncePerRequestFilter.java:116) ~[spring-web-7.0.8.jar:7.0.8]
	at org.springframework.security.web.ObservationFilterChainDecorator$ObservationFilter.wrapFilter(ObservationFilterChainDecorator.java:244) ~[spring-security-web-7.0.6.jar:7.0.6]
	at org.springframework.security.web.ObservationFilterChainDecorator$ObservationFilter.doFilter(ObservationFilterChainDecorator.java:231) ~[spring-security-web-7.0.6.jar:7.0.6]
	at org.springframework.security.web.ObservationFilterChainDecorator$VirtualFilterChain.doFilter(ObservationFilterChainDecorator.java:141) ~[spring-security-web-7.0.6.jar:7.0.6]
	at org.springframework.web.filter.CorsFilter.doFilterInternal(CorsFilter.java:91) ~[spring-web-7.0.8.jar:7.0.8]
	at org.springframework.web.filter.OncePerRequestFilter.doFilter(OncePerRequestFilter.java:116) ~[spring-web-7.0.8.jar:7.0.8]
	at org.springframework.security.web.ObservationFilterChainDecorator$ObservationFilter.wrapFilter(ObservationFilterChainDecorator.java:244) ~[spring-security-web-7.0.6.jar:7.0.6]
	at org.springframework.security.web.ObservationFilterChainDecorator$ObservationFilter.doFilter(ObservationFilterChainDecorator.java:231) ~[spring-security-web-7.0.6.jar:7.0.6]
	at org.springframework.security.web.ObservationFilterChainDecorator$VirtualFilterChain.doFilter(ObservationFilterChainDecorator.java:141) ~[spring-security-web-7.0.6.jar:7.0.6]
	at org.springframework.security.web.header.HeaderWriterFilter.doHeadersAfter(HeaderWriterFilter.java:90) ~[spring-security-web-7.0.6.jar:7.0.6]
	at org.springframework.security.web.header.HeaderWriterFilter.doFilterInternal(HeaderWriterFilter.java:75) ~[spring-security-web-7.0.6.jar:7.0.6]
	at org.springframework.web.filter.OncePerRequestFilter.doFilter(OncePerRequestFilter.java:116) ~[spring-web-7.0.8.jar:7.0.8]
	at org.springframework.security.web.ObservationFilterChainDecorator$ObservationFilter.wrapFilter(ObservationFilterChainDecorator.java:244) ~[spring-security-web-7.0.6.jar:7.0.6]
	at org.springframework.security.web.ObservationFilterChainDecorator$ObservationFilter.doFilter(ObservationFilterChainDecorator.java:231) ~[spring-security-web-7.0.6.jar:7.0.6]
	at org.springframework.security.web.ObservationFilterChainDecorator$VirtualFilterChain.doFilter(ObservationFilterChainDecorator.java:141) ~[spring-security-web-7.0.6.jar:7.0.6]
	at org.springframework.security.web.context.SecurityContextHolderFilter.doFilter(SecurityContextHolderFilter.java:82) ~[spring-security-web-7.0.6.jar:7.0.6]
	at org.springframework.security.web.context.SecurityContextHolderFilter.doFilter(SecurityContextHolderFilter.java:69) ~[spring-security-web-7.0.6.jar:7.0.6]
	at org.springframework.security.web.ObservationFilterChainDecorator$ObservationFilter.wrapFilter(ObservationFilterChainDecorator.java:244) ~[spring-security-web-7.0.6.jar:7.0.6]
	at org.springframework.security.web.ObservationFilterChainDecorator$ObservationFilter.doFilter(ObservationFilterChainDecorator.java:231) ~[spring-security-web-7.0.6.jar:7.0.6]
	at org.springframework.security.web.ObservationFilterChainDecorator$VirtualFilterChain.doFilter(ObservationFilterChainDecorator.java:141) ~[spring-security-web-7.0.6.jar:7.0.6]
	at org.springframework.security.web.context.request.async.WebAsyncManagerIntegrationFilter.doFilterInternal(WebAsyncManagerIntegrationFilter.java:62) ~[spring-security-web-7.0.6.jar:7.0.6]
	at org.springframework.web.filter.OncePerRequestFilter.doFilter(OncePerRequestFilter.java:116) ~[spring-web-7.0.8.jar:7.0.8]
	at org.springframework.security.web.ObservationFilterChainDecorator$ObservationFilter.wrapFilter(ObservationFilterChainDecorator.java:244) ~[spring-security-web-7.0.6.jar:7.0.6]
	at org.springframework.security.web.ObservationFilterChainDecorator$ObservationFilter.doFilter(ObservationFilterChainDecorator.java:231) ~[spring-security-web-7.0.6.jar:7.0.6]
	at org.springframework.security.web.ObservationFilterChainDecorator$VirtualFilterChain.doFilter(ObservationFilterChainDecorator.java:141) ~[spring-security-web-7.0.6.jar:7.0.6]
	at org.springframework.security.web.session.DisableEncodeUrlFilter.doFilterInternal(DisableEncodeUrlFilter.java:42) ~[spring-security-web-7.0.6.jar:7.0.6]
	at org.springframework.web.filter.OncePerRequestFilter.doFilter(OncePerRequestFilter.java:116) ~[spring-web-7.0.8.jar:7.0.8]
	at org.springframework.security.web.ObservationFilterChainDecorator$ObservationFilter.wrapFilter(ObservationFilterChainDecorator.java:244) ~[spring-security-web-7.0.6.jar:7.0.6]
	at org.springframework.security.web.ObservationFilterChainDecorator$AroundFilterObservation$SimpleAroundFilterObservation.lambda$wrap$0(ObservationFilterChainDecorator.java:337) ~[spring-security-web-7.0.6.jar:7.0.6]
	at org.springframework.security.web.ObservationFilterChainDecorator$ObservationFilter.doFilter(ObservationFilterChainDecorator.java:228) ~[spring-security-web-7.0.6.jar:7.0.6]
	at org.springframework.security.web.ObservationFilterChainDecorator$VirtualFilterChain.doFilter(ObservationFilterChainDecorator.java:141) ~[spring-security-web-7.0.6.jar:7.0.6]
	at org.springframework.security.web.FilterChainProxy.doFilterInternal(FilterChainProxy.java:237) ~[spring-security-web-7.0.6.jar:7.0.6]
	at org.springframework.security.web.FilterChainProxy.doFilter(FilterChainProxy.java:195) ~[spring-security-web-7.0.6.jar:7.0.6]
	at org.springframework.web.filter.CompositeFilter$VirtualFilterChain.doFilter(CompositeFilter.java:113) ~[spring-web-7.0.8.jar:7.0.8]
	at org.springframework.web.filter.ServletRequestPathFilter.doFilter(ServletRequestPathFilter.java:52) ~[spring-web-7.0.8.jar:7.0.8]
	at org.springframework.web.filter.CompositeFilter$VirtualFilterChain.doFilter(CompositeFilter.java:113) ~[spring-web-7.0.8.jar:7.0.8]
	at org.springframework.web.filter.CompositeFilter.doFilter(CompositeFilter.java:74) ~[spring-web-7.0.8.jar:7.0.8]
	at org.springframework.security.config.annotation.web.configuration.WebSecurityConfiguration$CompositeFilterChainProxy.doFilter(WebSecurityConfiguration.java:317) ~[spring-security-config-7.0.6.jar:7.0.6]
	at org.springframework.web.filter.DelegatingFilterProxy.invokeDelegate(DelegatingFilterProxy.java:355) ~[spring-web-7.0.8.jar:7.0.8]
	at org.springframework.web.filter.DelegatingFilterProxy.doFilter(DelegatingFilterProxy.java:272) ~[spring-web-7.0.8.jar:7.0.8]
	at org.apache.catalina.core.ApplicationFilterChain.doFilter(ApplicationFilterChain.java:107) ~[tomcat-embed-core-11.0.22.jar:11.0.22]
	at org.springframework.web.filter.RequestContextFilter.doFilterInternal(RequestContextFilter.java:100) ~[spring-web-7.0.8.jar:7.0.8]
	at org.springframework.web.filter.OncePerRequestFilter.doFilter(OncePerRequestFilter.java:116) ~[spring-web-7.0.8.jar:7.0.8]
	at org.apache.catalina.core.ApplicationFilterChain.doFilter(ApplicationFilterChain.java:107) ~[tomcat-embed-core-11.0.22.jar:11.0.22]
	at org.springframework.web.filter.FormContentFilter.doFilterInternal(FormContentFilter.java:93) ~[spring-web-7.0.8.jar:7.0.8]
	at org.springframework.web.filter.OncePerRequestFilter.doFilter(OncePerRequestFilter.java:116) ~[spring-web-7.0.8.jar:7.0.8]
	at org.apache.catalina.core.ApplicationFilterChain.doFilter(ApplicationFilterChain.java:107) ~[tomcat-embed-core-11.0.22.jar:11.0.22]
	at org.springframework.web.filter.ServerHttpObservationFilter.doFilterInternal(ServerHttpObservationFilter.java:110) ~[spring-web-7.0.8.jar:7.0.8]
	at org.springframework.web.filter.OncePerRequestFilter.doFilter(OncePerRequestFilter.java:116) ~[spring-web-7.0.8.jar:7.0.8]
	at org.apache.catalina.core.ApplicationFilterChain.doFilter(ApplicationFilterChain.java:107) ~[tomcat-embed-core-11.0.22.jar:11.0.22]
	at org.springframework.web.filter.CharacterEncodingFilter.doFilterInternal(CharacterEncodingFilter.java:199) ~[spring-web-7.0.8.jar:7.0.8]
	at org.springframework.web.filter.OncePerRequestFilter.doFilter(OncePerRequestFilter.java:116) ~[spring-web-7.0.8.jar:7.0.8]
	at org.apache.catalina.core.ApplicationFilterChain.doFilter(ApplicationFilterChain.java:107) ~[tomcat-embed-core-11.0.22.jar:11.0.22]
	at org.springframework.web.filter.OncePerRequestFilter.doFilter(OncePerRequestFilter.java:101) ~[spring-web-7.0.8.jar:7.0.8]
	at org.apache.catalina.core.ApplicationFilterChain.doFilter(ApplicationFilterChain.java:107) ~[tomcat-embed-core-11.0.22.jar:11.0.22]
	at org.apache.catalina.core.StandardWrapperValve.invoke(StandardWrapperValve.java:165) ~[tomcat-embed-core-11.0.22.jar:11.0.22]
	at org.apache.catalina.core.StandardContextValve.invoke(StandardContextValve.java:77) ~[tomcat-embed-core-11.0.22.jar:11.0.22]
	at org.apache.catalina.authenticator.AuthenticatorBase.invoke(AuthenticatorBase.java:492) ~[tomcat-embed-core-11.0.22.jar:11.0.22]
	at org.apache.catalina.core.StandardHostValve.invoke(StandardHostValve.java:113) ~[tomcat-embed-core-11.0.22.jar:11.0.22]
	at org.apache.catalina.valves.ErrorReportValve.invoke(ErrorReportValve.java:83) ~[tomcat-embed-core-11.0.22.jar:11.0.22]
	at org.apache.catalina.core.StandardEngineValve.invoke(StandardEngineValve.java:72) ~[tomcat-embed-core-11.0.22.jar:11.0.22]
	at org.apache.catalina.connector.CoyoteAdapter.service(CoyoteAdapter.java:341) ~[tomcat-embed-core-11.0.22.jar:11.0.22]
	at org.apache.coyote.http11.Http11Processor.service(Http11Processor.java:397) ~[tomcat-embed-core-11.0.22.jar:11.0.22]
	at org.apache.coyote.AbstractProcessorLight.process(AbstractProcessorLight.java:63) ~[tomcat-embed-core-11.0.22.jar:11.0.22]
	at org.apache.coyote.AbstractProtocol$ConnectionHandler.process(AbstractProtocol.java:1272) ~[tomcat-embed-core-11.0.22.jar:11.0.22]
	at org.apache.tomcat.util.net.NioEndpoint$SocketProcessor.doRun(NioEndpoint.java:1801) ~[tomcat-embed-core-11.0.22.jar:11.0.22]
	at org.apache.tomcat.util.net.SocketProcessorBase.run(SocketProcessorBase.java:52) ~[tomcat-embed-core-11.0.22.jar:11.0.22]
	at org.apache.tomcat.util.threads.ThreadPoolExecutor.runWorker(ThreadPoolExecutor.java:946) ~[tomcat-embed-core-11.0.22.jar:11.0.22]
	at org.apache.tomcat.util.threads.ThreadPoolExecutor$Worker.run(ThreadPoolExecutor.java:480) ~[tomcat-embed-core-11.0.22.jar:11.0.22]
	at org.apache.tomcat.util.threads.TaskThread$WrappingRunnable.run(TaskThread.java:57) ~[tomcat-embed-core-11.0.22.jar:11.0.22]
	at java.base/java.lang.Thread.run(Thread.java:1583) ~[na:na]

2026-08-21T20:28:04.692+09:00 DEBUG 3764 --- [Pokade] [l-1:housekeeper] com.zaxxer.hikari.pool.HikariPool        : HikariPool-1 - keepalive: connection org.postgresql.jdbc.PgConnection@7cd8f42c is alive
2026-08-21T20:28:06.049+09:00 DEBUG 3764 --- [Pokade] [l-1:housekeeper] com.zaxxer.hikari.pool.HikariPool        : HikariPool-1 - keepalive: connection org.postgresql.jdbc.PgConnection@4a1100d is alive
2026-08-21T20:28:09.558+09:00 DEBUG 3764 --- [Pokade] [l-1:housekeeper] com.zaxxer.hikari.pool.HikariPool        : HikariPool-1 - Pool stats (total=10/10, idle=10/10, active=0, waiting=0)
2026-08-21T20:28:09.558+09:00 DEBUG 3764 --- [Pokade] [l-1:housekeeper] com.zaxxer.hikari.pool.HikariPool        : HikariPool-1 - Fill pool skipped, pool has sufficient level or currently being filled.
2026-08-21T20:28:11.660+09:00 DEBUG 3764 --- [Pokade] [l-1:housekeeper] com.zaxxer.hikari.pool.HikariPool        : HikariPool-1 - keepalive: connection org.postgresql.jdbc.PgConnection@18219c53 is alive
2026-08-21T20:28:13.139+09:00 DEBUG 3764 --- [Pokade] [l-1:housekeeper] com.zaxxer.hikari.pool.HikariPool        : HikariPool-1 - keepalive: connection org.postgresql.jdbc.PgConnection@3c3a8246 is alive
2026-08-21T20:28:13.980+09:00 DEBUG 3764 --- [Pokade] [nio-8080-exec-6] org.hibernate.SQL                        : 
    select
        u1_0.id,
        u1_0.created_at,
        u1_0.deleted_at,
        u1_0.email,
        u1_0.nickname,
        u1_0.nickname_changed_at,
        u1_0.password,
        u1_0.point_balance,
        u1_0.profile_image_url,
        u1_0.provider,
        u1_0.role,
        u1_0.status,
        u1_0.updated_at,
        u1_0.version,
        u1_0.withdrawal_requested_at 
    from
        users u1_0 
    where
        u1_0.id=?
Hibernate: 
    select
        u1_0.id,
        u1_0.created_at,
        u1_0.deleted_at,
        u1_0.email,
        u1_0.nickname,
        u1_0.nickname_changed_at,
        u1_0.password,
        u1_0.point_balance,
        u1_0.profile_image_url,
        u1_0.provider,
        u1_0.role,
        u1_0.status,
        u1_0.updated_at,
        u1_0.version,
        u1_0.withdrawal_requested_at 
    from
        users u1_0 
    where
        u1_0.id=?
2026-08-21T20:28:13.981+09:00 TRACE 3764 --- [Pokade] [nio-8080-exec-6] org.hibernate.orm.jdbc.bind              : binding parameter (1:BIGINT) <- [2]
2026-08-21T20:28:13.983+09:00 DEBUG 3764 --- [Pokade] [nio-8080-exec-6] org.hibernate.SQL                        : 
    select
        l1_0.id,
        l1_0.card_id,
        l1_0.created_at,
        l1_0.grade,
        l1_0.price,
        l1_0.return_address,
        l1_0.return_recipient_name,
        l1_0.return_recipient_phone,
        l1_0.seller_id,
        l1_0.settlement_account_holder,
        l1_0.settlement_account_number,
        l1_0.settlement_bank_name,
        l1_0.stale_notice_sent,
        l1_0.status,
        l1_0.updated_at,
        l1_0.variant_id 
    from
        listings l1_0 
    where
        l1_0.id=?
Hibernate: 
    select
        l1_0.id,
        l1_0.card_id,
        l1_0.created_at,
        l1_0.grade,
        l1_0.price,
        l1_0.return_address,
        l1_0.return_recipient_name,
        l1_0.return_recipient_phone,
        l1_0.seller_id,
        l1_0.settlement_account_holder,
        l1_0.settlement_account_number,
        l1_0.settlement_bank_name,
        l1_0.stale_notice_sent,
        l1_0.status,
        l1_0.updated_at,
        l1_0.variant_id 
    from
        listings l1_0 
    where
        l1_0.id=?
2026-08-21T20:28:13.983+09:00 TRACE 3764 --- [Pokade] [nio-8080-exec-6] org.hibernate.orm.jdbc.bind              : binding parameter (1:BIGINT) <- [1089]
2026-08-21T20:28:13.993+09:00 DEBUG 3764 --- [Pokade] [nio-8080-exec-6] org.hibernate.SQL                        : 
    select
        u1_0.id,
        u1_0.created_at,
        u1_0.deleted_at,
        u1_0.email,
        u1_0.nickname,
        u1_0.nickname_changed_at,
        u1_0.password,
        u1_0.point_balance,
        u1_0.profile_image_url,
        u1_0.provider,
        u1_0.role,
        u1_0.status,
        u1_0.updated_at,
        u1_0.version,
        u1_0.withdrawal_requested_at 
    from
        users u1_0 
    where
        u1_0.id=?
Hibernate: 
    select
        u1_0.id,
        u1_0.created_at,
        u1_0.deleted_at,
        u1_0.email,
        u1_0.nickname,
        u1_0.nickname_changed_at,
        u1_0.password,
        u1_0.point_balance,
        u1_0.profile_image_url,
        u1_0.provider,
        u1_0.role,
        u1_0.status,
        u1_0.updated_at,
        u1_0.version,
        u1_0.withdrawal_requested_at 
    from
        users u1_0 
    where
        u1_0.id=?
2026-08-21T20:28:13.993+09:00 TRACE 3764 --- [Pokade] [nio-8080-exec-6] org.hibernate.orm.jdbc.bind              : binding parameter (1:BIGINT) <- [1]
2026-08-21T20:28:13.997+09:00 DEBUG 3764 --- [Pokade] [nio-8080-exec-6] org.hibernate.SQL                        : 
    insert 
    into
        trade_orders
        (amount, buyer_id, created_at, listing_id, order_id, points_used, recipient_address, recipient_name, recipient_phone, shipping_fee, status) 
    values
        (?, ?, ?, ?, ?, ?, ?, ?, ?, ?, ?)
Hibernate: 
    insert 
    into
        trade_orders
        (amount, buyer_id, created_at, listing_id, order_id, points_used, recipient_address, recipient_name, recipient_phone, shipping_fee, status) 
    values
        (?, ?, ?, ?, ?, ?, ?, ?, ?, ?, ?)
2026-08-21T20:28:13.997+09:00 TRACE 3764 --- [Pokade] [nio-8080-exec-6] org.hibernate.orm.jdbc.bind              : binding parameter (1:INTEGER) <- [283000]
2026-08-21T20:28:13.997+09:00 TRACE 3764 --- [Pokade] [nio-8080-exec-6] org.hibernate.orm.jdbc.bind              : binding parameter (2:BIGINT) <- [2]
2026-08-21T20:28:13.997+09:00 TRACE 3764 --- [Pokade] [nio-8080-exec-6] org.hibernate.orm.jdbc.bind              : binding parameter (3:TIMESTAMP) <- [2026-08-21T20:28:13.997111]
2026-08-21T20:28:13.997+09:00 TRACE 3764 --- [Pokade] [nio-8080-exec-6] org.hibernate.orm.jdbc.bind              : binding parameter (4:BIGINT) <- [1089]
2026-08-21T20:28:13.997+09:00 TRACE 3764 --- [Pokade] [nio-8080-exec-6] org.hibernate.orm.jdbc.bind              : binding parameter (5:VARCHAR) <- [acef42fd-ff91-4f88-af03-9ee729cf78cd]
2026-08-21T20:28:13.997+09:00 TRACE 3764 --- [Pokade] [nio-8080-exec-6] org.hibernate.orm.jdbc.bind              : binding parameter (6:INTEGER) <- [283000]
2026-08-21T20:28:13.997+09:00 TRACE 3764 --- [Pokade] [nio-8080-exec-6] org.hibernate.orm.jdbc.bind              : binding parameter (7:VARCHAR) <- [Seoul Gangnam]
2026-08-21T20:28:13.997+09:00 TRACE 3764 --- [Pokade] [nio-8080-exec-6] org.hibernate.orm.jdbc.bind              : binding parameter (8:VARCHAR) <- [Kim]
2026-08-21T20:28:13.997+09:00 TRACE 3764 --- [Pokade] [nio-8080-exec-6] org.hibernate.orm.jdbc.bind              : binding parameter (9:VARCHAR) <- [010-1234-5678]
2026-08-21T20:28:13.997+09:00 TRACE 3764 --- [Pokade] [nio-8080-exec-6] org.hibernate.orm.jdbc.bind              : binding parameter (10:INTEGER) <- [3000]
2026-08-21T20:28:13.998+09:00 TRACE 3764 --- [Pokade] [nio-8080-exec-6] org.hibernate.orm.jdbc.bind              : binding parameter (11:VARCHAR) <- [PENDING]
2026-08-21T20:28:15.828+09:00 DEBUG 3764 --- [Pokade] [l-1:housekeeper] com.zaxxer.hikari.pool.HikariPool        : HikariPool-1 - keepalive: connection org.postgresql.jdbc.PgConnection@591c9668 is alive
2026-08-21T20:28:22.335+09:00 DEBUG 3764 --- [Pokade] [nio-8080-exec-2] org.hibernate.SQL                        : 
    select
        to1_0.id,
        to1_0.amount,
        to1_0.buyer_id,
        to1_0.created_at,
        to1_0.listing_id,
        to1_0.order_id,
        to1_0.points_used,
        to1_0.recipient_address,
        to1_0.recipient_name,
        to1_0.recipient_phone,
        to1_0.shipping_fee,
        to1_0.status 
    from
        trade_orders to1_0 
    where
        to1_0.order_id=?
Hibernate: 
    select
        to1_0.id,
        to1_0.amount,
        to1_0.buyer_id,
        to1_0.created_at,
        to1_0.listing_id,
        to1_0.order_id,
        to1_0.points_used,
        to1_0.recipient_address,
        to1_0.recipient_name,
        to1_0.recipient_phone,
        to1_0.shipping_fee,
        to1_0.status 
    from
        trade_orders to1_0 
    where
        to1_0.order_id=?
2026-08-21T20:28:22.335+09:00 TRACE 3764 --- [Pokade] [nio-8080-exec-2] org.hibernate.orm.jdbc.bind              : binding parameter (1:VARCHAR) <- [acef42fd-ff91-4f88-af03-9ee729cf78cd]
2026-08-21T20:28:22.337+09:00 DEBUG 3764 --- [Pokade] [nio-8080-exec-2] org.hibernate.SQL                        : 
    select
        u1_0.id,
        u1_0.created_at,
        u1_0.deleted_at,
        u1_0.email,
        u1_0.nickname,
        u1_0.nickname_changed_at,
        u1_0.password,
        u1_0.point_balance,
        u1_0.profile_image_url,
        u1_0.provider,
        u1_0.role,
        u1_0.status,
        u1_0.updated_at,
        u1_0.version,
        u1_0.withdrawal_requested_at 
    from
        users u1_0 
    where
        u1_0.id=? 
    for
        no key update of u1_0
Hibernate: 
    select
        u1_0.id,
        u1_0.created_at,
        u1_0.deleted_at,
        u1_0.email,
        u1_0.nickname,
        u1_0.nickname_changed_at,
        u1_0.password,
        u1_0.point_balance,
        u1_0.profile_image_url,
        u1_0.provider,
        u1_0.role,
        u1_0.status,
        u1_0.updated_at,
        u1_0.version,
        u1_0.withdrawal_requested_at 
    from
        users u1_0 
    where
        u1_0.id=? 
    for
        no key update of u1_0
2026-08-21T20:28:22.337+09:00 TRACE 3764 --- [Pokade] [nio-8080-exec-2] org.hibernate.orm.jdbc.bind              : binding parameter (1:BIGINT) <- [2]
2026-08-21T20:28:22.341+09:00 DEBUG 3764 --- [Pokade] [nio-8080-exec-2] org.hibernate.SQL                        : 
    insert 
    into
        point_transactions
        (amount, balance_after, created_at, related_grade_result_id, related_trade_id, type, user_id) 
    values
        (?, ?, ?, ?, ?, ?, ?)
Hibernate: 
    insert 
    into
        point_transactions
        (amount, balance_after, created_at, related_grade_result_id, related_trade_id, type, user_id) 
    values
        (?, ?, ?, ?, ?, ?, ?)
2026-08-21T20:28:22.341+09:00 TRACE 3764 --- [Pokade] [nio-8080-exec-2] org.hibernate.orm.jdbc.bind              : binding parameter (1:INTEGER) <- [283000]
2026-08-21T20:28:22.341+09:00 TRACE 3764 --- [Pokade] [nio-8080-exec-2] org.hibernate.orm.jdbc.bind              : binding parameter (2:INTEGER) <- [17000]
2026-08-21T20:28:22.341+09:00 TRACE 3764 --- [Pokade] [nio-8080-exec-2] org.hibernate.orm.jdbc.bind              : binding parameter (3:TIMESTAMP) <- [2026-08-21T20:28:22.341260]
2026-08-21T20:28:22.341+09:00 TRACE 3764 --- [Pokade] [nio-8080-exec-2] org.hibernate.orm.jdbc.bind              : binding parameter (4:BIGINT) <- [null]
2026-08-21T20:28:22.341+09:00 TRACE 3764 --- [Pokade] [nio-8080-exec-2] org.hibernate.orm.jdbc.bind              : binding parameter (5:BIGINT) <- [null]
2026-08-21T20:28:22.341+09:00 TRACE 3764 --- [Pokade] [nio-8080-exec-2] org.hibernate.orm.jdbc.bind              : binding parameter (6:VARCHAR) <- [USE]
2026-08-21T20:28:22.341+09:00 TRACE 3764 --- [Pokade] [nio-8080-exec-2] org.hibernate.orm.jdbc.bind              : binding parameter (7:BIGINT) <- [2]
2026-08-21T20:28:22.343+09:00 DEBUG 3764 --- [Pokade] [nio-8080-exec-2] org.hibernate.SQL                        : 
    select
        l1_0.id,
        l1_0.card_id,
        l1_0.created_at,
        l1_0.grade,
        l1_0.price,
        l1_0.return_address,
        l1_0.return_recipient_name,
        l1_0.return_recipient_phone,
        l1_0.seller_id,
        l1_0.settlement_account_holder,
        l1_0.settlement_account_number,
        l1_0.settlement_bank_name,
        l1_0.stale_notice_sent,
        l1_0.status,
        l1_0.updated_at,
        l1_0.variant_id 
    from
        listings l1_0 
    where
        l1_0.id=?
Hibernate: 
    select
        l1_0.id,
        l1_0.card_id,
        l1_0.created_at,
        l1_0.grade,
        l1_0.price,
        l1_0.return_address,
        l1_0.return_recipient_name,
        l1_0.return_recipient_phone,
        l1_0.seller_id,
        l1_0.settlement_account_holder,
        l1_0.settlement_account_number,
        l1_0.settlement_bank_name,
        l1_0.stale_notice_sent,
        l1_0.status,
        l1_0.updated_at,
        l1_0.variant_id 
    from
        listings l1_0 
    where
        l1_0.id=?
2026-08-21T20:28:22.343+09:00 TRACE 3764 --- [Pokade] [nio-8080-exec-2] org.hibernate.orm.jdbc.bind              : binding parameter (1:BIGINT) <- [1089]
2026-08-21T20:28:22.350+09:00 DEBUG 3764 --- [Pokade] [nio-8080-exec-2] org.hibernate.SQL                        : 
    update
        listings l1_0 
    set
        status='TRADING' 
    where
        l1_0.id=? 
        and l1_0.status='ACTIVE'
Hibernate: 
    update
        listings l1_0 
    set
        status='TRADING' 
    where
        l1_0.id=? 
        and l1_0.status='ACTIVE'
2026-08-21T20:28:22.350+09:00 TRACE 3764 --- [Pokade] [nio-8080-exec-2] org.hibernate.orm.jdbc.bind              : binding parameter (1:BIGINT) <- [1089]
2026-08-21T20:28:22.353+09:00 DEBUG 3764 --- [Pokade] [nio-8080-exec-2] org.hibernate.SQL                        : 
    insert 
    into
        trades
        (buyer_id, confirmed_at, created_at, delivered_at, inspected_at, listing_id, price, recipient_address, recipient_name, recipient_phone, settled_at, shipped_at, status) 
    values
        (?, ?, ?, ?, ?, ?, ?, ?, ?, ?, ?, ?, ?)
Hibernate: 
    insert 
    into
        trades
        (buyer_id, confirmed_at, created_at, delivered_at, inspected_at, listing_id, price, recipient_address, recipient_name, recipient_phone, settled_at, shipped_at, status) 
    values
        (?, ?, ?, ?, ?, ?, ?, ?, ?, ?, ?, ?, ?)
2026-08-21T20:28:22.354+09:00 TRACE 3764 --- [Pokade] [nio-8080-exec-2] org.hibernate.orm.jdbc.bind              : binding parameter (1:BIGINT) <- [2]
2026-08-21T20:28:22.354+09:00 TRACE 3764 --- [Pokade] [nio-8080-exec-2] org.hibernate.orm.jdbc.bind              : binding parameter (2:TIMESTAMP) <- [null]
2026-08-21T20:28:22.354+09:00 TRACE 3764 --- [Pokade] [nio-8080-exec-2] org.hibernate.orm.jdbc.bind              : binding parameter (3:TIMESTAMP) <- [2026-08-21T20:28:22.353994]
2026-08-21T20:28:22.354+09:00 TRACE 3764 --- [Pokade] [nio-8080-exec-2] org.hibernate.orm.jdbc.bind              : binding parameter (4:TIMESTAMP) <- [null]
2026-08-21T20:28:22.354+09:00 TRACE 3764 --- [Pokade] [nio-8080-exec-2] org.hibernate.orm.jdbc.bind              : binding parameter (5:TIMESTAMP) <- [null]
2026-08-21T20:28:22.354+09:00 TRACE 3764 --- [Pokade] [nio-8080-exec-2] org.hibernate.orm.jdbc.bind              : binding parameter (6:BIGINT) <- [1089]
2026-08-21T20:28:22.354+09:00 TRACE 3764 --- [Pokade] [nio-8080-exec-2] org.hibernate.orm.jdbc.bind              : binding parameter (7:INTEGER) <- [280000]
2026-08-21T20:28:22.354+09:00 TRACE 3764 --- [Pokade] [nio-8080-exec-2] org.hibernate.orm.jdbc.bind              : binding parameter (8:VARCHAR) <- [Seoul Gangnam]
2026-08-21T20:28:22.354+09:00 TRACE 3764 --- [Pokade] [nio-8080-exec-2] org.hibernate.orm.jdbc.bind              : binding parameter (9:VARCHAR) <- [Kim]
2026-08-21T20:28:22.354+09:00 TRACE 3764 --- [Pokade] [nio-8080-exec-2] org.hibernate.orm.jdbc.bind              : binding parameter (10:VARCHAR) <- [010-1234-5678]
2026-08-21T20:28:22.354+09:00 TRACE 3764 --- [Pokade] [nio-8080-exec-2] org.hibernate.orm.jdbc.bind              : binding parameter (11:TIMESTAMP) <- [null]
2026-08-21T20:28:22.354+09:00 TRACE 3764 --- [Pokade] [nio-8080-exec-2] org.hibernate.orm.jdbc.bind              : binding parameter (12:TIMESTAMP) <- [null]
2026-08-21T20:28:22.354+09:00 TRACE 3764 --- [Pokade] [nio-8080-exec-2] org.hibernate.orm.jdbc.bind              : binding parameter (13:VARCHAR) <- [PENDING]
2026-08-21T20:28:22.358+09:00 DEBUG 3764 --- [Pokade] [nio-8080-exec-2] org.hibernate.SQL                        : 
    insert 
    into
        payments
        (amount, buyer_id, created_at, method, paid_at, points_used, refunded_at, status, toss_payment_key, trade_id) 
    values
        (?, ?, ?, ?, ?, ?, ?, ?, ?, ?)
Hibernate: 
    insert 
    into
        payments
        (amount, buyer_id, created_at, method, paid_at, points_used, refunded_at, status, toss_payment_key, trade_id) 
    values
        (?, ?, ?, ?, ?, ?, ?, ?, ?, ?)
2026-08-21T20:28:22.358+09:00 TRACE 3764 --- [Pokade] [nio-8080-exec-2] org.hibernate.orm.jdbc.bind              : binding parameter (1:INTEGER) <- [0]
2026-08-21T20:28:22.358+09:00 TRACE 3764 --- [Pokade] [nio-8080-exec-2] org.hibernate.orm.jdbc.bind              : binding parameter (2:BIGINT) <- [2]
2026-08-21T20:28:22.358+09:00 TRACE 3764 --- [Pokade] [nio-8080-exec-2] org.hibernate.orm.jdbc.bind              : binding parameter (3:TIMESTAMP) <- [2026-08-21T20:28:22.358003]
2026-08-21T20:28:22.358+09:00 TRACE 3764 --- [Pokade] [nio-8080-exec-2] org.hibernate.orm.jdbc.bind              : binding parameter (4:VARCHAR) <- [CARD]
2026-08-21T20:28:22.358+09:00 TRACE 3764 --- [Pokade] [nio-8080-exec-2] org.hibernate.orm.jdbc.bind              : binding parameter (5:TIMESTAMP) <- [null]
2026-08-21T20:28:22.358+09:00 TRACE 3764 --- [Pokade] [nio-8080-exec-2] org.hibernate.orm.jdbc.bind              : binding parameter (6:INTEGER) <- [283000]
2026-08-21T20:28:22.358+09:00 TRACE 3764 --- [Pokade] [nio-8080-exec-2] org.hibernate.orm.jdbc.bind              : binding parameter (7:TIMESTAMP) <- [null]
2026-08-21T20:28:22.358+09:00 TRACE 3764 --- [Pokade] [nio-8080-exec-2] org.hibernate.orm.jdbc.bind              : binding parameter (8:VARCHAR) <- [ESCROW_HELD]
2026-08-21T20:28:22.358+09:00 TRACE 3764 --- [Pokade] [nio-8080-exec-2] org.hibernate.orm.jdbc.bind              : binding parameter (9:VARCHAR) <- [null]
2026-08-21T20:28:22.358+09:00 TRACE 3764 --- [Pokade] [nio-8080-exec-2] org.hibernate.orm.jdbc.bind              : binding parameter (10:BIGINT) <- [708]
2026-08-21T20:28:22.360+09:00 DEBUG 3764 --- [Pokade] [nio-8080-exec-2] org.hibernate.SQL                        : 
    select
        c1_0.id,
        c1_0.artist,
        c1_0.evolves_from,
        c1_0.expansion_id,
        c1_0.expansion_sort_order,
        c1_0.external_id,
        c1_0.hp,
        c1_0.image_large,
        c1_0.image_medium,
        c1_0.image_small,
        c1_0.language_code,
        c1_0.name,
        c1_0.national_pokedex_numbers,
        c1_0.printed_number,
        c1_0.rarity,
        c1_0.rarity_code,
        c1_0.set_name,
        c1_0.subtypes,
        c1_0.supertype,
        c1_0.synced_at,
        c1_0.types,
        c1_0.view_count 
    from
        cards c1_0 
    where
        c1_0.id=?
Hibernate: 
    select
        c1_0.id,
        c1_0.artist,
        c1_0.evolves_from,
        c1_0.expansion_id,
        c1_0.expansion_sort_order,
        c1_0.external_id,
        c1_0.hp,
        c1_0.image_large,
        c1_0.image_medium,
        c1_0.image_small,
        c1_0.language_code,
        c1_0.name,
        c1_0.national_pokedex_numbers,
        c1_0.printed_number,
        c1_0.rarity,
        c1_0.rarity_code,
        c1_0.set_name,
        c1_0.subtypes,
        c1_0.supertype,
        c1_0.synced_at,
        c1_0.types,
        c1_0.view_count 
    from
        cards c1_0 
    where
        c1_0.id=?
2026-08-21T20:28:22.360+09:00 TRACE 3764 --- [Pokade] [nio-8080-exec-2] org.hibernate.orm.jdbc.bind              : binding parameter (1:BIGINT) <- [3]
2026-08-21T20:28:22.368+09:00 DEBUG 3764 --- [Pokade] [nio-8080-exec-2] org.hibernate.SQL                        : 
    update
        trade_orders 
    set
        amount=?,
        buyer_id=?,
        listing_id=?,
        order_id=?,
        points_used=?,
        recipient_address=?,
        recipient_name=?,
        recipient_phone=?,
        shipping_fee=?,
        status=? 
    where
        id=?
Hibernate: 
    update
        trade_orders 
    set
        amount=?,
        buyer_id=?,
        listing_id=?,
        order_id=?,
        points_used=?,
        recipient_address=?,
        recipient_name=?,
        recipient_phone=?,
        shipping_fee=?,
        status=? 
    where
        id=?
2026-08-21T20:28:22.368+09:00 TRACE 3764 --- [Pokade] [nio-8080-exec-2] org.hibernate.orm.jdbc.bind              : binding parameter (1:INTEGER) <- [283000]
2026-08-21T20:28:22.368+09:00 TRACE 3764 --- [Pokade] [nio-8080-exec-2] org.hibernate.orm.jdbc.bind              : binding parameter (2:BIGINT) <- [2]
2026-08-21T20:28:22.368+09:00 TRACE 3764 --- [Pokade] [nio-8080-exec-2] org.hibernate.orm.jdbc.bind              : binding parameter (3:BIGINT) <- [1089]
2026-08-21T20:28:22.368+09:00 TRACE 3764 --- [Pokade] [nio-8080-exec-2] org.hibernate.orm.jdbc.bind              : binding parameter (4:VARCHAR) <- [acef42fd-ff91-4f88-af03-9ee729cf78cd]
2026-08-21T20:28:22.368+09:00 TRACE 3764 --- [Pokade] [nio-8080-exec-2] org.hibernate.orm.jdbc.bind              : binding parameter (5:INTEGER) <- [283000]
2026-08-21T20:28:22.368+09:00 TRACE 3764 --- [Pokade] [nio-8080-exec-2] org.hibernate.orm.jdbc.bind              : binding parameter (6:VARCHAR) <- [Seoul Gangnam]
2026-08-21T20:28:22.368+09:00 TRACE 3764 --- [Pokade] [nio-8080-exec-2] org.hibernate.orm.jdbc.bind              : binding parameter (7:VARCHAR) <- [Kim]
2026-08-21T20:28:22.368+09:00 TRACE 3764 --- [Pokade] [nio-8080-exec-2] org.hibernate.orm.jdbc.bind              : binding parameter (8:VARCHAR) <- [010-1234-5678]
2026-08-21T20:28:22.368+09:00 TRACE 3764 --- [Pokade] [nio-8080-exec-2] org.hibernate.orm.jdbc.bind              : binding parameter (9:INTEGER) <- [3000]
2026-08-21T20:28:22.368+09:00 TRACE 3764 --- [Pokade] [nio-8080-exec-2] org.hibernate.orm.jdbc.bind              : binding parameter (10:VARCHAR) <- [CONFIRMED]
2026-08-21T20:28:22.368+09:00 TRACE 3764 --- [Pokade] [nio-8080-exec-2] org.hibernate.orm.jdbc.bind              : binding parameter (11:BIGINT) <- [9]
2026-08-21T20:28:22.372+09:00 DEBUG 3764 --- [Pokade] [nio-8080-exec-2] org.hibernate.SQL                        : 
    update
        users 
    set
        deleted_at=?,
        email=?,
        nickname=?,
        nickname_changed_at=?,
        password=?,
        point_balance=?,
        profile_image_url=?,
        provider=?,
        role=?,
        status=?,
        updated_at=?,
        version=?,
        withdrawal_requested_at=? 
    where
        id=? 
        and version=?
Hibernate: 
    update
        users 
    set
        deleted_at=?,
        email=?,
        nickname=?,
        nickname_changed_at=?,
        password=?,
        point_balance=?,
        profile_image_url=?,
        provider=?,
        role=?,
        status=?,
        updated_at=?,
        version=?,
        withdrawal_requested_at=? 
    where
        id=? 
        and version=?
2026-08-21T20:28:22.372+09:00 TRACE 3764 --- [Pokade] [nio-8080-exec-2] org.hibernate.orm.jdbc.bind              : binding parameter (1:TIMESTAMP) <- [null]
2026-08-21T20:28:22.372+09:00 TRACE 3764 --- [Pokade] [nio-8080-exec-2] org.hibernate.orm.jdbc.bind              : binding parameter (2:VARCHAR) <- [seller2@test.com]
2026-08-21T20:28:22.372+09:00 TRACE 3764 --- [Pokade] [nio-8080-exec-2] org.hibernate.orm.jdbc.bind              : binding parameter (3:VARCHAR) <- [지호테스트]
2026-08-21T20:28:22.372+09:00 TRACE 3764 --- [Pokade] [nio-8080-exec-2] org.hibernate.orm.jdbc.bind              : binding parameter (4:TIMESTAMP) <- [null]
2026-08-21T20:28:22.372+09:00 TRACE 3764 --- [Pokade] [nio-8080-exec-2] org.hibernate.orm.jdbc.bind              : binding parameter (5:VARCHAR) <- [$2a$10$oKkTuKH.VL5NayHMOPqPo.hyqNcsWkeWyvtLyI9MRVMyL9ByF3cQ6]
2026-08-21T20:28:22.372+09:00 TRACE 3764 --- [Pokade] [nio-8080-exec-2] org.hibernate.orm.jdbc.bind              : binding parameter (6:INTEGER) <- [17000]
2026-08-21T20:28:22.372+09:00 TRACE 3764 --- [Pokade] [nio-8080-exec-2] org.hibernate.orm.jdbc.bind              : binding parameter (7:VARCHAR) <- [null]
2026-08-21T20:28:22.372+09:00 TRACE 3764 --- [Pokade] [nio-8080-exec-2] org.hibernate.orm.jdbc.bind              : binding parameter (8:VARCHAR) <- [LOCAL]
2026-08-21T20:28:22.372+09:00 TRACE 3764 --- [Pokade] [nio-8080-exec-2] org.hibernate.orm.jdbc.bind              : binding parameter (9:VARCHAR) <- [USER]
2026-08-21T20:28:22.372+09:00 TRACE 3764 --- [Pokade] [nio-8080-exec-2] org.hibernate.orm.jdbc.bind              : binding parameter (10:VARCHAR) <- [ACTIVE]
2026-08-21T20:28:22.372+09:00 TRACE 3764 --- [Pokade] [nio-8080-exec-2] org.hibernate.orm.jdbc.bind              : binding parameter (11:TIMESTAMP) <- [2026-08-21T20:28:22.371234]
2026-08-21T20:28:22.372+09:00 TRACE 3764 --- [Pokade] [nio-8080-exec-2] org.hibernate.orm.jdbc.bind              : binding parameter (12:BIGINT) <- [2]
2026-08-21T20:28:22.372+09:00 TRACE 3764 --- [Pokade] [nio-8080-exec-2] org.hibernate.orm.jdbc.bind              : binding parameter (13:TIMESTAMP) <- [null]
2026-08-21T20:28:22.372+09:00 TRACE 3764 --- [Pokade] [nio-8080-exec-2] org.hibernate.orm.jdbc.bind              : binding parameter (14:BIGINT) <- [2]
2026-08-21T20:28:22.372+09:00 TRACE 3764 --- [Pokade] [nio-8080-exec-2] org.hibernate.orm.jdbc.bind              : binding parameter (15:BIGINT) <- [1]
2026-08-21T20:28:30.912+09:00 DEBUG 3764 --- [Pokade] [nio-8080-exec-9] org.hibernate.SQL                        : 
    select
        u1_0.id,
        u1_0.created_at,
        u1_0.deleted_at,
        u1_0.email,
        u1_0.nickname,
        u1_0.nickname_changed_at,
        u1_0.password,
        u1_0.point_balance,
        u1_0.profile_image_url,
        u1_0.provider,
        u1_0.role,
        u1_0.status,
        u1_0.updated_at,
        u1_0.version,
        u1_0.withdrawal_requested_at 
    from
        users u1_0 
    where
        u1_0.id=?
Hibernate: 
    select
        u1_0.id,
        u1_0.created_at,
        u1_0.deleted_at,
        u1_0.email,
        u1_0.nickname,
        u1_0.nickname_changed_at,
        u1_0.password,
        u1_0.point_balance,
        u1_0.profile_image_url,
        u1_0.provider,
        u1_0.role,
        u1_0.status,
        u1_0.updated_at,
        u1_0.version,
        u1_0.withdrawal_requested_at 
    from
        users u1_0 
    where
        u1_0.id=?
2026-08-21T20:28:30.912+09:00 TRACE 3764 --- [Pokade] [nio-8080-exec-9] org.hibernate.orm.jdbc.bind              : binding parameter (1:BIGINT) <- [2]
2026-08-21T20:28:30.913+09:00 DEBUG 3764 --- [Pokade] [nio-8080-exec-9] org.hibernate.SQL                        : 
    select
        t1_0.id,
        t1_0.buyer_id,
        t1_0.confirmed_at,
        t1_0.created_at,
        t1_0.delivered_at,
        t1_0.inspected_at,
        t1_0.listing_id,
        t1_0.price,
        t1_0.recipient_address,
        t1_0.recipient_name,
        t1_0.recipient_phone,
        t1_0.settled_at,
        t1_0.shipped_at,
        t1_0.status 
    from
        trades t1_0 
    where
        t1_0.id=?
Hibernate: 
    select
        t1_0.id,
        t1_0.buyer_id,
        t1_0.confirmed_at,
        t1_0.created_at,
        t1_0.delivered_at,
        t1_0.inspected_at,
        t1_0.listing_id,
        t1_0.price,
        t1_0.recipient_address,
        t1_0.recipient_name,
        t1_0.recipient_phone,
        t1_0.settled_at,
        t1_0.shipped_at,
        t1_0.status 
    from
        trades t1_0 
    where
        t1_0.id=?
2026-08-21T20:28:30.913+09:00 TRACE 3764 --- [Pokade] [nio-8080-exec-9] org.hibernate.orm.jdbc.bind              : binding parameter (1:BIGINT) <- [708]
2026-08-21T20:28:30.917+09:00 DEBUG 3764 --- [Pokade] [nio-8080-exec-9] org.hibernate.SQL                        : 
    update
        listings l1_0 
    set
        status='ACTIVE' 
    where
        l1_0.id=? 
        and l1_0.status='TRADING'
Hibernate: 
    update
        listings l1_0 
    set
        status='ACTIVE' 
    where
        l1_0.id=? 
        and l1_0.status='TRADING'
2026-08-21T20:28:30.917+09:00 TRACE 3764 --- [Pokade] [nio-8080-exec-9] org.hibernate.orm.jdbc.bind              : binding parameter (1:BIGINT) <- [1089]
2026-08-21T20:28:30.920+09:00 DEBUG 3764 --- [Pokade] [nio-8080-exec-9] org.hibernate.SQL                        : 
    select
        p1_0.id,
        p1_0.amount,
        p1_0.buyer_id,
        p1_0.created_at,
        p1_0.method,
        p1_0.paid_at,
        p1_0.points_used,
        p1_0.refunded_at,
        p1_0.status,
        p1_0.toss_payment_key,
        p1_0.trade_id 
    from
        payments p1_0 
    where
        p1_0.trade_id=?
Hibernate: 
    select
        p1_0.id,
        p1_0.amount,
        p1_0.buyer_id,
        p1_0.created_at,
        p1_0.method,
        p1_0.paid_at,
        p1_0.points_used,
        p1_0.refunded_at,
        p1_0.status,
        p1_0.toss_payment_key,
        p1_0.trade_id 
    from
        payments p1_0 
    where
        p1_0.trade_id=?
2026-08-21T20:28:30.920+09:00 TRACE 3764 --- [Pokade] [nio-8080-exec-9] org.hibernate.orm.jdbc.bind              : binding parameter (1:BIGINT) <- [708]
2026-08-21T20:28:30.923+09:00 DEBUG 3764 --- [Pokade] [nio-8080-exec-9] org.hibernate.SQL                        : 
    select
        u1_0.id,
        u1_0.created_at,
        u1_0.deleted_at,
        u1_0.email,
        u1_0.nickname,
        u1_0.nickname_changed_at,
        u1_0.password,
        u1_0.point_balance,
        u1_0.profile_image_url,
        u1_0.provider,
        u1_0.role,
        u1_0.status,
        u1_0.updated_at,
        u1_0.version,
        u1_0.withdrawal_requested_at 
    from
        users u1_0 
    where
        u1_0.id=? 
    for
        no key update of u1_0
Hibernate: 
    select
        u1_0.id,
        u1_0.created_at,
        u1_0.deleted_at,
        u1_0.email,
        u1_0.nickname,
        u1_0.nickname_changed_at,
        u1_0.password,
        u1_0.point_balance,
        u1_0.profile_image_url,
        u1_0.provider,
        u1_0.role,
        u1_0.status,
        u1_0.updated_at,
        u1_0.version,
        u1_0.withdrawal_requested_at 
    from
        users u1_0 
    where
        u1_0.id=? 
    for
        no key update of u1_0
2026-08-21T20:28:30.923+09:00 TRACE 3764 --- [Pokade] [nio-8080-exec-9] org.hibernate.orm.jdbc.bind              : binding parameter (1:BIGINT) <- [2]
2026-08-21T20:28:30.924+09:00 DEBUG 3764 --- [Pokade] [nio-8080-exec-9] org.hibernate.SQL                        : 
    insert 
    into
        point_transactions
        (amount, balance_after, created_at, related_grade_result_id, related_trade_id, type, user_id) 
    values
        (?, ?, ?, ?, ?, ?, ?)
Hibernate: 
    insert 
    into
        point_transactions
        (amount, balance_after, created_at, related_grade_result_id, related_trade_id, type, user_id) 
    values
        (?, ?, ?, ?, ?, ?, ?)
2026-08-21T20:28:30.924+09:00 TRACE 3764 --- [Pokade] [nio-8080-exec-9] org.hibernate.orm.jdbc.bind              : binding parameter (1:INTEGER) <- [283000]
2026-08-21T20:28:30.924+09:00 TRACE 3764 --- [Pokade] [nio-8080-exec-9] org.hibernate.orm.jdbc.bind              : binding parameter (2:INTEGER) <- [300000]
2026-08-21T20:28:30.924+09:00 TRACE 3764 --- [Pokade] [nio-8080-exec-9] org.hibernate.orm.jdbc.bind              : binding parameter (3:TIMESTAMP) <- [2026-08-21T20:28:30.924917]
2026-08-21T20:28:30.924+09:00 TRACE 3764 --- [Pokade] [nio-8080-exec-9] org.hibernate.orm.jdbc.bind              : binding parameter (4:BIGINT) <- [null]
2026-08-21T20:28:30.924+09:00 TRACE 3764 --- [Pokade] [nio-8080-exec-9] org.hibernate.orm.jdbc.bind              : binding parameter (5:BIGINT) <- [708]
2026-08-21T20:28:30.925+09:00 TRACE 3764 --- [Pokade] [nio-8080-exec-9] org.hibernate.orm.jdbc.bind              : binding parameter (6:VARCHAR) <- [REFUND]
2026-08-21T20:28:30.925+09:00 TRACE 3764 --- [Pokade] [nio-8080-exec-9] org.hibernate.orm.jdbc.bind              : binding parameter (7:BIGINT) <- [2]
2026-08-21T20:28:30.926+09:00 DEBUG 3764 --- [Pokade] [nio-8080-exec-9] org.hibernate.SQL                        : 
    select
        l1_0.id,
        l1_0.card_id,
        l1_0.created_at,
        l1_0.grade,
        l1_0.price,
        l1_0.return_address,
        l1_0.return_recipient_name,
        l1_0.return_recipient_phone,
        l1_0.seller_id,
        l1_0.settlement_account_holder,
        l1_0.settlement_account_number,
        l1_0.settlement_bank_name,
        l1_0.stale_notice_sent,
        l1_0.status,
        l1_0.updated_at,
        l1_0.variant_id 
    from
        listings l1_0 
    where
        l1_0.id=?
Hibernate: 
    select
        l1_0.id,
        l1_0.card_id,
        l1_0.created_at,
        l1_0.grade,
        l1_0.price,
        l1_0.return_address,
        l1_0.return_recipient_name,
        l1_0.return_recipient_phone,
        l1_0.seller_id,
        l1_0.settlement_account_holder,
        l1_0.settlement_account_number,
        l1_0.settlement_bank_name,
        l1_0.stale_notice_sent,
        l1_0.status,
        l1_0.updated_at,
        l1_0.variant_id 
    from
        listings l1_0 
    where
        l1_0.id=?
2026-08-21T20:28:30.926+09:00 TRACE 3764 --- [Pokade] [nio-8080-exec-9] org.hibernate.orm.jdbc.bind              : binding parameter (1:BIGINT) <- [1089]
2026-08-21T20:28:30.928+09:00 DEBUG 3764 --- [Pokade] [nio-8080-exec-9] org.hibernate.SQL                        : 
    select
        c1_0.id,
        c1_0.artist,
        c1_0.evolves_from,
        c1_0.expansion_id,
        c1_0.expansion_sort_order,
        c1_0.external_id,
        c1_0.hp,
        c1_0.image_large,
        c1_0.image_medium,
        c1_0.image_small,
        c1_0.language_code,
        c1_0.name,
        c1_0.national_pokedex_numbers,
        c1_0.printed_number,
        c1_0.rarity,
        c1_0.rarity_code,
        c1_0.set_name,
        c1_0.subtypes,
        c1_0.supertype,
        c1_0.synced_at,
        c1_0.types,
        c1_0.view_count 
    from
        cards c1_0 
    where
        c1_0.id=?
Hibernate: 
    select
        c1_0.id,
        c1_0.artist,
        c1_0.evolves_from,
        c1_0.expansion_id,
        c1_0.expansion_sort_order,
        c1_0.external_id,
        c1_0.hp,
        c1_0.image_large,
        c1_0.image_medium,
        c1_0.image_small,
        c1_0.language_code,
        c1_0.name,
        c1_0.national_pokedex_numbers,
        c1_0.printed_number,
        c1_0.rarity,
        c1_0.rarity_code,
        c1_0.set_name,
        c1_0.subtypes,
        c1_0.supertype,
        c1_0.synced_at,
        c1_0.types,
        c1_0.view_count 
    from
        cards c1_0 
    where
        c1_0.id=?
2026-08-21T20:28:30.928+09:00 TRACE 3764 --- [Pokade] [nio-8080-exec-9] org.hibernate.orm.jdbc.bind              : binding parameter (1:BIGINT) <- [3]
2026-08-21T20:28:30.929+09:00 DEBUG 3764 --- [Pokade] [nio-8080-exec-9] org.hibernate.SQL                        : 
    update
        users 
    set
        deleted_at=?,
        email=?,
        nickname=?,
        nickname_changed_at=?,
        password=?,
        point_balance=?,
        profile_image_url=?,
        provider=?,
        role=?,
        status=?,
        updated_at=?,
        version=?,
        withdrawal_requested_at=? 
    where
        id=? 
        and version=?
Hibernate: 
    update
        users 
    set
        deleted_at=?,
        email=?,
        nickname=?,
        nickname_changed_at=?,
        password=?,
        point_balance=?,
        profile_image_url=?,
        provider=?,
        role=?,
        status=?,
        updated_at=?,
        version=?,
        withdrawal_requested_at=? 
    where
        id=? 
        and version=?
2026-08-21T20:28:30.929+09:00 TRACE 3764 --- [Pokade] [nio-8080-exec-9] org.hibernate.orm.jdbc.bind              : binding parameter (1:TIMESTAMP) <- [null]
2026-08-21T20:28:30.929+09:00 TRACE 3764 --- [Pokade] [nio-8080-exec-9] org.hibernate.orm.jdbc.bind              : binding parameter (2:VARCHAR) <- [seller2@test.com]
2026-08-21T20:28:30.929+09:00 TRACE 3764 --- [Pokade] [nio-8080-exec-9] org.hibernate.orm.jdbc.bind              : binding parameter (3:VARCHAR) <- [지호테스트]
2026-08-21T20:28:30.930+09:00 TRACE 3764 --- [Pokade] [nio-8080-exec-9] org.hibernate.orm.jdbc.bind              : binding parameter (4:TIMESTAMP) <- [null]
2026-08-21T20:28:30.930+09:00 TRACE 3764 --- [Pokade] [nio-8080-exec-9] org.hibernate.orm.jdbc.bind              : binding parameter (5:VARCHAR) <- [$2a$10$oKkTuKH.VL5NayHMOPqPo.hyqNcsWkeWyvtLyI9MRVMyL9ByF3cQ6]
2026-08-21T20:28:30.930+09:00 TRACE 3764 --- [Pokade] [nio-8080-exec-9] org.hibernate.orm.jdbc.bind              : binding parameter (6:INTEGER) <- [300000]
2026-08-21T20:28:30.930+09:00 TRACE 3764 --- [Pokade] [nio-8080-exec-9] org.hibernate.orm.jdbc.bind              : binding parameter (7:VARCHAR) <- [null]
2026-08-21T20:28:30.930+09:00 TRACE 3764 --- [Pokade] [nio-8080-exec-9] org.hibernate.orm.jdbc.bind              : binding parameter (8:VARCHAR) <- [LOCAL]
2026-08-21T20:28:30.930+09:00 TRACE 3764 --- [Pokade] [nio-8080-exec-9] org.hibernate.orm.jdbc.bind              : binding parameter (9:VARCHAR) <- [USER]
2026-08-21T20:28:30.930+09:00 TRACE 3764 --- [Pokade] [nio-8080-exec-9] org.hibernate.orm.jdbc.bind              : binding parameter (10:VARCHAR) <- [ACTIVE]
2026-08-21T20:28:30.930+09:00 TRACE 3764 --- [Pokade] [nio-8080-exec-9] org.hibernate.orm.jdbc.bind              : binding parameter (11:TIMESTAMP) <- [2026-08-21T20:28:30.929834]
2026-08-21T20:28:30.930+09:00 TRACE 3764 --- [Pokade] [nio-8080-exec-9] org.hibernate.orm.jdbc.bind              : binding parameter (12:BIGINT) <- [3]
2026-08-21T20:28:30.930+09:00 TRACE 3764 --- [Pokade] [nio-8080-exec-9] org.hibernate.orm.jdbc.bind              : binding parameter (13:TIMESTAMP) <- [null]
2026-08-21T20:28:30.930+09:00 TRACE 3764 --- [Pokade] [nio-8080-exec-9] org.hibernate.orm.jdbc.bind              : binding parameter (14:BIGINT) <- [2]
2026-08-21T20:28:30.930+09:00 TRACE 3764 --- [Pokade] [nio-8080-exec-9] org.hibernate.orm.jdbc.bind              : binding parameter (15:BIGINT) <- [2]
2026-08-21T20:28:30.930+09:00 DEBUG 3764 --- [Pokade] [nio-8080-exec-9] org.hibernate.SQL                        : 
    update
        trades 
    set
        buyer_id=?,
        confirmed_at=?,
        delivered_at=?,
        inspected_at=?,
        listing_id=?,
        price=?,
        recipient_address=?,
        recipient_name=?,
        recipient_phone=?,
        settled_at=?,
        shipped_at=?,
        status=? 
    where
        id=?
Hibernate: 
    update
        trades 
    set
        buyer_id=?,
        confirmed_at=?,
        delivered_at=?,
        inspected_at=?,
        listing_id=?,
        price=?,
        recipient_address=?,
        recipient_name=?,
        recipient_phone=?,
        settled_at=?,
        shipped_at=?,
        status=? 
    where
        id=?
2026-08-21T20:28:30.930+09:00 TRACE 3764 --- [Pokade] [nio-8080-exec-9] org.hibernate.orm.jdbc.bind              : binding parameter (1:BIGINT) <- [2]
2026-08-21T20:28:30.930+09:00 TRACE 3764 --- [Pokade] [nio-8080-exec-9] org.hibernate.orm.jdbc.bind              : binding parameter (2:TIMESTAMP) <- [null]
2026-08-21T20:28:30.930+09:00 TRACE 3764 --- [Pokade] [nio-8080-exec-9] org.hibernate.orm.jdbc.bind              : binding parameter (3:TIMESTAMP) <- [null]
2026-08-21T20:28:30.930+09:00 TRACE 3764 --- [Pokade] [nio-8080-exec-9] org.hibernate.orm.jdbc.bind              : binding parameter (4:TIMESTAMP) <- [null]
2026-08-21T20:28:30.930+09:00 TRACE 3764 --- [Pokade] [nio-8080-exec-9] org.hibernate.orm.jdbc.bind              : binding parameter (5:BIGINT) <- [1089]
2026-08-21T20:28:30.931+09:00 TRACE 3764 --- [Pokade] [nio-8080-exec-9] org.hibernate.orm.jdbc.bind              : binding parameter (6:INTEGER) <- [280000]
2026-08-21T20:28:30.931+09:00 TRACE 3764 --- [Pokade] [nio-8080-exec-9] org.hibernate.orm.jdbc.bind              : binding parameter (7:VARCHAR) <- [Seoul Gangnam]
2026-08-21T20:28:30.931+09:00 TRACE 3764 --- [Pokade] [nio-8080-exec-9] org.hibernate.orm.jdbc.bind              : binding parameter (8:VARCHAR) <- [Kim]
2026-08-21T20:28:30.931+09:00 TRACE 3764 --- [Pokade] [nio-8080-exec-9] org.hibernate.orm.jdbc.bind              : binding parameter (9:VARCHAR) <- [010-1234-5678]
2026-08-21T20:28:30.931+09:00 TRACE 3764 --- [Pokade] [nio-8080-exec-9] org.hibernate.orm.jdbc.bind              : binding parameter (10:TIMESTAMP) <- [null]
2026-08-21T20:28:30.931+09:00 TRACE 3764 --- [Pokade] [nio-8080-exec-9] org.hibernate.orm.jdbc.bind              : binding parameter (11:TIMESTAMP) <- [null]
2026-08-21T20:28:30.931+09:00 TRACE 3764 --- [Pokade] [nio-8080-exec-9] org.hibernate.orm.jdbc.bind              : binding parameter (12:VARCHAR) <- [CANCELLED]
2026-08-21T20:28:30.931+09:00 TRACE 3764 --- [Pokade] [nio-8080-exec-9] org.hibernate.orm.jdbc.bind              : binding parameter (13:BIGINT) <- [708]
2026-08-21T20:28:30.932+09:00 DEBUG 3764 --- [Pokade] [nio-8080-exec-9] org.hibernate.SQL                        : 
    update
        payments 
    set
        amount=?,
        buyer_id=?,
        method=?,
        paid_at=?,
        points_used=?,
        refunded_at=?,
        status=?,
        toss_payment_key=?,
        trade_id=? 
    where
        id=?
Hibernate: 
    update
        payments 
    set
        amount=?,
        buyer_id=?,
        method=?,
        paid_at=?,
        points_used=?,
        refunded_at=?,
        status=?,
        toss_payment_key=?,
        trade_id=? 
    where
        id=?
2026-08-21T20:28:30.932+09:00 TRACE 3764 --- [Pokade] [nio-8080-exec-9] org.hibernate.orm.jdbc.bind              : binding parameter (1:INTEGER) <- [0]
2026-08-21T20:28:30.932+09:00 TRACE 3764 --- [Pokade] [nio-8080-exec-9] org.hibernate.orm.jdbc.bind              : binding parameter (2:BIGINT) <- [2]
2026-08-21T20:28:30.932+09:00 TRACE 3764 --- [Pokade] [nio-8080-exec-9] org.hibernate.orm.jdbc.bind              : binding parameter (3:VARCHAR) <- [CARD]
2026-08-21T20:28:30.932+09:00 TRACE 3764 --- [Pokade] [nio-8080-exec-9] org.hibernate.orm.jdbc.bind              : binding parameter (4:TIMESTAMP) <- [null]
2026-08-21T20:28:30.932+09:00 TRACE 3764 --- [Pokade] [nio-8080-exec-9] org.hibernate.orm.jdbc.bind              : binding parameter (5:INTEGER) <- [283000]
2026-08-21T20:28:30.932+09:00 TRACE 3764 --- [Pokade] [nio-8080-exec-9] org.hibernate.orm.jdbc.bind              : binding parameter (6:TIMESTAMP) <- [2026-08-21T20:28:30.926502300]
2026-08-21T20:28:30.932+09:00 TRACE 3764 --- [Pokade] [nio-8080-exec-9] org.hibernate.orm.jdbc.bind              : binding parameter (7:VARCHAR) <- [REFUNDED]
2026-08-21T20:28:30.932+09:00 TRACE 3764 --- [Pokade] [nio-8080-exec-9] org.hibernate.orm.jdbc.bind              : binding parameter (8:VARCHAR) <- [null]
2026-08-21T20:28:30.932+09:00 TRACE 3764 --- [Pokade] [nio-8080-exec-9] org.hibernate.orm.jdbc.bind              : binding parameter (9:BIGINT) <- [708]
2026-08-21T20:28:30.932+09:00 TRACE 3764 --- [Pokade] [nio-8080-exec-9] org.hibernate.orm.jdbc.bind              : binding parameter (10:BIGINT) <- [7]
2026-08-21T20:28:34.871+09:00 DEBUG 3764 --- [Pokade] [l-1:housekeeper] com.zaxxer.hikari.pool.HikariPool        : HikariPool-1 - keepalive: connection org.postgresql.jdbc.PgConnection@1c1e0b8f is alive
2026-08-21T20:28:37.069+09:00 DEBUG 3764 --- [Pokade] [l-1:housekeeper] com.zaxxer.hikari.pool.HikariPool        : HikariPool-1 - keepalive: connection org.postgresql.jdbc.PgConnection@16e660ff is alive
2026-08-21T20:28:39.573+09:00 DEBUG 3764 --- [Pokade] [l-1:housekeeper] com.zaxxer.hikari.pool.HikariPool        : HikariPool-1 - Pool stats (total=10/10, idle=10/10, active=0, waiting=0)
2026-08-21T20:28:39.573+09:00 DEBUG 3764 --- [Pokade] [l-1:housekeeper] com.zaxxer.hikari.pool.HikariPool        : HikariPool-1 - Fill pool skipped, pool has sufficient level or currently being filled.
2026-08-21T20:28:41.476+09:00 DEBUG 3764 --- [Pokade] [nio-8080-exec-2] org.hibernate.SQL                        : 
    select
        n1_0.id,
        n1_0.card_id,
        n1_0.created_at,
        n1_0.is_read,
        n1_0.message,
        n1_0.type,
        n1_0.user_id 
    from
        notifications n1_0 
    where
        n1_0.user_id=? 
    order by
        n1_0.created_at desc 
    fetch
        first ? rows only
Hibernate: 
    select
        n1_0.id,
        n1_0.card_id,
        n1_0.created_at,
        n1_0.is_read,
        n1_0.message,
        n1_0.type,
        n1_0.user_id 
    from
        notifications n1_0 
    where
        n1_0.user_id=? 
    order by
        n1_0.created_at desc 
    fetch
        first ? rows only
2026-08-21T20:28:41.476+09:00 TRACE 3764 --- [Pokade] [nio-8080-exec-2] org.hibernate.orm.jdbc.bind              : binding parameter (1:BIGINT) <- [3]
2026-08-21T20:28:41.476+09:00 TRACE 3764 --- [Pokade] [nio-8080-exec-2] org.hibernate.orm.jdbc.bind              : binding parameter (2:INTEGER) <- [20]
2026-08-21T20:28:41.484+09:00 DEBUG 3764 --- [Pokade] [nio-8080-exec-5] org.hibernate.SQL                        : 
    select
        n1_0.id,
        n1_0.card_id,
        n1_0.created_at,
        n1_0.is_read,
        n1_0.message,
        n1_0.type,
        n1_0.user_id 
    from
        notifications n1_0 
    where
        n1_0.user_id=? 
    order by
        n1_0.created_at desc 
    fetch
        first ? rows only
Hibernate: 
    select
        n1_0.id,
        n1_0.card_id,
        n1_0.created_at,
        n1_0.is_read,
        n1_0.message,
        n1_0.type,
        n1_0.user_id 
    from
        notifications n1_0 
    where
        n1_0.user_id=? 
    order by
        n1_0.created_at desc 
    fetch
        first ? rows only
2026-08-21T20:28:41.484+09:00 TRACE 3764 --- [Pokade] [nio-8080-exec-5] org.hibernate.orm.jdbc.bind              : binding parameter (1:BIGINT) <- [3]
2026-08-21T20:28:41.484+09:00 TRACE 3764 --- [Pokade] [nio-8080-exec-5] org.hibernate.orm.jdbc.bind              : binding parameter (2:INTEGER) <- [20]
2026-08-21T20:29:09.582+09:00 DEBUG 3764 --- [Pokade] [l-1:housekeeper] com.zaxxer.hikari.pool.HikariPool        : HikariPool-1 - Pool stats (total=10/10, idle=10/10, active=0, waiting=0)
2026-08-21T20:29:09.582+09:00 DEBUG 3764 --- [Pokade] [l-1:housekeeper] com.zaxxer.hikari.pool.HikariPool        : HikariPool-1 - Fill pool skipped, pool has sufficient level or currently being filled.
2026-08-21T20:29:35.163+09:00 DEBUG 3764 --- [Pokade] [l-1:housekeeper] com.zaxxer.hikari.pool.HikariPool        : HikariPool-1 - keepalive: connection org.postgresql.jdbc.PgConnection@27183b9 is alive
2026-08-21T20:29:36.737+09:00 DEBUG 3764 --- [Pokade] [l-1:housekeeper] com.zaxxer.hikari.pool.HikariPool        : HikariPool-1 - keepalive: connection org.postgresql.jdbc.PgConnection@688f2ce0 is alive
2026-08-21T20:29:38.481+09:00  INFO 3764 --- [Pokade] [nio-8080-exec-7] c.p.d.n.store.SseEmitterStore            : [SSE] Emitter 등록 userId=3, 현재 연결 수=1
2026-08-21T20:29:38.495+09:00  INFO 3764 --- [Pokade] [nio-8080-exec-3] c.p.d.n.store.SseEmitterStore            : [SSE] Emitter 등록 userId=3, 현재 연결 수=2
2026-08-21T20:29:39.591+09:00 DEBUG 3764 --- [Pokade] [l-1:housekeeper] com.zaxxer.hikari.pool.HikariPool        : HikariPool-1 - Pool stats (total=10/10, idle=10/10, active=0, waiting=0)
2026-08-21T20:29:39.591+09:00 DEBUG 3764 --- [Pokade] [l-1:housekeeper] com.zaxxer.hikari.pool.HikariPool        : HikariPool-1 - Fill pool skipped, pool has sufficient level or currently being filled.
2026-08-21T20:29:42.459+09:00 DEBUG 3764 --- [Pokade] [l-1:housekeeper] com.zaxxer.hikari.pool.HikariPool        : HikariPool-1 - keepalive: connection org.postgresql.jdbc.PgConnection@39336927 is alive
2026-08-21T20:29:47.161+09:00 DEBUG 3764 --- [Pokade] [l-1:housekeeper] com.zaxxer.hikari.pool.HikariPool        : HikariPool-1 - keepalive: connection org.postgresql.jdbc.PgConnection@7cd8f42c is alive
2026-08-21T20:29:49.143+09:00 DEBUG 3764 --- [Pokade] [l-1:housekeeper] com.zaxxer.hikari.pool.HikariPool        : HikariPool-1 - keepalive: connection org.postgresql.jdbc.PgConnection@4a1100d is alive
2026-08-21T20:29:57.701+09:00 DEBUG 3764 --- [Pokade] [l-1:housekeeper] com.zaxxer.hikari.pool.HikariPool        : HikariPool-1 - keepalive: connection org.postgresql.jdbc.PgConnection@18219c53 is alive
2026-08-21T20:30:00.006+09:00 DEBUG 3764 --- [Pokade] [   scheduling-1] org.hibernate.SQL                        : 
    select
        w1_0.id,
        w1_0.card_id,
        w1_0.created_at,
        w1_0.is_notified,
        w1_0.listing_notified,
        w1_0.target_buy_price,
        w1_0.target_sell_price,
        w1_0.user_id,
        w1_0.variant_id 
    from
        watchlist w1_0 
    where
        w1_0.listing_notified=true
Hibernate: 
    select
        w1_0.id,
        w1_0.card_id,
        w1_0.created_at,
        w1_0.is_notified,
        w1_0.listing_notified,
        w1_0.target_buy_price,
        w1_0.target_sell_price,
        w1_0.user_id,
        w1_0.variant_id 
    from
        watchlist w1_0 
    where
        w1_0.listing_notified=true
2026-08-21T20:30:00.017+09:00 DEBUG 3764 --- [Pokade] [l-1:housekeeper] com.zaxxer.hikari.pool.HikariPool        : HikariPool-1 - keepalive: connection org.postgresql.jdbc.PgConnection@3c3a8246 is alive
2026-08-21T20:30:03.896+09:00 DEBUG 3764 --- [Pokade] [l-1:housekeeper] com.zaxxer.hikari.pool.HikariPool        : HikariPool-1 - keepalive: connection org.postgresql.jdbc.PgConnection@591c9668 is alive
2026-08-21T20:30:09.607+09:00 DEBUG 3764 --- [Pokade] [l-1:housekeeper] com.zaxxer.hikari.pool.HikariPool        : HikariPool-1 - Pool stats (total=10/10, idle=10/10, active=0, waiting=0)
2026-08-21T20:30:09.607+09:00 DEBUG 3764 --- [Pokade] [l-1:housekeeper] com.zaxxer.hikari.pool.HikariPool        : HikariPool-1 - Fill pool skipped, pool has sufficient level or currently being filled.
2026-08-21T20:30:32.487+09:00 DEBUG 3764 --- [Pokade] [l-1:housekeeper] com.zaxxer.hikari.pool.HikariPool        : HikariPool-1 - keepalive: connection org.postgresql.jdbc.PgConnection@1c1e0b8f is alive
2026-08-21T20:30:35.847+09:00 DEBUG 3764 --- [Pokade] [l-1:housekeeper] com.zaxxer.hikari.pool.HikariPool        : HikariPool-1 - keepalive: connection org.postgresql.jdbc.PgConnection@16e660ff is alive
2026-08-21T20:30:39.619+09:00 DEBUG 3764 --- [Pokade] [l-1:housekeeper] com.zaxxer.hikari.pool.HikariPool        : HikariPool-1 - Pool stats (total=10/10, idle=10/10, active=0, waiting=0)
2026-08-21T20:30:39.620+09:00 DEBUG 3764 --- [Pokade] [l-1:housekeeper] com.zaxxer.hikari.pool.HikariPool        : HikariPool-1 - Fill pool skipped, pool has sufficient level or currently being filled.
2026-08-21T20:31:09.632+09:00 DEBUG 3764 --- [Pokade] [l-1:housekeeper] com.zaxxer.hikari.pool.HikariPool        : HikariPool-1 - Pool stats (total=10/10, idle=10/10, active=0, waiting=0)
2026-08-21T20:31:09.632+09:00 DEBUG 3764 --- [Pokade] [l-1:housekeeper] com.zaxxer.hikari.pool.HikariPool        : HikariPool-1 - Fill pool skipped, pool has sufficient level or currently being filled.
2026-08-21T20:31:13.546+09:00 DEBUG 3764 --- [Pokade] [l-1:housekeeper] com.zaxxer.hikari.pool.HikariPool        : HikariPool-1 - keepalive: connection org.postgresql.jdbc.PgConnection@27183b9 is alive
2026-08-21T20:31:15.719+09:00 DEBUG 3764 --- [Pokade] [l-1:housekeeper] com.zaxxer.hikari.pool.HikariPool        : HikariPool-1 - keepalive: connection org.postgresql.jdbc.PgConnection@688f2ce0 is alive
2026-08-21T20:31:23.313+09:00 DEBUG 3764 --- [Pokade] [l-1:housekeeper] com.zaxxer.hikari.pool.HikariPool        : HikariPool-1 - keepalive: connection org.postgresql.jdbc.PgConnection@39336927 is alive
2026-08-21T20:31:29.629+09:00 DEBUG 3764 --- [Pokade] [l-1:housekeeper] com.zaxxer.hikari.pool.HikariPool        : HikariPool-1 - keepalive: connection org.postgresql.jdbc.PgConnection@7cd8f42c is alive
2026-08-21T20:31:32.235+09:00 DEBUG 3764 --- [Pokade] [l-1:housekeeper] com.zaxxer.hikari.pool.HikariPool        : HikariPool-1 - keepalive: connection org.postgresql.jdbc.PgConnection@4a1100d is alive
2026-08-21T20:31:39.634+09:00 DEBUG 3764 --- [Pokade] [l-1:housekeeper] com.zaxxer.hikari.pool.HikariPool        : HikariPool-1 - Pool stats (total=10/10, idle=10/10, active=0, waiting=0)
2026-08-21T20:31:39.634+09:00 DEBUG 3764 --- [Pokade] [l-1:housekeeper] com.zaxxer.hikari.pool.HikariPool        : HikariPool-1 - Fill pool skipped, pool has sufficient level or currently being filled.
2026-08-21T20:31:43.738+09:00 DEBUG 3764 --- [Pokade] [l-1:housekeeper] com.zaxxer.hikari.pool.HikariPool        : HikariPool-1 - keepalive: connection org.postgresql.jdbc.PgConnection@18219c53 is alive
2026-08-21T20:31:46.893+09:00 DEBUG 3764 --- [Pokade] [l-1:housekeeper] com.zaxxer.hikari.pool.HikariPool        : HikariPool-1 - keepalive: connection org.postgresql.jdbc.PgConnection@3c3a8246 is alive
2026-08-21T20:31:51.960+09:00 DEBUG 3764 --- [Pokade] [l-1:housekeeper] com.zaxxer.hikari.pool.HikariPool        : HikariPool-1 - keepalive: connection org.postgresql.jdbc.PgConnection@591c9668 is alive
2026-08-21T20:32:09.643+09:00 DEBUG 3764 --- [Pokade] [l-1:housekeeper] com.zaxxer.hikari.pool.HikariPool        : HikariPool-1 - Pool stats (total=10/10, idle=10/10, active=0, waiting=0)
2026-08-21T20:32:09.643+09:00 DEBUG 3764 --- [Pokade] [l-1:housekeeper] com.zaxxer.hikari.pool.HikariPool        : HikariPool-1 - Fill pool skipped, pool has sufficient level or currently being filled.
2026-08-21T20:32:30.114+09:00 DEBUG 3764 --- [Pokade] [l-1:housekeeper] com.zaxxer.hikari.pool.HikariPool        : HikariPool-1 - keepalive: connection org.postgresql.jdbc.PgConnection@1c1e0b8f is alive
2026-08-21T20:32:34.618+09:00 DEBUG 3764 --- [Pokade] [l-1:housekeeper] com.zaxxer.hikari.pool.HikariPool        : HikariPool-1 - keepalive: connection org.postgresql.jdbc.PgConnection@16e660ff is alive
2026-08-21T20:32:39.651+09:00 DEBUG 3764 --- [Pokade] [l-1:housekeeper] com.zaxxer.hikari.pool.HikariPool        : HikariPool-1 - Pool stats (total=10/10, idle=10/10, active=0, waiting=0)
2026-08-21T20:32:39.651+09:00 DEBUG 3764 --- [Pokade] [l-1:housekeeper] com.zaxxer.hikari.pool.HikariPool        : HikariPool-1 - Fill pool skipped, pool has sufficient level or currently being filled.
2026-08-21T20:32:51.933+09:00 DEBUG 3764 --- [Pokade] [l-1:housekeeper] com.zaxxer.hikari.pool.HikariPool        : HikariPool-1 - keepalive: connection org.postgresql.jdbc.PgConnection@27183b9 is alive
2026-08-21T20:32:54.693+09:00 DEBUG 3764 --- [Pokade] [l-1:housekeeper] com.zaxxer.hikari.pool.HikariPool        : HikariPool-1 - keepalive: connection org.postgresql.jdbc.PgConnection@688f2ce0 is alive
2026-08-21T20:33:04.162+09:00 DEBUG 3764 --- [Pokade] [l-1:housekeeper] com.zaxxer.hikari.pool.HikariPool        : HikariPool-1 - keepalive: connection org.postgresql.jdbc.PgConnection@39336927 is alive
2026-08-21T20:33:09.660+09:00 DEBUG 3764 --- [Pokade] [l-1:housekeeper] com.zaxxer.hikari.pool.HikariPool        : HikariPool-1 - Pool stats (total=10/10, idle=10/10, active=0, waiting=0)
2026-08-21T20:33:09.660+09:00 DEBUG 3764 --- [Pokade] [l-1:housekeeper] com.zaxxer.hikari.pool.HikariPool        : HikariPool-1 - Fill pool skipped, pool has sufficient level or currently being filled.
2026-08-21T20:33:12.100+09:00 DEBUG 3764 --- [Pokade] [l-1:housekeeper] com.zaxxer.hikari.pool.HikariPool        : HikariPool-1 - keepalive: connection org.postgresql.jdbc.PgConnection@7cd8f42c is alive
2026-08-21T20:33:15.324+09:00 DEBUG 3764 --- [Pokade] [l-1:housekeeper] com.zaxxer.hikari.pool.HikariPool        : HikariPool-1 - keepalive: connection org.postgresql.jdbc.PgConnection@4a1100d is alive
2026-08-21T20:33:29.778+09:00 DEBUG 3764 --- [Pokade] [l-1:housekeeper] com.zaxxer.hikari.pool.HikariPool        : HikariPool-1 - keepalive: connection org.postgresql.jdbc.PgConnection@18219c53 is alive
2026-08-21T20:33:33.762+09:00 DEBUG 3764 --- [Pokade] [l-1:housekeeper] com.zaxxer.hikari.pool.HikariPool        : HikariPool-1 - keepalive: connection org.postgresql.jdbc.PgConnection@3c3a8246 is alive
2026-08-21T20:33:39.673+09:00 DEBUG 3764 --- [Pokade] [l-1:housekeeper] com.zaxxer.hikari.pool.HikariPool        : HikariPool-1 - Pool stats (total=10/10, idle=10/10, active=0, waiting=0)
2026-08-21T20:33:39.673+09:00 DEBUG 3764 --- [Pokade] [l-1:housekeeper] com.zaxxer.hikari.pool.HikariPool        : HikariPool-1 - Fill pool skipped, pool has sufficient level or currently being filled.
2026-08-21T20:33:40.031+09:00 DEBUG 3764 --- [Pokade] [l-1:housekeeper] com.zaxxer.hikari.pool.HikariPool        : HikariPool-1 - keepalive: connection org.postgresql.jdbc.PgConnection@591c9668 is alive
2026-08-21T20:34:09.688+09:00 DEBUG 3764 --- [Pokade] [l-1:housekeeper] com.zaxxer.hikari.pool.HikariPool        : HikariPool-1 - Pool stats (total=10/10, idle=10/10, active=0, waiting=0)
2026-08-21T20:34:09.688+09:00 DEBUG 3764 --- [Pokade] [l-1:housekeeper] com.zaxxer.hikari.pool.HikariPool        : HikariPool-1 - Fill pool skipped, pool has sufficient level or currently being filled.
2026-08-21T20:34:27.740+09:00 DEBUG 3764 --- [Pokade] [l-1:housekeeper] com.zaxxer.hikari.pool.HikariPool        : HikariPool-1 - keepalive: connection org.postgresql.jdbc.PgConnection@1c1e0b8f is alive
2026-08-21T20:34:30.329+09:00 DEBUG 3764 --- [Pokade] [l-1:housekeeper] com.zaxxer.hikari.pool.HikariPool        : HikariPool-1 - keepalive: connection org.postgresql.jdbc.PgConnection@27183b9 is alive
2026-08-21T20:34:33.395+09:00 DEBUG 3764 --- [Pokade] [l-1:housekeeper] com.zaxxer.hikari.pool.HikariPool        : HikariPool-1 - keepalive: connection org.postgresql.jdbc.PgConnection@16e660ff is alive
2026-08-21T20:34:33.676+09:00 DEBUG 3764 --- [Pokade] [l-1:housekeeper] com.zaxxer.hikari.pool.HikariPool        : HikariPool-1 - keepalive: connection org.postgresql.jdbc.PgConnection@688f2ce0 is alive
2026-08-21T20:34:39.699+09:00 DEBUG 3764 --- [Pokade] [l-1:housekeeper] com.zaxxer.hikari.pool.HikariPool        : HikariPool-1 - Pool stats (total=10/10, idle=10/10, active=0, waiting=0)
2026-08-21T20:34:39.699+09:00 DEBUG 3764 --- [Pokade] [l-1:housekeeper] com.zaxxer.hikari.pool.HikariPool        : HikariPool-1 - Fill pool skipped, pool has sufficient level or currently being filled.
2026-08-21T20:34:45.005+09:00 DEBUG 3764 --- [Pokade] [l-1:housekeeper] com.zaxxer.hikari.pool.HikariPool        : HikariPool-1 - keepalive: connection org.postgresql.jdbc.PgConnection@39336927 is alive
2026-08-21T20:34:54.565+09:00 DEBUG 3764 --- [Pokade] [l-1:housekeeper] com.zaxxer.hikari.pool.HikariPool        : HikariPool-1 - keepalive: connection org.postgresql.jdbc.PgConnection@7cd8f42c is alive
2026-08-21T20:34:58.416+09:00 DEBUG 3764 --- [Pokade] [l-1:housekeeper] com.zaxxer.hikari.pool.HikariPool        : HikariPool-1 - keepalive: connection org.postgresql.jdbc.PgConnection@4a1100d is alive
2026-08-21T20:35:09.714+09:00 DEBUG 3764 --- [Pokade] [l-1:housekeeper] com.zaxxer.hikari.pool.HikariPool        : HikariPool-1 - Pool stats (total=10/10, idle=10/10, active=0, waiting=0)
2026-08-21T20:35:09.714+09:00 DEBUG 3764 --- [Pokade] [l-1:housekeeper] com.zaxxer.hikari.pool.HikariPool        : HikariPool-1 - Fill pool skipped, pool has sufficient level or currently being filled.
2026-08-21T20:35:15.819+09:00 DEBUG 3764 --- [Pokade] [l-1:housekeeper] com.zaxxer.hikari.pool.HikariPool        : HikariPool-1 - keepalive: connection org.postgresql.jdbc.PgConnection@18219c53 is alive
2026-08-21T20:35:20.641+09:00 DEBUG 3764 --- [Pokade] [l-1:housekeeper] com.zaxxer.hikari.pool.HikariPool        : HikariPool-1 - keepalive: connection org.postgresql.jdbc.PgConnection@3c3a8246 is alive
2026-08-21T20:35:28.105+09:00 DEBUG 3764 --- [Pokade] [l-1:housekeeper] com.zaxxer.hikari.pool.HikariPool        : HikariPool-1 - keepalive: connection org.postgresql.jdbc.PgConnection@591c9668 is alive
2026-08-21T20:35:39.722+09:00 DEBUG 3764 --- [Pokade] [l-1:housekeeper] com.zaxxer.hikari.pool.HikariPool        : HikariPool-1 - Pool stats (total=10/10, idle=10/10, active=0, waiting=0)
2026-08-21T20:35:39.722+09:00 DEBUG 3764 --- [Pokade] [l-1:housekeeper] com.zaxxer.hikari.pool.HikariPool        : HikariPool-1 - Fill pool skipped, pool has sufficient level or currently being filled.
2026-08-21T20:36:08.718+09:00 DEBUG 3764 --- [Pokade] [l-1:housekeeper] com.zaxxer.hikari.pool.HikariPool        : HikariPool-1 - keepalive: connection org.postgresql.jdbc.PgConnection@27183b9 is alive
2026-08-21T20:36:09.725+09:00 DEBUG 3764 --- [Pokade] [l-1:housekeeper] com.zaxxer.hikari.pool.HikariPool        : HikariPool-1 - Pool stats (total=10/10, idle=10/10, active=0, waiting=0)
2026-08-21T20:36:09.725+09:00 DEBUG 3764 --- [Pokade] [l-1:housekeeper] com.zaxxer.hikari.pool.HikariPool        : HikariPool-1 - Fill pool skipped, pool has sufficient level or currently being filled.
2026-08-21T20:36:12.648+09:00 DEBUG 3764 --- [Pokade] [l-1:housekeeper] com.zaxxer.hikari.pool.HikariPool        : HikariPool-1 - keepalive: connection org.postgresql.jdbc.PgConnection@688f2ce0 is alive
2026-08-21T20:36:25.360+09:00 DEBUG 3764 --- [Pokade] [l-1:housekeeper] com.zaxxer.hikari.pool.HikariPool        : HikariPool-1 - keepalive: connection org.postgresql.jdbc.PgConnection@1c1e0b8f is alive
2026-08-21T20:36:25.856+09:00 DEBUG 3764 --- [Pokade] [l-1:housekeeper] com.zaxxer.hikari.pool.HikariPool        : HikariPool-1 - keepalive: connection org.postgresql.jdbc.PgConnection@39336927 is alive
2026-08-21T20:36:32.175+09:00 DEBUG 3764 --- [Pokade] [l-1:housekeeper] com.zaxxer.hikari.pool.HikariPool        : HikariPool-1 - keepalive: connection org.postgresql.jdbc.PgConnection@16e660ff is alive
2026-08-21T20:36:37.028+09:00 DEBUG 3764 --- [Pokade] [l-1:housekeeper] com.zaxxer.hikari.pool.HikariPool        : HikariPool-1 - keepalive: connection org.postgresql.jdbc.PgConnection@7cd8f42c is alive
2026-08-21T20:36:39.735+09:00 DEBUG 3764 --- [Pokade] [l-1:housekeeper] com.zaxxer.hikari.pool.HikariPool        : HikariPool-1 - Pool stats (total=10/10, idle=10/10, active=0, waiting=0)
2026-08-21T20:36:39.735+09:00 DEBUG 3764 --- [Pokade] [l-1:housekeeper] com.zaxxer.hikari.pool.HikariPool        : HikariPool-1 - Fill pool skipped, pool has sufficient level or currently being filled.
2026-08-21T20:36:41.505+09:00 DEBUG 3764 --- [Pokade] [l-1:housekeeper] com.zaxxer.hikari.pool.HikariPool        : HikariPool-1 - keepalive: connection org.postgresql.jdbc.PgConnection@4a1100d is alive
2026-08-21T20:37:01.858+09:00 DEBUG 3764 --- [Pokade] [l-1:housekeeper] com.zaxxer.hikari.pool.HikariPool        : HikariPool-1 - keepalive: connection org.postgresql.jdbc.PgConnection@18219c53 is alive
2026-08-21T20:37:07.519+09:00 DEBUG 3764 --- [Pokade] [l-1:housekeeper] com.zaxxer.hikari.pool.HikariPool        : HikariPool-1 - keepalive: connection org.postgresql.jdbc.PgConnection@3c3a8246 is alive
2026-08-21T20:37:09.741+09:00 DEBUG 3764 --- [Pokade] [l-1:housekeeper] com.zaxxer.hikari.pool.HikariPool        : HikariPool-1 - Pool stats (total=10/10, idle=10/10, active=0, waiting=0)
2026-08-21T20:37:09.741+09:00 DEBUG 3764 --- [Pokade] [l-1:housekeeper] com.zaxxer.hikari.pool.HikariPool        : HikariPool-1 - Fill pool skipped, pool has sufficient level or currently being filled.
2026-08-21T20:37:16.168+09:00 DEBUG 3764 --- [Pokade] [l-1:housekeeper] com.zaxxer.hikari.pool.HikariPool        : HikariPool-1 - keepalive: connection org.postgresql.jdbc.PgConnection@591c9668 is alive
2026-08-21T20:37:39.753+09:00 DEBUG 3764 --- [Pokade] [l-1:housekeeper] com.zaxxer.hikari.pool.HikariPool        : HikariPool-1 - Pool stats (total=10/10, idle=10/10, active=0, waiting=0)
2026-08-21T20:37:39.753+09:00 DEBUG 3764 --- [Pokade] [l-1:housekeeper] com.zaxxer.hikari.pool.HikariPool        : HikariPool-1 - Fill pool skipped, pool has sufficient level or currently being filled.
2026-08-21T20:37:47.106+09:00 DEBUG 3764 --- [Pokade] [l-1:housekeeper] com.zaxxer.hikari.pool.HikariPool        : HikariPool-1 - keepalive: connection org.postgresql.jdbc.PgConnection@27183b9 is alive
2026-08-21T20:37:51.621+09:00 DEBUG 3764 --- [Pokade] [l-1:housekeeper] com.zaxxer.hikari.pool.HikariPool        : HikariPool-1 - keepalive: connection org.postgresql.jdbc.PgConnection@688f2ce0 is alive
2026-08-21T20:38:06.706+09:00 DEBUG 3764 --- [Pokade] [l-1:housekeeper] com.zaxxer.hikari.pool.HikariPool        : HikariPool-1 - keepalive: connection org.postgresql.jdbc.PgConnection@39336927 is alive
2026-08-21T20:38:09.763+09:00 DEBUG 3764 --- [Pokade] [l-1:housekeeper] com.zaxxer.hikari.pool.HikariPool        : HikariPool-1 - Pool stats (total=10/10, idle=10/10, active=0, waiting=0)
2026-08-21T20:38:09.763+09:00 DEBUG 3764 --- [Pokade] [l-1:housekeeper] com.zaxxer.hikari.pool.HikariPool        : HikariPool-1 - Fill pool skipped, pool has sufficient level or currently being filled.
2026-08-21T20:38:19.499+09:00 DEBUG 3764 --- [Pokade] [l-1:housekeeper] com.zaxxer.hikari.pool.HikariPool        : HikariPool-1 - keepalive: connection org.postgresql.jdbc.PgConnection@7cd8f42c is alive
2026-08-21T20:38:22.975+09:00 DEBUG 3764 --- [Pokade] [l-1:housekeeper] com.zaxxer.hikari.pool.HikariPool        : HikariPool-1 - keepalive: connection org.postgresql.jdbc.PgConnection@1c1e0b8f is alive
2026-08-21T20:38:24.593+09:00 DEBUG 3764 --- [Pokade] [l-1:housekeeper] com.zaxxer.hikari.pool.HikariPool        : HikariPool-1 - keepalive: connection org.postgresql.jdbc.PgConnection@4a1100d is alive
2026-08-21T20:38:30.951+09:00 DEBUG 3764 --- [Pokade] [l-1:housekeeper] com.zaxxer.hikari.pool.HikariPool        : HikariPool-1 - keepalive: connection org.postgresql.jdbc.PgConnection@16e660ff is alive
2026-08-21T20:38:39.777+09:00 DEBUG 3764 --- [Pokade] [l-1:housekeeper] com.zaxxer.hikari.pool.HikariPool        : HikariPool-1 - Pool stats (total=10/10, idle=10/10, active=0, waiting=0)
2026-08-21T20:38:39.777+09:00 DEBUG 3764 --- [Pokade] [l-1:housekeeper] com.zaxxer.hikari.pool.HikariPool        : HikariPool-1 - Fill pool skipped, pool has sufficient level or currently being filled.
2026-08-21T20:38:47.896+09:00 DEBUG 3764 --- [Pokade] [l-1:housekeeper] com.zaxxer.hikari.pool.HikariPool        : HikariPool-1 - keepalive: connection org.postgresql.jdbc.PgConnection@18219c53 is alive
2026-08-21T20:38:54.388+09:00 DEBUG 3764 --- [Pokade] [l-1:housekeeper] com.zaxxer.hikari.pool.HikariPool        : HikariPool-1 - keepalive: connection org.postgresql.jdbc.PgConnection@3c3a8246 is alive
2026-08-21T20:39:04.229+09:00 DEBUG 3764 --- [Pokade] [l-1:housekeeper] com.zaxxer.hikari.pool.HikariPool        : HikariPool-1 - keepalive: connection org.postgresql.jdbc.PgConnection@591c9668 is alive
2026-08-21T20:39:09.785+09:00 DEBUG 3764 --- [Pokade] [l-1:housekeeper] com.zaxxer.hikari.pool.HikariPool        : HikariPool-1 - Pool stats (total=10/10, idle=10/10, active=0, waiting=0)
2026-08-21T20:39:09.785+09:00 DEBUG 3764 --- [Pokade] [l-1:housekeeper] com.zaxxer.hikari.pool.HikariPool        : HikariPool-1 - Fill pool skipped, pool has sufficient level or currently being filled.
2026-08-21T20:39:25.500+09:00 DEBUG 3764 --- [Pokade] [l-1:housekeeper] com.zaxxer.hikari.pool.HikariPool        : HikariPool-1 - keepalive: connection org.postgresql.jdbc.PgConnection@27183b9 is alive
2026-08-21T20:39:30.598+09:00 DEBUG 3764 --- [Pokade] [l-1:housekeeper] com.zaxxer.hikari.pool.HikariPool        : HikariPool-1 - keepalive: connection org.postgresql.jdbc.PgConnection@688f2ce0 is alive
2026-08-21T20:39:39.793+09:00 DEBUG 3764 --- [Pokade] [l-1:housekeeper] com.zaxxer.hikari.pool.HikariPool        : HikariPool-1 - Pool stats (total=10/10, idle=10/10, active=0, waiting=0)
2026-08-21T20:39:39.793+09:00 DEBUG 3764 --- [Pokade] [l-1:housekeeper] com.zaxxer.hikari.pool.HikariPool        : HikariPool-1 - Fill pool skipped, pool has sufficient level or currently being filled.
2026-08-21T20:39:47.553+09:00 DEBUG 3764 --- [Pokade] [l-1:housekeeper] com.zaxxer.hikari.pool.HikariPool        : HikariPool-1 - keepalive: connection org.postgresql.jdbc.PgConnection@39336927 is alive
2026-08-21T20:40:01.972+09:00 DEBUG 3764 --- [Pokade] [l-1:housekeeper] com.zaxxer.hikari.pool.HikariPool        : HikariPool-1 - keepalive: connection org.postgresql.jdbc.PgConnection@7cd8f42c is alive
2026-08-21T20:40:07.684+09:00 DEBUG 3764 --- [Pokade] [l-1:housekeeper] com.zaxxer.hikari.pool.HikariPool        : HikariPool-1 - keepalive: connection org.postgresql.jdbc.PgConnection@4a1100d is alive
2026-08-21T20:40:09.797+09:00 DEBUG 3764 --- [Pokade] [l-1:housekeeper] com.zaxxer.hikari.pool.HikariPool        : HikariPool-1 - Pool stats (total=10/10, idle=10/10, active=0, waiting=0)
2026-08-21T20:40:09.797+09:00 DEBUG 3764 --- [Pokade] [l-1:housekeeper] com.zaxxer.hikari.pool.HikariPool        : HikariPool-1 - Fill pool skipped, pool has sufficient level or currently being filled.
2026-08-21T20:40:20.592+09:00 DEBUG 3764 --- [Pokade] [l-1:housekeeper] com.zaxxer.hikari.pool.HikariPool        : HikariPool-1 - keepalive: connection org.postgresql.jdbc.PgConnection@1c1e0b8f is alive
2026-08-21T20:40:29.722+09:00 DEBUG 3764 --- [Pokade] [l-1:housekeeper] com.zaxxer.hikari.pool.HikariPool        : HikariPool-1 - keepalive: connection org.postgresql.jdbc.PgConnection@16e660ff is alive
2026-08-21T20:40:33.938+09:00 DEBUG 3764 --- [Pokade] [l-1:housekeeper] com.zaxxer.hikari.pool.HikariPool        : HikariPool-1 - keepalive: connection org.postgresql.jdbc.PgConnection@18219c53 is alive
2026-08-21T20:40:39.800+09:00 DEBUG 3764 --- [Pokade] [l-1:housekeeper] com.zaxxer.hikari.pool.HikariPool        : HikariPool-1 - Pool stats (total=10/10, idle=10/10, active=0, waiting=0)
2026-08-21T20:40:39.800+09:00 DEBUG 3764 --- [Pokade] [l-1:housekeeper] com.zaxxer.hikari.pool.HikariPool        : HikariPool-1 - Fill pool skipped, pool has sufficient level or currently being filled.
2026-08-21T20:40:41.271+09:00 DEBUG 3764 --- [Pokade] [l-1:housekeeper] com.zaxxer.hikari.pool.HikariPool        : HikariPool-1 - keepalive: connection org.postgresql.jdbc.PgConnection@3c3a8246 is alive
2026-08-21T20:40:52.292+09:00 DEBUG 3764 --- [Pokade] [l-1:housekeeper] com.zaxxer.hikari.pool.HikariPool        : HikariPool-1 - keepalive: connection org.postgresql.jdbc.PgConnection@591c9668 is alive
2026-08-21T20:41:03.891+09:00 DEBUG 3764 --- [Pokade] [l-1:housekeeper] com.zaxxer.hikari.pool.HikariPool        : HikariPool-1 - keepalive: connection org.postgresql.jdbc.PgConnection@27183b9 is alive
2026-08-21T20:41:09.581+09:00 DEBUG 3764 --- [Pokade] [l-1:housekeeper] com.zaxxer.hikari.pool.HikariPool        : HikariPool-1 - keepalive: connection org.postgresql.jdbc.PgConnection@688f2ce0 is alive
2026-08-21T20:41:09.812+09:00 DEBUG 3764 --- [Pokade] [l-1:housekeeper] com.zaxxer.hikari.pool.HikariPool        : HikariPool-1 - Pool stats (total=10/10, idle=10/10, active=0, waiting=0)
2026-08-21T20:41:09.812+09:00 DEBUG 3764 --- [Pokade] [l-1:housekeeper] com.zaxxer.hikari.pool.HikariPool        : HikariPool-1 - Fill pool skipped, pool has sufficient level or currently being filled.
2026-08-21T20:41:28.402+09:00 DEBUG 3764 --- [Pokade] [l-1:housekeeper] com.zaxxer.hikari.pool.HikariPool        : HikariPool-1 - keepalive: connection org.postgresql.jdbc.PgConnection@39336927 is alive
2026-08-21T20:41:39.814+09:00 DEBUG 3764 --- [Pokade] [l-1:housekeeper] com.zaxxer.hikari.pool.HikariPool        : HikariPool-1 - Pool stats (total=10/10, idle=10/10, active=0, waiting=0)
2026-08-21T20:41:39.814+09:00 DEBUG 3764 --- [Pokade] [l-1:housekeeper] com.zaxxer.hikari.pool.HikariPool        : HikariPool-1 - Fill pool skipped, pool has sufficient level or currently being filled.
2026-08-21T20:41:44.442+09:00 DEBUG 3764 --- [Pokade] [l-1:housekeeper] com.zaxxer.hikari.pool.HikariPool        : HikariPool-1 - keepalive: connection org.postgresql.jdbc.PgConnection@7cd8f42c is alive
2026-08-21T20:41:50.769+09:00 DEBUG 3764 --- [Pokade] [l-1:housekeeper] com.zaxxer.hikari.pool.HikariPool        : HikariPool-1 - keepalive: connection org.postgresql.jdbc.PgConnection@4a1100d is alive
2026-08-21T20:42:09.827+09:00 DEBUG 3764 --- [Pokade] [l-1:housekeeper] com.zaxxer.hikari.pool.HikariPool        : HikariPool-1 - Pool stats (total=10/10, idle=10/10, active=0, waiting=0)
2026-08-21T20:42:09.827+09:00 DEBUG 3764 --- [Pokade] [l-1:housekeeper] com.zaxxer.hikari.pool.HikariPool        : HikariPool-1 - Fill pool skipped, pool has sufficient level or currently being filled.
2026-08-21T20:42:18.216+09:00 DEBUG 3764 --- [Pokade] [l-1:housekeeper] com.zaxxer.hikari.pool.HikariPool        : HikariPool-1 - keepalive: connection org.postgresql.jdbc.PgConnection@1c1e0b8f is alive
2026-08-21T20:42:19.982+09:00 DEBUG 3764 --- [Pokade] [l-1:housekeeper] com.zaxxer.hikari.pool.HikariPool        : HikariPool-1 - keepalive: connection org.postgresql.jdbc.PgConnection@18219c53 is alive
2026-08-21T20:42:28.145+09:00 DEBUG 3764 --- [Pokade] [l-1:housekeeper] com.zaxxer.hikari.pool.HikariPool        : HikariPool-1 - keepalive: connection org.postgresql.jdbc.PgConnection@3c3a8246 is alive
2026-08-21T20:42:28.488+09:00 DEBUG 3764 --- [Pokade] [l-1:housekeeper] com.zaxxer.hikari.pool.HikariPool        : HikariPool-1 - keepalive: connection org.postgresql.jdbc.PgConnection@16e660ff is alive
2026-08-21T20:42:39.828+09:00 DEBUG 3764 --- [Pokade] [l-1:housekeeper] com.zaxxer.hikari.pool.HikariPool        : HikariPool-1 - Pool stats (total=10/10, idle=10/10, active=0, waiting=0)
2026-08-21T20:42:39.828+09:00 DEBUG 3764 --- [Pokade] [l-1:housekeeper] com.zaxxer.hikari.pool.HikariPool        : HikariPool-1 - Fill pool skipped, pool has sufficient level or currently being filled.
2026-08-21T20:42:40.358+09:00 DEBUG 3764 --- [Pokade] [l-1:housekeeper] com.zaxxer.hikari.pool.HikariPool        : HikariPool-1 - keepalive: connection org.postgresql.jdbc.PgConnection@591c9668 is alive
2026-08-21T20:42:42.282+09:00 DEBUG 3764 --- [Pokade] [l-1:housekeeper] com.zaxxer.hikari.pool.HikariPool        : HikariPool-1 - keepalive: connection org.postgresql.jdbc.PgConnection@27183b9 is alive
2026-08-21T20:42:48.554+09:00 DEBUG 3764 --- [Pokade] [l-1:housekeeper] com.zaxxer.hikari.pool.HikariPool        : HikariPool-1 - keepalive: connection org.postgresql.jdbc.PgConnection@688f2ce0 is alive
2026-08-21T20:43:09.248+09:00 DEBUG 3764 --- [Pokade] [l-1:housekeeper] com.zaxxer.hikari.pool.HikariPool        : HikariPool-1 - keepalive: connection org.postgresql.jdbc.PgConnection@39336927 is alive
2026-08-21T20:43:09.832+09:00 DEBUG 3764 --- [Pokade] [l-1:housekeeper] com.zaxxer.hikari.pool.HikariPool        : HikariPool-1 - Pool stats (total=10/10, idle=10/10, active=0, waiting=0)
2026-08-21T20:43:09.832+09:00 DEBUG 3764 --- [Pokade] [l-1:housekeeper] com.zaxxer.hikari.pool.HikariPool        : HikariPool-1 - Fill pool skipped, pool has sufficient level or currently being filled.
2026-08-21T20:43:26.909+09:00 DEBUG 3764 --- [Pokade] [l-1:housekeeper] com.zaxxer.hikari.pool.HikariPool        : HikariPool-1 - keepalive: connection org.postgresql.jdbc.PgConnection@7cd8f42c is alive
2026-08-21T20:43:33.859+09:00 DEBUG 3764 --- [Pokade] [l-1:housekeeper] com.zaxxer.hikari.pool.HikariPool        : HikariPool-1 - keepalive: connection org.postgresql.jdbc.PgConnection@4a1100d is alive
2026-08-21T20:43:39.843+09:00 DEBUG 3764 --- [Pokade] [l-1:housekeeper] com.zaxxer.hikari.pool.HikariPool        : HikariPool-1 - Pool stats (total=10/10, idle=10/10, active=0, waiting=0)
2026-08-21T20:43:39.843+09:00 DEBUG 3764 --- [Pokade] [l-1:housekeeper] com.zaxxer.hikari.pool.HikariPool        : HikariPool-1 - Fill pool skipped, pool has sufficient level or currently being filled.
2026-08-21T20:44:06.020+09:00 DEBUG 3764 --- [Pokade] [l-1:housekeeper] com.zaxxer.hikari.pool.HikariPool        : HikariPool-1 - keepalive: connection org.postgresql.jdbc.PgConnection@18219c53 is alive
2026-08-21T20:44:09.853+09:00 DEBUG 3764 --- [Pokade] [l-1:housekeeper] com.zaxxer.hikari.pool.HikariPool        : HikariPool-1 - Pool stats (total=10/10, idle=10/10, active=0, waiting=0)
2026-08-21T20:44:09.853+09:00 DEBUG 3764 --- [Pokade] [l-1:housekeeper] com.zaxxer.hikari.pool.HikariPool        : HikariPool-1 - Fill pool skipped, pool has sufficient level or currently being filled.
2026-08-21T20:44:15.021+09:00 DEBUG 3764 --- [Pokade] [l-1:housekeeper] com.zaxxer.hikari.pool.HikariPool        : HikariPool-1 - keepalive: connection org.postgresql.jdbc.PgConnection@3c3a8246 is alive
2026-08-21T20:44:15.832+09:00 DEBUG 3764 --- [Pokade] [l-1:housekeeper] com.zaxxer.hikari.pool.HikariPool        : HikariPool-1 - keepalive: connection org.postgresql.jdbc.PgConnection@1c1e0b8f is alive
2026-08-21T20:44:20.672+09:00 DEBUG 3764 --- [Pokade] [l-1:housekeeper] com.zaxxer.hikari.pool.HikariPool        : HikariPool-1 - keepalive: connection org.postgresql.jdbc.PgConnection@27183b9 is alive
2026-08-21T20:44:27.255+09:00 DEBUG 3764 --- [Pokade] [l-1:housekeeper] com.zaxxer.hikari.pool.HikariPool        : HikariPool-1 - keepalive: connection org.postgresql.jdbc.PgConnection@16e660ff is alive
2026-08-21T20:44:27.536+09:00 DEBUG 3764 --- [Pokade] [l-1:housekeeper] com.zaxxer.hikari.pool.HikariPool        : HikariPool-1 - keepalive: connection org.postgresql.jdbc.PgConnection@688f2ce0 is alive
2026-08-21T20:44:28.423+09:00 DEBUG 3764 --- [Pokade] [l-1:housekeeper] com.zaxxer.hikari.pool.HikariPool        : HikariPool-1 - keepalive: connection org.postgresql.jdbc.PgConnection@591c9668 is alive
2026-08-21T20:44:39.861+09:00 DEBUG 3764 --- [Pokade] [l-1:housekeeper] com.zaxxer.hikari.pool.HikariPool        : HikariPool-1 - Pool stats (total=10/10, idle=10/10, active=0, waiting=0)
2026-08-21T20:44:39.861+09:00 DEBUG 3764 --- [Pokade] [l-1:housekeeper] com.zaxxer.hikari.pool.HikariPool        : HikariPool-1 - Fill pool skipped, pool has sufficient level or currently being filled.
2026-08-21T20:44:50.089+09:00 DEBUG 3764 --- [Pokade] [l-1:housekeeper] com.zaxxer.hikari.pool.HikariPool        : HikariPool-1 - keepalive: connection org.postgresql.jdbc.PgConnection@39336927 is alive
2026-08-21T20:45:09.376+09:00 DEBUG 3764 --- [Pokade] [l-1:housekeeper] com.zaxxer.hikari.pool.HikariPool        : HikariPool-1 - keepalive: connection org.postgresql.jdbc.PgConnection@7cd8f42c is alive
2026-08-21T20:45:09.867+09:00 DEBUG 3764 --- [Pokade] [l-1:housekeeper] com.zaxxer.hikari.pool.HikariPool        : HikariPool-1 - Pool stats (total=10/10, idle=10/10, active=0, waiting=0)
2026-08-21T20:45:09.867+09:00 DEBUG 3764 --- [Pokade] [l-1:housekeeper] com.zaxxer.hikari.pool.HikariPool        : HikariPool-1 - Fill pool skipped, pool has sufficient level or currently being filled.
2026-08-21T20:45:16.947+09:00 DEBUG 3764 --- [Pokade] [l-1:housekeeper] com.zaxxer.hikari.pool.HikariPool        : HikariPool-1 - keepalive: connection org.postgresql.jdbc.PgConnection@4a1100d is alive
2026-08-21T20:45:39.882+09:00 DEBUG 3764 --- [Pokade] [l-1:housekeeper] com.zaxxer.hikari.pool.HikariPool        : HikariPool-1 - Pool stats (total=10/10, idle=10/10, active=0, waiting=0)
2026-08-21T20:45:39.882+09:00 DEBUG 3764 --- [Pokade] [l-1:housekeeper] com.zaxxer.hikari.pool.HikariPool        : HikariPool-1 - Fill pool skipped, pool has sufficient level or currently being filled.
2026-08-21T20:45:52.061+09:00 DEBUG 3764 --- [Pokade] [l-1:housekeeper] com.zaxxer.hikari.pool.HikariPool        : HikariPool-1 - keepalive: connection org.postgresql.jdbc.PgConnection@18219c53 is alive
2026-08-21T20:45:59.059+09:00 DEBUG 3764 --- [Pokade] [l-1:housekeeper] com.zaxxer.hikari.pool.HikariPool        : HikariPool-1 - keepalive: connection org.postgresql.jdbc.PgConnection@27183b9 is alive
2026-08-21T20:46:01.894+09:00 DEBUG 3764 --- [Pokade] [l-1:housekeeper] com.zaxxer.hikari.pool.HikariPool        : HikariPool-1 - keepalive: connection org.postgresql.jdbc.PgConnection@3c3a8246 is alive
2026-08-21T20:46:06.516+09:00 DEBUG 3764 --- [Pokade] [l-1:housekeeper] com.zaxxer.hikari.pool.HikariPool        : HikariPool-1 - keepalive: connection org.postgresql.jdbc.PgConnection@688f2ce0 is alive
2026-08-21T20:46:09.884+09:00 DEBUG 3764 --- [Pokade] [l-1:housekeeper] com.zaxxer.hikari.pool.HikariPool        : HikariPool-1 - Pool stats (total=10/10, idle=10/10, active=0, waiting=0)
2026-08-21T20:46:09.884+09:00 DEBUG 3764 --- [Pokade] [l-1:housekeeper] com.zaxxer.hikari.pool.HikariPool        : HikariPool-1 - Fill pool skipped, pool has sufficient level or currently being filled.
2026-08-21T20:46:13.462+09:00 DEBUG 3764 --- [Pokade] [l-1:housekeeper] com.zaxxer.hikari.pool.HikariPool        : HikariPool-1 - keepalive: connection org.postgresql.jdbc.PgConnection@1c1e0b8f is alive
2026-08-21T20:46:16.491+09:00 DEBUG 3764 --- [Pokade] [l-1:housekeeper] com.zaxxer.hikari.pool.HikariPool        : HikariPool-1 - keepalive: connection org.postgresql.jdbc.PgConnection@591c9668 is alive
2026-08-21T20:46:26.026+09:00 DEBUG 3764 --- [Pokade] [l-1:housekeeper] com.zaxxer.hikari.pool.HikariPool        : HikariPool-1 - keepalive: connection org.postgresql.jdbc.PgConnection@16e660ff is alive
2026-08-21T20:46:30.934+09:00 DEBUG 3764 --- [Pokade] [l-1:housekeeper] com.zaxxer.hikari.pool.HikariPool        : HikariPool-1 - keepalive: connection org.postgresql.jdbc.PgConnection@39336927 is alive
2026-08-21T20:46:39.896+09:00 DEBUG 3764 --- [Pokade] [l-1:housekeeper] com.zaxxer.hikari.pool.HikariPool        : HikariPool-1 - Pool stats (total=10/10, idle=10/10, active=0, waiting=0)
2026-08-21T20:46:39.896+09:00 DEBUG 3764 --- [Pokade] [l-1:housekeeper] com.zaxxer.hikari.pool.HikariPool        : HikariPool-1 - Fill pool skipped, pool has sufficient level or currently being filled.
2026-08-21T20:46:51.854+09:00 DEBUG 3764 --- [Pokade] [l-1:housekeeper] com.zaxxer.hikari.pool.HikariPool        : HikariPool-1 - keepalive: connection org.postgresql.jdbc.PgConnection@7cd8f42c is alive
2026-08-21T20:47:00.041+09:00 DEBUG 3764 --- [Pokade] [l-1:housekeeper] com.zaxxer.hikari.pool.HikariPool        : HikariPool-1 - keepalive: connection org.postgresql.jdbc.PgConnection@4a1100d is alive
2026-08-21T20:47:09.909+09:00 DEBUG 3764 --- [Pokade] [l-1:housekeeper] com.zaxxer.hikari.pool.HikariPool        : HikariPool-1 - Pool stats (total=10/10, idle=10/10, active=0, waiting=0)
2026-08-21T20:47:09.909+09:00 DEBUG 3764 --- [Pokade] [l-1:housekeeper] com.zaxxer.hikari.pool.HikariPool        : HikariPool-1 - Fill pool skipped, pool has sufficient level or currently being filled.
2026-08-21T20:47:19.343+09:00 DEBUG 3764 --- [Pokade] [nnection-closer] com.zaxxer.hikari.pool.PoolBase          : HikariPool-1 - Closing connection org.postgresql.jdbc.PgConnection@688f2ce0: (connection has passed maxLifetime)
2026-08-21T20:47:19.344+09:00 DEBUG 3764 --- [Pokade] [onnection-adder] com.zaxxer.hikari.pool.PoolBase          : HikariPool-1 - Attempting to create/setup new connection (d6bca2fb-c5c2-4052-a96b-d9570c04064f)
2026-08-21T20:47:19.373+09:00 DEBUG 3764 --- [Pokade] [onnection-adder] com.zaxxer.hikari.pool.PoolBase          : HikariPool-1 - Established new connection (d6bca2fb-c5c2-4052-a96b-d9570c04064f)
2026-08-21T20:47:19.373+09:00 DEBUG 3764 --- [Pokade] [onnection-adder] com.zaxxer.hikari.pool.HikariPool        : HikariPool-1 - Added connection org.postgresql.jdbc.PgConnection@794f10fa
2026-08-21T20:47:29.333+09:00 DEBUG 3764 --- [Pokade] [nnection-closer] com.zaxxer.hikari.pool.PoolBase          : HikariPool-1 - Closing connection org.postgresql.jdbc.PgConnection@3c3a8246: (connection has passed maxLifetime)
2026-08-21T20:47:29.334+09:00 DEBUG 3764 --- [Pokade] [onnection-adder] com.zaxxer.hikari.pool.PoolBase          : HikariPool-1 - Attempting to create/setup new connection (a091c0e4-8efe-4336-81f7-1f48e1a7fd52)
2026-08-21T20:47:29.357+09:00 DEBUG 3764 --- [Pokade] [onnection-adder] com.zaxxer.hikari.pool.PoolBase          : HikariPool-1 - Established new connection (a091c0e4-8efe-4336-81f7-1f48e1a7fd52)
2026-08-21T20:47:29.357+09:00 DEBUG 3764 --- [Pokade] [onnection-adder] com.zaxxer.hikari.pool.HikariPool        : HikariPool-1 - Added connection org.postgresql.jdbc.PgConnection@1c18adf6
2026-08-21T20:47:37.452+09:00 DEBUG 3764 --- [Pokade] [l-1:housekeeper] com.zaxxer.hikari.pool.HikariPool        : HikariPool-1 - keepalive: connection org.postgresql.jdbc.PgConnection@27183b9 is alive
2026-08-21T20:47:38.108+09:00 DEBUG 3764 --- [Pokade] [l-1:housekeeper] com.zaxxer.hikari.pool.HikariPool        : HikariPool-1 - keepalive: connection org.postgresql.jdbc.PgConnection@18219c53 is alive
2026-08-21T20:47:39.915+09:00 DEBUG 3764 --- [Pokade] [l-1:housekeeper] com.zaxxer.hikari.pool.HikariPool        : HikariPool-1 - Pool stats (total=10/10, idle=10/10, active=0, waiting=0)
2026-08-21T20:47:39.915+09:00 DEBUG 3764 --- [Pokade] [l-1:housekeeper] com.zaxxer.hikari.pool.HikariPool        : HikariPool-1 - Fill pool skipped, pool has sufficient level or currently being filled.
2026-08-21T20:47:39.991+09:00 DEBUG 3764 --- [Pokade] [nnection-closer] com.zaxxer.hikari.pool.PoolBase          : HikariPool-1 - Closing connection org.postgresql.jdbc.PgConnection@1c1e0b8f: (connection has passed maxLifetime)
2026-08-21T20:47:39.993+09:00 DEBUG 3764 --- [Pokade] [onnection-adder] com.zaxxer.hikari.pool.PoolBase          : HikariPool-1 - Attempting to create/setup new connection (99f89333-35d0-4f42-809a-661ff5674bef)
2026-08-21T20:47:40.016+09:00 DEBUG 3764 --- [Pokade] [onnection-adder] com.zaxxer.hikari.pool.PoolBase          : HikariPool-1 - Established new connection (99f89333-35d0-4f42-809a-661ff5674bef)
2026-08-21T20:47:40.016+09:00 DEBUG 3764 --- [Pokade] [onnection-adder] com.zaxxer.hikari.pool.HikariPool        : HikariPool-1 - Added connection org.postgresql.jdbc.PgConnection@497ba549
2026-08-21T20:47:51.267+09:00 DEBUG 3764 --- [Pokade] [nnection-closer] com.zaxxer.hikari.pool.PoolBase          : HikariPool-1 - Closing connection org.postgresql.jdbc.PgConnection@16e660ff: (connection has passed maxLifetime)
2026-08-21T20:47:51.268+09:00 DEBUG 3764 --- [Pokade] [onnection-adder] com.zaxxer.hikari.pool.PoolBase          : HikariPool-1 - Attempting to create/setup new connection (b62176b2-9707-48f9-9c8b-0387f70be687)
2026-08-21T20:47:51.297+09:00 DEBUG 3764 --- [Pokade] [onnection-adder] com.zaxxer.hikari.pool.PoolBase          : HikariPool-1 - Established new connection (b62176b2-9707-48f9-9c8b-0387f70be687)
2026-08-21T20:47:51.297+09:00 DEBUG 3764 --- [Pokade] [onnection-adder] com.zaxxer.hikari.pool.HikariPool        : HikariPool-1 - Added connection org.postgresql.jdbc.PgConnection@62c6ad9c
2026-08-21T20:48:04.566+09:00 DEBUG 3764 --- [Pokade] [l-1:housekeeper] com.zaxxer.hikari.pool.HikariPool        : HikariPool-1 - keepalive: connection org.postgresql.jdbc.PgConnection@591c9668 is alive
2026-08-21T20:48:09.916+09:00 DEBUG 3764 --- [Pokade] [l-1:housekeeper] com.zaxxer.hikari.pool.HikariPool        : HikariPool-1 - Pool stats (total=10/10, idle=10/10, active=0, waiting=0)
2026-08-21T20:48:09.916+09:00 DEBUG 3764 --- [Pokade] [l-1:housekeeper] com.zaxxer.hikari.pool.HikariPool        : HikariPool-1 - Fill pool skipped, pool has sufficient level or currently being filled.
2026-08-21T20:48:11.787+09:00 DEBUG 3764 --- [Pokade] [l-1:housekeeper] com.zaxxer.hikari.pool.HikariPool        : HikariPool-1 - keepalive: connection org.postgresql.jdbc.PgConnection@39336927 is alive
2026-08-21T20:48:34.332+09:00 DEBUG 3764 --- [Pokade] [l-1:housekeeper] com.zaxxer.hikari.pool.HikariPool        : HikariPool-1 - keepalive: connection org.postgresql.jdbc.PgConnection@7cd8f42c is alive
2026-08-21T20:48:39.923+09:00 DEBUG 3764 --- [Pokade] [l-1:housekeeper] com.zaxxer.hikari.pool.HikariPool        : HikariPool-1 - Pool stats (total=10/10, idle=10/10, active=0, waiting=0)
2026-08-21T20:48:39.923+09:00 DEBUG 3764 --- [Pokade] [l-1:housekeeper] com.zaxxer.hikari.pool.HikariPool        : HikariPool-1 - Fill pool skipped, pool has sufficient level or currently being filled.
2026-08-21T20:48:43.130+09:00 DEBUG 3764 --- [Pokade] [l-1:housekeeper] com.zaxxer.hikari.pool.HikariPool        : HikariPool-1 - keepalive: connection org.postgresql.jdbc.PgConnection@4a1100d is alive
2026-08-21T20:48:58.102+09:00 DEBUG 3764 --- [Pokade] [nnection-closer] com.zaxxer.hikari.pool.PoolBase          : HikariPool-1 - Closing connection org.postgresql.jdbc.PgConnection@39336927: (connection has passed maxLifetime)
2026-08-21T20:48:58.104+09:00 DEBUG 3764 --- [Pokade] [onnection-adder] com.zaxxer.hikari.pool.PoolBase          : HikariPool-1 - Attempting to create/setup new connection (18874136-1794-4eb0-97d9-680be6a9a780)
2026-08-21T20:48:58.125+09:00 DEBUG 3764 --- [Pokade] [onnection-adder] com.zaxxer.hikari.pool.PoolBase          : HikariPool-1 - Established new connection (18874136-1794-4eb0-97d9-680be6a9a780)
2026-08-21T20:48:58.125+09:00 DEBUG 3764 --- [Pokade] [onnection-adder] com.zaxxer.hikari.pool.HikariPool        : HikariPool-1 - Added connection org.postgresql.jdbc.PgConnection@12bf0668
2026-08-21T20:49:09.925+09:00 DEBUG 3764 --- [Pokade] [l-1:housekeeper] com.zaxxer.hikari.pool.HikariPool        : HikariPool-1 - Pool stats (total=10/10, idle=10/10, active=0, waiting=0)
2026-08-21T20:49:09.925+09:00 DEBUG 3764 --- [Pokade] [l-1:housekeeper] com.zaxxer.hikari.pool.HikariPool        : HikariPool-1 - Fill pool skipped, pool has sufficient level or currently being filled.
2026-08-21T20:49:15.838+09:00 DEBUG 3764 --- [Pokade] [l-1:housekeeper] com.zaxxer.hikari.pool.HikariPool        : HikariPool-1 - keepalive: connection org.postgresql.jdbc.PgConnection@27183b9 is alive
2026-08-21T20:49:17.776+09:00 DEBUG 3764 --- [Pokade] [l-1:housekeeper] com.zaxxer.hikari.pool.HikariPool        : HikariPool-1 - keepalive: connection org.postgresql.jdbc.PgConnection@497ba549 is alive
2026-08-21T20:49:18.650+09:00 DEBUG 3764 --- [Pokade] [l-1:housekeeper] com.zaxxer.hikari.pool.HikariPool        : HikariPool-1 - keepalive: connection org.postgresql.jdbc.PgConnection@794f10fa is alive
2026-08-21T20:49:24.144+09:00 DEBUG 3764 --- [Pokade] [l-1:housekeeper] com.zaxxer.hikari.pool.HikariPool        : HikariPool-1 - keepalive: connection org.postgresql.jdbc.PgConnection@18219c53 is alive
2026-08-21T20:49:25.491+09:00 DEBUG 3764 --- [Pokade] [l-1:housekeeper] com.zaxxer.hikari.pool.HikariPool        : HikariPool-1 - keepalive: connection org.postgresql.jdbc.PgConnection@1c18adf6 is alive
2026-08-21T20:49:30.522+09:00 DEBUG 3764 --- [Pokade] [l-1:housekeeper] com.zaxxer.hikari.pool.HikariPool        : HikariPool-1 - keepalive: connection org.postgresql.jdbc.PgConnection@62c6ad9c is alive
2026-08-21T20:49:39.928+09:00 DEBUG 3764 --- [Pokade] [l-1:housekeeper] com.zaxxer.hikari.pool.HikariPool        : HikariPool-1 - Pool stats (total=10/10, idle=10/10, active=0, waiting=0)
2026-08-21T20:49:39.928+09:00 DEBUG 3764 --- [Pokade] [l-1:housekeeper] com.zaxxer.hikari.pool.HikariPool        : HikariPool-1 - Fill pool skipped, pool has sufficient level or currently being filled.
2026-08-21T20:49:52.640+09:00 DEBUG 3764 --- [Pokade] [l-1:housekeeper] com.zaxxer.hikari.pool.HikariPool        : HikariPool-1 - keepalive: connection org.postgresql.jdbc.PgConnection@591c9668 is alive
2026-08-21T20:50:09.936+09:00 DEBUG 3764 --- [Pokade] [l-1:housekeeper] com.zaxxer.hikari.pool.HikariPool        : HikariPool-1 - Pool stats (total=10/10, idle=10/10, active=0, waiting=0)
2026-08-21T20:50:09.936+09:00 DEBUG 3764 --- [Pokade] [l-1:housekeeper] com.zaxxer.hikari.pool.HikariPool        : HikariPool-1 - Fill pool skipped, pool has sufficient level or currently being filled.
2026-08-21T20:50:16.798+09:00 DEBUG 3764 --- [Pokade] [l-1:housekeeper] com.zaxxer.hikari.pool.HikariPool        : HikariPool-1 - keepalive: connection org.postgresql.jdbc.PgConnection@7cd8f42c is alive
2026-08-21T20:50:26.221+09:00 DEBUG 3764 --- [Pokade] [l-1:housekeeper] com.zaxxer.hikari.pool.HikariPool        : HikariPool-1 - keepalive: connection org.postgresql.jdbc.PgConnection@4a1100d is alive
2026-08-21T20:50:39.950+09:00 DEBUG 3764 --- [Pokade] [l-1:housekeeper] com.zaxxer.hikari.pool.HikariPool        : HikariPool-1 - Pool stats (total=10/10, idle=10/10, active=0, waiting=0)
2026-08-21T20:50:39.950+09:00 DEBUG 3764 --- [Pokade] [l-1:housekeeper] com.zaxxer.hikari.pool.HikariPool        : HikariPool-1 - Fill pool skipped, pool has sufficient level or currently being filled.
2026-08-21T20:50:48.459+09:00 DEBUG 3764 --- [Pokade] [nnection-closer] com.zaxxer.hikari.pool.PoolBase          : HikariPool-1 - Closing connection org.postgresql.jdbc.PgConnection@4a1100d: (connection has passed maxLifetime)
2026-08-21T20:50:48.461+09:00 DEBUG 3764 --- [Pokade] [onnection-adder] com.zaxxer.hikari.pool.PoolBase          : HikariPool-1 - Attempting to create/setup new connection (511901a9-daeb-466a-94c2-165d4ccc093f)
2026-08-21T20:50:48.478+09:00 DEBUG 3764 --- [Pokade] [onnection-adder] com.zaxxer.hikari.pool.PoolBase          : HikariPool-1 - Established new connection (511901a9-daeb-466a-94c2-165d4ccc093f)
2026-08-21T20:50:48.478+09:00 DEBUG 3764 --- [Pokade] [onnection-adder] com.zaxxer.hikari.pool.HikariPool        : HikariPool-1 - Added connection org.postgresql.jdbc.PgConnection@59f9374d
2026-08-21T20:50:54.227+09:00 DEBUG 3764 --- [Pokade] [l-1:housekeeper] com.zaxxer.hikari.pool.HikariPool        : HikariPool-1 - keepalive: connection org.postgresql.jdbc.PgConnection@27183b9 is alive
2026-08-21T20:50:55.529+09:00 DEBUG 3764 --- [Pokade] [l-1:housekeeper] com.zaxxer.hikari.pool.HikariPool        : HikariPool-1 - keepalive: connection org.postgresql.jdbc.PgConnection@497ba549 is alive
2026-08-21T20:50:56.306+09:00 DEBUG 3764 --- [Pokade] [l-1:housekeeper] com.zaxxer.hikari.pool.HikariPool        : HikariPool-1 - keepalive: connection org.postgresql.jdbc.PgConnection@12bf0668 is alive
2026-08-21T20:51:09.738+09:00 DEBUG 3764 --- [Pokade] [l-1:housekeeper] com.zaxxer.hikari.pool.HikariPool        : HikariPool-1 - keepalive: connection org.postgresql.jdbc.PgConnection@62c6ad9c is alive
2026-08-21T20:51:09.958+09:00 DEBUG 3764 --- [Pokade] [l-1:housekeeper] com.zaxxer.hikari.pool.HikariPool        : HikariPool-1 - Pool stats (total=10/10, idle=10/10, active=0, waiting=0)
2026-08-21T20:51:09.958+09:00 DEBUG 3764 --- [Pokade] [l-1:housekeeper] com.zaxxer.hikari.pool.HikariPool        : HikariPool-1 - Fill pool skipped, pool has sufficient level or currently being filled.
2026-08-21T20:51:10.191+09:00 DEBUG 3764 --- [Pokade] [l-1:housekeeper] com.zaxxer.hikari.pool.HikariPool        : HikariPool-1 - keepalive: connection org.postgresql.jdbc.PgConnection@18219c53 is alive
2026-08-21T20:51:17.925+09:00 DEBUG 3764 --- [Pokade] [l-1:housekeeper] com.zaxxer.hikari.pool.HikariPool        : HikariPool-1 - keepalive: connection org.postgresql.jdbc.PgConnection@794f10fa is alive
2026-08-21T20:51:21.628+09:00 DEBUG 3764 --- [Pokade] [l-1:housekeeper] com.zaxxer.hikari.pool.HikariPool        : HikariPool-1 - keepalive: connection org.postgresql.jdbc.PgConnection@1c18adf6 is alive
2026-08-21T20:51:33.685+09:00 DEBUG 3764 --- [Pokade] [nnection-closer] com.zaxxer.hikari.pool.PoolBase          : HikariPool-1 - Closing connection org.postgresql.jdbc.PgConnection@7cd8f42c: (connection has passed maxLifetime)
2026-08-21T20:51:33.687+09:00 DEBUG 3764 --- [Pokade] [onnection-adder] com.zaxxer.hikari.pool.PoolBase          : HikariPool-1 - Attempting to create/setup new connection (364986bc-8cee-453f-b17c-cf2f9618f1f0)
2026-08-21T20:51:33.714+09:00 DEBUG 3764 --- [Pokade] [onnection-adder] com.zaxxer.hikari.pool.PoolBase          : HikariPool-1 - Established new connection (364986bc-8cee-453f-b17c-cf2f9618f1f0)
2026-08-21T20:51:33.714+09:00 DEBUG 3764 --- [Pokade] [onnection-adder] com.zaxxer.hikari.pool.HikariPool        : HikariPool-1 - Added connection org.postgresql.jdbc.PgConnection@79e303eb
2026-08-21T20:51:39.972+09:00 DEBUG 3764 --- [Pokade] [l-1:housekeeper] com.zaxxer.hikari.pool.HikariPool        : HikariPool-1 - Pool stats (total=10/10, idle=10/10, active=0, waiting=0)
2026-08-21T20:51:39.972+09:00 DEBUG 3764 --- [Pokade] [l-1:housekeeper] com.zaxxer.hikari.pool.HikariPool        : HikariPool-1 - Fill pool skipped, pool has sufficient level or currently being filled.
2026-08-21T20:51:40.700+09:00 DEBUG 3764 --- [Pokade] [l-1:housekeeper] com.zaxxer.hikari.pool.HikariPool        : HikariPool-1 - keepalive: connection org.postgresql.jdbc.PgConnection@591c9668 is alive
2026-08-21T20:51:42.378+09:00 DEBUG 3764 --- [Pokade] [nnection-closer] com.zaxxer.hikari.pool.PoolBase          : HikariPool-1 - Closing connection org.postgresql.jdbc.PgConnection@27183b9: (connection has passed maxLifetime)
2026-08-21T20:51:42.379+09:00 DEBUG 3764 --- [Pokade] [onnection-adder] com.zaxxer.hikari.pool.PoolBase          : HikariPool-1 - Attempting to create/setup new connection (631da66b-87b3-4f1a-9aaa-7b280bf436e0)
2026-08-21T20:51:42.398+09:00 DEBUG 3764 --- [Pokade] [onnection-adder] com.zaxxer.hikari.pool.PoolBase          : HikariPool-1 - Established new connection (631da66b-87b3-4f1a-9aaa-7b280bf436e0)
2026-08-21T20:51:42.398+09:00 DEBUG 3764 --- [Pokade] [onnection-adder] com.zaxxer.hikari.pool.HikariPool        : HikariPool-1 - Added connection org.postgresql.jdbc.PgConnection@2925257d
2026-08-21T20:52:09.983+09:00 DEBUG 3764 --- [Pokade] [l-1:housekeeper] com.zaxxer.hikari.pool.HikariPool        : HikariPool-1 - Pool stats (total=10/10, idle=10/10, active=0, waiting=0)
2026-08-21T20:52:09.983+09:00 DEBUG 3764 --- [Pokade] [l-1:housekeeper] com.zaxxer.hikari.pool.HikariPool        : HikariPool-1 - Fill pool skipped, pool has sufficient level or currently being filled.
2026-08-21T20:52:33.289+09:00 DEBUG 3764 --- [Pokade] [l-1:housekeeper] com.zaxxer.hikari.pool.HikariPool        : HikariPool-1 - keepalive: connection org.postgresql.jdbc.PgConnection@497ba549 is alive
2026-08-21T20:52:37.084+09:00 DEBUG 3764 --- [Pokade] [l-1:housekeeper] com.zaxxer.hikari.pool.HikariPool        : HikariPool-1 - keepalive: connection org.postgresql.jdbc.PgConnection@59f9374d is alive
2026-08-21T20:52:39.995+09:00 DEBUG 3764 --- [Pokade] [l-1:housekeeper] com.zaxxer.hikari.pool.HikariPool        : HikariPool-1 - Pool stats (total=10/10, idle=10/10, active=0, waiting=0)
2026-08-21T20:52:39.995+09:00 DEBUG 3764 --- [Pokade] [l-1:housekeeper] com.zaxxer.hikari.pool.HikariPool        : HikariPool-1 - Fill pool skipped, pool has sufficient level or currently being filled.
2026-08-21T20:52:48.952+09:00 DEBUG 3764 --- [Pokade] [l-1:housekeeper] com.zaxxer.hikari.pool.HikariPool        : HikariPool-1 - keepalive: connection org.postgresql.jdbc.PgConnection@62c6ad9c is alive
2026-08-21T20:52:54.483+09:00 DEBUG 3764 --- [Pokade] [l-1:housekeeper] com.zaxxer.hikari.pool.HikariPool        : HikariPool-1 - keepalive: connection org.postgresql.jdbc.PgConnection@12bf0668 is alive
2026-08-21T20:52:56.231+09:00 DEBUG 3764 --- [Pokade] [l-1:housekeeper] com.zaxxer.hikari.pool.HikariPool        : HikariPool-1 - keepalive: connection org.postgresql.jdbc.PgConnection@18219c53 is alive
2026-08-21T20:53:08.313+09:00 DEBUG 3764 --- [Pokade] [nnection-closer] com.zaxxer.hikari.pool.PoolBase          : HikariPool-1 - Closing connection org.postgresql.jdbc.PgConnection@591c9668: (connection has passed maxLifetime)
2026-08-21T20:53:08.315+09:00 DEBUG 3764 --- [Pokade] [onnection-adder] com.zaxxer.hikari.pool.PoolBase          : HikariPool-1 - Attempting to create/setup new connection (f3d90ff1-c098-4574-8cf0-7ad6066635c9)
2026-08-21T20:53:08.334+09:00 DEBUG 3764 --- [Pokade] [onnection-adder] com.zaxxer.hikari.pool.PoolBase          : HikariPool-1 - Established new connection (f3d90ff1-c098-4574-8cf0-7ad6066635c9)
2026-08-21T20:53:08.334+09:00 DEBUG 3764 --- [Pokade] [onnection-adder] com.zaxxer.hikari.pool.HikariPool        : HikariPool-1 - Added connection org.postgresql.jdbc.PgConnection@431d16c8
2026-08-21T20:53:10.005+09:00 DEBUG 3764 --- [Pokade] [l-1:housekeeper] com.zaxxer.hikari.pool.HikariPool        : HikariPool-1 - Pool stats (total=10/10, idle=10/10, active=0, waiting=0)
2026-08-21T20:53:10.005+09:00 DEBUG 3764 --- [Pokade] [l-1:housekeeper] com.zaxxer.hikari.pool.HikariPool        : HikariPool-1 - Fill pool skipped, pool has sufficient level or currently being filled.
2026-08-21T20:53:17.209+09:00 DEBUG 3764 --- [Pokade] [l-1:housekeeper] com.zaxxer.hikari.pool.HikariPool        : HikariPool-1 - keepalive: connection org.postgresql.jdbc.PgConnection@794f10fa is alive
2026-08-21T20:53:17.754+09:00 DEBUG 3764 --- [Pokade] [l-1:housekeeper] com.zaxxer.hikari.pool.HikariPool        : HikariPool-1 - keepalive: connection org.postgresql.jdbc.PgConnection@1c18adf6 is alive
2026-08-21T20:53:28.213+09:00 DEBUG 3764 --- [Pokade] [l-1:housekeeper] com.zaxxer.hikari.pool.HikariPool        : HikariPool-1 - keepalive: connection org.postgresql.jdbc.PgConnection@79e303eb is alive
2026-08-21T20:53:28.384+09:00 DEBUG 3764 --- [Pokade] [l-1:housekeeper] com.zaxxer.hikari.pool.HikariPool        : HikariPool-1 - keepalive: connection org.postgresql.jdbc.PgConnection@2925257d is alive
2026-08-21T20:53:40.019+09:00 DEBUG 3764 --- [Pokade] [l-1:housekeeper] com.zaxxer.hikari.pool.HikariPool        : HikariPool-1 - Pool stats (total=10/10, idle=10/10, active=0, waiting=0)
2026-08-21T20:53:40.019+09:00 DEBUG 3764 --- [Pokade] [l-1:housekeeper] com.zaxxer.hikari.pool.HikariPool        : HikariPool-1 - Fill pool skipped, pool has sufficient level or currently being filled.
2026-08-21T20:54:09.444+09:00 DEBUG 3764 --- [Pokade] [nnection-closer] com.zaxxer.hikari.pool.PoolBase          : HikariPool-1 - Closing connection org.postgresql.jdbc.PgConnection@18219c53: (connection has passed maxLifetime)
2026-08-21T20:54:09.445+09:00 DEBUG 3764 --- [Pokade] [onnection-adder] com.zaxxer.hikari.pool.PoolBase          : HikariPool-1 - Attempting to create/setup new connection (00ab5902-0903-43fb-a152-0b1fd6a13292)
2026-08-21T20:54:09.463+09:00 DEBUG 3764 --- [Pokade] [onnection-adder] com.zaxxer.hikari.pool.PoolBase          : HikariPool-1 - Established new connection (00ab5902-0903-43fb-a152-0b1fd6a13292)
2026-08-21T20:54:09.463+09:00 DEBUG 3764 --- [Pokade] [onnection-adder] com.zaxxer.hikari.pool.HikariPool        : HikariPool-1 - Added connection org.postgresql.jdbc.PgConnection@58521ebb
2026-08-21T20:54:10.034+09:00 DEBUG 3764 --- [Pokade] [l-1:housekeeper] com.zaxxer.hikari.pool.HikariPool        : HikariPool-1 - Pool stats (total=10/10, idle=10/10, active=0, waiting=0)
2026-08-21T20:54:10.034+09:00 DEBUG 3764 --- [Pokade] [l-1:housekeeper] com.zaxxer.hikari.pool.HikariPool        : HikariPool-1 - Fill pool skipped, pool has sufficient level or currently being filled.
2026-08-21T20:54:11.049+09:00 DEBUG 3764 --- [Pokade] [l-1:housekeeper] com.zaxxer.hikari.pool.HikariPool        : HikariPool-1 - keepalive: connection org.postgresql.jdbc.PgConnection@497ba549 is alive
2026-08-21T20:54:25.690+09:00 DEBUG 3764 --- [Pokade] [l-1:housekeeper] com.zaxxer.hikari.pool.HikariPool        : HikariPool-1 - keepalive: connection org.postgresql.jdbc.PgConnection@59f9374d is alive
2026-08-21T20:54:28.165+09:00 DEBUG 3764 --- [Pokade] [l-1:housekeeper] com.zaxxer.hikari.pool.HikariPool        : HikariPool-1 - keepalive: connection org.postgresql.jdbc.PgConnection@62c6ad9c is alive
2026-08-21T20:54:40.041+09:00 DEBUG 3764 --- [Pokade] [l-1:housekeeper] com.zaxxer.hikari.pool.HikariPool        : HikariPool-1 - Pool stats (total=10/10, idle=10/10, active=0, waiting=0)
2026-08-21T20:54:40.041+09:00 DEBUG 3764 --- [Pokade] [l-1:housekeeper] com.zaxxer.hikari.pool.HikariPool        : HikariPool-1 - Fill pool skipped, pool has sufficient level or currently being filled.
2026-08-21T20:54:48.091+09:00 DEBUG 3764 --- [Pokade] [l-1:housekeeper] com.zaxxer.hikari.pool.HikariPool        : HikariPool-1 - keepalive: connection org.postgresql.jdbc.PgConnection@431d16c8 is alive
2026-08-21T20:54:52.659+09:00 DEBUG 3764 --- [Pokade] [l-1:housekeeper] com.zaxxer.hikari.pool.HikariPool        : HikariPool-1 - keepalive: connection org.postgresql.jdbc.PgConnection@12bf0668 is alive
2026-08-21T20:55:10.054+09:00 DEBUG 3764 --- [Pokade] [l-1:housekeeper] com.zaxxer.hikari.pool.HikariPool        : HikariPool-1 - Pool stats (total=10/10, idle=10/10, active=0, waiting=0)
2026-08-21T20:55:10.054+09:00 DEBUG 3764 --- [Pokade] [l-1:housekeeper] com.zaxxer.hikari.pool.HikariPool        : HikariPool-1 - Fill pool skipped, pool has sufficient level or currently being filled.
2026-08-21T20:55:13.882+09:00 DEBUG 3764 --- [Pokade] [l-1:housekeeper] com.zaxxer.hikari.pool.HikariPool        : HikariPool-1 - keepalive: connection org.postgresql.jdbc.PgConnection@1c18adf6 is alive
2026-08-21T20:55:14.375+09:00 DEBUG 3764 --- [Pokade] [l-1:housekeeper] com.zaxxer.hikari.pool.HikariPool        : HikariPool-1 - keepalive: connection org.postgresql.jdbc.PgConnection@2925257d is alive
2026-08-21T20:55:16.499+09:00 DEBUG 3764 --- [Pokade] [l-1:housekeeper] com.zaxxer.hikari.pool.HikariPool        : HikariPool-1 - keepalive: connection org.postgresql.jdbc.PgConnection@794f10fa is alive
2026-08-21T20:55:22.710+09:00 DEBUG 3764 --- [Pokade] [l-1:housekeeper] com.zaxxer.hikari.pool.HikariPool        : HikariPool-1 - keepalive: connection org.postgresql.jdbc.PgConnection@79e303eb is alive
2026-08-21T20:55:40.067+09:00 DEBUG 3764 --- [Pokade] [l-1:housekeeper] com.zaxxer.hikari.pool.HikariPool        : HikariPool-1 - Pool stats (total=10/10, idle=10/10, active=0, waiting=0)
2026-08-21T20:55:40.067+09:00 DEBUG 3764 --- [Pokade] [l-1:housekeeper] com.zaxxer.hikari.pool.HikariPool        : HikariPool-1 - Fill pool skipped, pool has sufficient level or currently being filled.
2026-08-21T20:55:45.667+09:00 DEBUG 3764 --- [Pokade] [l-1:housekeeper] com.zaxxer.hikari.pool.HikariPool        : HikariPool-1 - keepalive: connection org.postgresql.jdbc.PgConnection@58521ebb is alive
2026-08-21T20:55:48.809+09:00 DEBUG 3764 --- [Pokade] [l-1:housekeeper] com.zaxxer.hikari.pool.HikariPool        : HikariPool-1 - keepalive: connection org.postgresql.jdbc.PgConnection@497ba549 is alive
2026-08-21T20:56:07.377+09:00 DEBUG 3764 --- [Pokade] [l-1:housekeeper] com.zaxxer.hikari.pool.HikariPool        : HikariPool-1 - keepalive: connection org.postgresql.jdbc.PgConnection@62c6ad9c is alive
2026-08-21T20:56:10.075+09:00 DEBUG 3764 --- [Pokade] [l-1:housekeeper] com.zaxxer.hikari.pool.HikariPool        : HikariPool-1 - Pool stats (total=10/10, idle=10/10, active=0, waiting=0)
2026-08-21T20:56:10.075+09:00 DEBUG 3764 --- [Pokade] [l-1:housekeeper] com.zaxxer.hikari.pool.HikariPool        : HikariPool-1 - Fill pool skipped, pool has sufficient level or currently being filled.
2026-08-21T20:56:14.297+09:00 DEBUG 3764 --- [Pokade] [l-1:housekeeper] com.zaxxer.hikari.pool.HikariPool        : HikariPool-1 - keepalive: connection org.postgresql.jdbc.PgConnection@59f9374d is alive
2026-08-21T20:56:27.854+09:00 DEBUG 3764 --- [Pokade] [l-1:housekeeper] com.zaxxer.hikari.pool.HikariPool        : HikariPool-1 - keepalive: connection org.postgresql.jdbc.PgConnection@431d16c8 is alive
2026-08-21T20:56:40.083+09:00 DEBUG 3764 --- [Pokade] [l-1:housekeeper] com.zaxxer.hikari.pool.HikariPool        : HikariPool-1 - Pool stats (total=10/10, idle=10/10, active=0, waiting=0)
2026-08-21T20:56:40.084+09:00 DEBUG 3764 --- [Pokade] [l-1:housekeeper] com.zaxxer.hikari.pool.HikariPool        : HikariPool-1 - Fill pool skipped, pool has sufficient level or currently being filled.
2026-08-21T20:56:50.832+09:00 DEBUG 3764 --- [Pokade] [l-1:housekeeper] com.zaxxer.hikari.pool.HikariPool        : HikariPool-1 - keepalive: connection org.postgresql.jdbc.PgConnection@12bf0668 is alive
2026-08-21T20:57:00.368+09:00 DEBUG 3764 --- [Pokade] [l-1:housekeeper] com.zaxxer.hikari.pool.HikariPool        : HikariPool-1 - keepalive: connection org.postgresql.jdbc.PgConnection@2925257d is alive
2026-08-21T20:57:10.018+09:00 DEBUG 3764 --- [Pokade] [l-1:housekeeper] com.zaxxer.hikari.pool.HikariPool        : HikariPool-1 - keepalive: connection org.postgresql.jdbc.PgConnection@1c18adf6 is alive
2026-08-21T20:57:10.094+09:00 DEBUG 3764 --- [Pokade] [l-1:housekeeper] com.zaxxer.hikari.pool.HikariPool        : HikariPool-1 - Pool stats (total=10/10, idle=10/10, active=0, waiting=0)
2026-08-21T20:57:10.094+09:00 DEBUG 3764 --- [Pokade] [l-1:housekeeper] com.zaxxer.hikari.pool.HikariPool        : HikariPool-1 - Fill pool skipped, pool has sufficient level or currently being filled.
2026-08-21T20:57:15.783+09:00 DEBUG 3764 --- [Pokade] [l-1:housekeeper] com.zaxxer.hikari.pool.HikariPool        : HikariPool-1 - keepalive: connection org.postgresql.jdbc.PgConnection@794f10fa is alive
2026-08-21T20:57:17.208+09:00 DEBUG 3764 --- [Pokade] [l-1:housekeeper] com.zaxxer.hikari.pool.HikariPool        : HikariPool-1 - keepalive: connection org.postgresql.jdbc.PgConnection@79e303eb is alive
2026-08-21T20:57:21.870+09:00 DEBUG 3764 --- [Pokade] [l-1:housekeeper] com.zaxxer.hikari.pool.HikariPool        : HikariPool-1 - keepalive: connection org.postgresql.jdbc.PgConnection@58521ebb is alive
2026-08-21T20:57:26.563+09:00 DEBUG 3764 --- [Pokade] [l-1:housekeeper] com.zaxxer.hikari.pool.HikariPool        : HikariPool-1 - keepalive: connection org.postgresql.jdbc.PgConnection@497ba549 is alive
2026-08-21T20:57:40.106+09:00 DEBUG 3764 --- [Pokade] [l-1:housekeeper] com.zaxxer.hikari.pool.HikariPool        : HikariPool-1 - Pool stats (total=10/10, idle=10/10, active=0, waiting=0)
2026-08-21T20:57:40.106+09:00 DEBUG 3764 --- [Pokade] [l-1:housekeeper] com.zaxxer.hikari.pool.HikariPool        : HikariPool-1 - Fill pool skipped, pool has sufficient level or currently being filled.
2026-08-21T20:57:46.587+09:00 DEBUG 3764 --- [Pokade] [l-1:housekeeper] com.zaxxer.hikari.pool.HikariPool        : HikariPool-1 - keepalive: connection org.postgresql.jdbc.PgConnection@62c6ad9c is alive
2026-08-21T20:58:02.909+09:00 DEBUG 3764 --- [Pokade] [l-1:housekeeper] com.zaxxer.hikari.pool.HikariPool        : HikariPool-1 - keepalive: connection org.postgresql.jdbc.PgConnection@59f9374d is alive
2026-08-21T20:58:07.611+09:00 DEBUG 3764 --- [Pokade] [l-1:housekeeper] com.zaxxer.hikari.pool.HikariPool        : HikariPool-1 - keepalive: connection org.postgresql.jdbc.PgConnection@431d16c8 is alive
2026-08-21T20:58:10.107+09:00 DEBUG 3764 --- [Pokade] [l-1:housekeeper] com.zaxxer.hikari.pool.HikariPool        : HikariPool-1 - Pool stats (total=10/10, idle=10/10, active=0, waiting=0)
2026-08-21T20:58:10.107+09:00 DEBUG 3764 --- [Pokade] [l-1:housekeeper] com.zaxxer.hikari.pool.HikariPool        : HikariPool-1 - Fill pool skipped, pool has sufficient level or currently being filled.
2026-08-21T20:58:40.116+09:00 DEBUG 3764 --- [Pokade] [l-1:housekeeper] com.zaxxer.hikari.pool.HikariPool        : HikariPool-1 - Pool stats (total=10/10, idle=10/10, active=0, waiting=0)
2026-08-21T20:58:40.116+09:00 DEBUG 3764 --- [Pokade] [l-1:housekeeper] com.zaxxer.hikari.pool.HikariPool        : HikariPool-1 - Fill pool skipped, pool has sufficient level or currently being filled.
2026-08-21T20:58:46.355+09:00 DEBUG 3764 --- [Pokade] [l-1:housekeeper] com.zaxxer.hikari.pool.HikariPool        : HikariPool-1 - keepalive: connection org.postgresql.jdbc.PgConnection@2925257d is alive
2026-08-21T20:58:48.999+09:00 DEBUG 3764 --- [Pokade] [l-1:housekeeper] com.zaxxer.hikari.pool.HikariPool        : HikariPool-1 - keepalive: connection org.postgresql.jdbc.PgConnection@12bf0668 is alive
2026-08-21T20:58:58.068+09:00 DEBUG 3764 --- [Pokade] [l-1:housekeeper] com.zaxxer.hikari.pool.HikariPool        : HikariPool-1 - keepalive: connection org.postgresql.jdbc.PgConnection@58521ebb is alive
2026-08-21T20:59:04.316+09:00 DEBUG 3764 --- [Pokade] [l-1:housekeeper] com.zaxxer.hikari.pool.HikariPool        : HikariPool-1 - keepalive: connection org.postgresql.jdbc.PgConnection@497ba549 is alive
2026-08-21T20:59:06.156+09:00 DEBUG 3764 --- [Pokade] [l-1:housekeeper] com.zaxxer.hikari.pool.HikariPool        : HikariPool-1 - keepalive: connection org.postgresql.jdbc.PgConnection@1c18adf6 is alive
2026-08-21T20:59:10.121+09:00 DEBUG 3764 --- [Pokade] [l-1:housekeeper] com.zaxxer.hikari.pool.HikariPool        : HikariPool-1 - Pool stats (total=10/10, idle=10/10, active=0, waiting=0)
2026-08-21T20:59:10.121+09:00 DEBUG 3764 --- [Pokade] [l-1:housekeeper] com.zaxxer.hikari.pool.HikariPool        : HikariPool-1 - Fill pool skipped, pool has sufficient level or currently being filled.
2026-08-21T20:59:11.703+09:00 DEBUG 3764 --- [Pokade] [l-1:housekeeper] com.zaxxer.hikari.pool.HikariPool        : HikariPool-1 - keepalive: connection org.postgresql.jdbc.PgConnection@79e303eb is alive
2026-08-21T20:59:15.063+09:00 DEBUG 3764 --- [Pokade] [l-1:housekeeper] com.zaxxer.hikari.pool.HikariPool        : HikariPool-1 - keepalive: connection org.postgresql.jdbc.PgConnection@794f10fa is alive
2026-08-21T20:59:25.803+09:00 DEBUG 3764 --- [Pokade] [l-1:housekeeper] com.zaxxer.hikari.pool.HikariPool        : HikariPool-1 - keepalive: connection org.postgresql.jdbc.PgConnection@62c6ad9c is alive
2026-08-21T20:59:38.678+09:00  INFO 3764 --- [Pokade] [io-8080-exec-10] c.p.d.n.store.SseEmitterStore            : [SSE] Emitter 제거 userId=3, 남은 연결 수=0
2026-08-21T20:59:38.678+09:00  INFO 3764 --- [Pokade] [nio-8080-exec-1] c.p.d.n.store.SseEmitterStore            : [SSE] Emitter 제거 userId=3, 남은 연결 수=1
2026-08-21T20:59:38.691+09:00 ERROR 3764 --- [Pokade] [io-8080-exec-10] o.a.c.c.C.[.[.[/].[dispatcherServlet]    : Servlet.service() for servlet [dispatcherServlet] threw exception

org.springframework.security.authorization.AuthorizationDeniedException: Access Denied
	at org.springframework.security.web.access.intercept.AuthorizationFilter.doFilter(AuthorizationFilter.java:99) ~[spring-security-web-7.0.6.jar:7.0.6]
	at org.springframework.security.web.ObservationFilterChainDecorator$ObservationFilter.wrapFilter(ObservationFilterChainDecorator.java:244) ~[spring-security-web-7.0.6.jar:7.0.6]
	at org.springframework.security.web.ObservationFilterChainDecorator$ObservationFilter.doFilter(ObservationFilterChainDecorator.java:231) ~[spring-security-web-7.0.6.jar:7.0.6]
	at org.springframework.security.web.ObservationFilterChainDecorator$VirtualFilterChain.doFilter(ObservationFilterChainDecorator.java:141) ~[spring-security-web-7.0.6.jar:7.0.6]
	at org.springframework.security.web.access.ExceptionTranslationFilter.doFilter(ExceptionTranslationFilter.java:126) ~[spring-security-web-7.0.6.jar:7.0.6]
	at org.springframework.security.web.access.ExceptionTranslationFilter.doFilter(ExceptionTranslationFilter.java:120) ~[spring-security-web-7.0.6.jar:7.0.6]
	at org.springframework.security.web.ObservationFilterChainDecorator$ObservationFilter.wrapFilter(ObservationFilterChainDecorator.java:244) ~[spring-security-web-7.0.6.jar:7.0.6]
	at org.springframework.security.web.ObservationFilterChainDecorator$ObservationFilter.doFilter(ObservationFilterChainDecorator.java:231) ~[spring-security-web-7.0.6.jar:7.0.6]
	at org.springframework.security.web.ObservationFilterChainDecorator$VirtualFilterChain.doFilter(ObservationFilterChainDecorator.java:141) ~[spring-security-web-7.0.6.jar:7.0.6]
	at org.springframework.security.web.session.SessionManagementFilter.doFilter(SessionManagementFilter.java:92) ~[spring-security-web-7.0.6.jar:7.0.6]
	at org.springframework.security.web.session.SessionManagementFilter.doFilter(SessionManagementFilter.java:86) ~[spring-security-web-7.0.6.jar:7.0.6]
	at org.springframework.security.web.ObservationFilterChainDecorator$ObservationFilter.wrapFilter(ObservationFilterChainDecorator.java:244) ~[spring-security-web-7.0.6.jar:7.0.6]
	at org.springframework.security.web.ObservationFilterChainDecorator$ObservationFilter.doFilter(ObservationFilterChainDecorator.java:231) ~[spring-security-web-7.0.6.jar:7.0.6]
	at org.springframework.security.web.ObservationFilterChainDecorator$VirtualFilterChain.doFilter(ObservationFilterChainDecorator.java:141) ~[spring-security-web-7.0.6.jar:7.0.6]
	at org.springframework.security.web.authentication.AnonymousAuthenticationFilter.doFilter(AnonymousAuthenticationFilter.java:100) ~[spring-security-web-7.0.6.jar:7.0.6]
	at org.springframework.security.web.ObservationFilterChainDecorator$ObservationFilter.wrapFilter(ObservationFilterChainDecorator.java:244) ~[spring-security-web-7.0.6.jar:7.0.6]
	at org.springframework.security.web.ObservationFilterChainDecorator$ObservationFilter.doFilter(ObservationFilterChainDecorator.java:231) ~[spring-security-web-7.0.6.jar:7.0.6]
	at org.springframework.security.web.ObservationFilterChainDecorator$VirtualFilterChain.doFilter(ObservationFilterChainDecorator.java:141) ~[spring-security-web-7.0.6.jar:7.0.6]
	at org.springframework.security.web.servletapi.SecurityContextHolderAwareRequestFilter.doFilter(SecurityContextHolderAwareRequestFilter.java:181) ~[spring-security-web-7.0.6.jar:7.0.6]
	at org.springframework.security.web.ObservationFilterChainDecorator$ObservationFilter.wrapFilter(ObservationFilterChainDecorator.java:244) ~[spring-security-web-7.0.6.jar:7.0.6]
	at org.springframework.security.web.ObservationFilterChainDecorator$ObservationFilter.doFilter(ObservationFilterChainDecorator.java:231) ~[spring-security-web-7.0.6.jar:7.0.6]
	at org.springframework.security.web.ObservationFilterChainDecorator$VirtualFilterChain.doFilter(ObservationFilterChainDecorator.java:141) ~[spring-security-web-7.0.6.jar:7.0.6]
	at org.springframework.security.web.savedrequest.RequestCacheAwareFilter.doFilter(RequestCacheAwareFilter.java:63) ~[spring-security-web-7.0.6.jar:7.0.6]
	at org.springframework.security.web.ObservationFilterChainDecorator$ObservationFilter.wrapFilter(ObservationFilterChainDecorator.java:244) ~[spring-security-web-7.0.6.jar:7.0.6]
	at org.springframework.security.web.ObservationFilterChainDecorator$ObservationFilter.doFilter(ObservationFilterChainDecorator.java:231) ~[spring-security-web-7.0.6.jar:7.0.6]
	at org.springframework.security.web.ObservationFilterChainDecorator$VirtualFilterChain.doFilter(ObservationFilterChainDecorator.java:141) ~[spring-security-web-7.0.6.jar:7.0.6]
	at org.springframework.web.filter.OncePerRequestFilter.doFilter(OncePerRequestFilter.java:101) ~[spring-web-7.0.8.jar:7.0.8]
	at org.springframework.security.web.ObservationFilterChainDecorator$ObservationFilter.wrapFilter(ObservationFilterChainDecorator.java:244) ~[spring-security-web-7.0.6.jar:7.0.6]
	at org.springframework.security.web.ObservationFilterChainDecorator$ObservationFilter.doFilter(ObservationFilterChainDecorator.java:231) ~[spring-security-web-7.0.6.jar:7.0.6]
	at org.springframework.security.web.ObservationFilterChainDecorator$VirtualFilterChain.doFilter(ObservationFilterChainDecorator.java:141) ~[spring-security-web-7.0.6.jar:7.0.6]
	at org.springframework.security.web.authentication.AbstractAuthenticationProcessingFilter.doFilter(AbstractAuthenticationProcessingFilter.java:245) ~[spring-security-web-7.0.6.jar:7.0.6]
	at org.springframework.security.web.authentication.AbstractAuthenticationProcessingFilter.doFilter(AbstractAuthenticationProcessingFilter.java:239) ~[spring-security-web-7.0.6.jar:7.0.6]
	at org.springframework.security.web.ObservationFilterChainDecorator$ObservationFilter.wrapFilter(ObservationFilterChainDecorator.java:244) ~[spring-security-web-7.0.6.jar:7.0.6]
	at org.springframework.security.web.ObservationFilterChainDecorator$ObservationFilter.doFilter(ObservationFilterChainDecorator.java:231) ~[spring-security-web-7.0.6.jar:7.0.6]
	at org.springframework.security.web.ObservationFilterChainDecorator$VirtualFilterChain.doFilter(ObservationFilterChainDecorator.java:141) ~[spring-security-web-7.0.6.jar:7.0.6]
	at org.springframework.web.filter.OncePerRequestFilter.doFilter(OncePerRequestFilter.java:101) ~[spring-web-7.0.8.jar:7.0.8]
	at org.springframework.security.web.ObservationFilterChainDecorator$ObservationFilter.wrapFilter(ObservationFilterChainDecorator.java:244) ~[spring-security-web-7.0.6.jar:7.0.6]
	at org.springframework.security.web.ObservationFilterChainDecorator$ObservationFilter.doFilter(ObservationFilterChainDecorator.java:231) ~[spring-security-web-7.0.6.jar:7.0.6]
	at org.springframework.security.web.ObservationFilterChainDecorator$VirtualFilterChain.doFilter(ObservationFilterChainDecorator.java:141) ~[spring-security-web-7.0.6.jar:7.0.6]
	at org.springframework.web.filter.OncePerRequestFilter.doFilter(OncePerRequestFilter.java:101) ~[spring-web-7.0.8.jar:7.0.8]
	at org.springframework.security.web.ObservationFilterChainDecorator$ObservationFilter.wrapFilter(ObservationFilterChainDecorator.java:244) ~[spring-security-web-7.0.6.jar:7.0.6]
	at org.springframework.security.web.ObservationFilterChainDecorator$ObservationFilter.doFilter(ObservationFilterChainDecorator.java:231) ~[spring-security-web-7.0.6.jar:7.0.6]
	at org.springframework.security.web.ObservationFilterChainDecorator$VirtualFilterChain.doFilter(ObservationFilterChainDecorator.java:141) ~[spring-security-web-7.0.6.jar:7.0.6]
	at org.springframework.web.filter.OncePerRequestFilter.doFilter(OncePerRequestFilter.java:101) ~[spring-web-7.0.8.jar:7.0.8]
	at org.springframework.security.web.ObservationFilterChainDecorator$ObservationFilter.wrapFilter(ObservationFilterChainDecorator.java:244) ~[spring-security-web-7.0.6.jar:7.0.6]
	at org.springframework.security.web.ObservationFilterChainDecorator$ObservationFilter.doFilter(ObservationFilterChainDecorator.java:231) ~[spring-security-web-7.0.6.jar:7.0.6]
	at org.springframework.security.web.ObservationFilterChainDecorator$VirtualFilterChain.doFilter(ObservationFilterChainDecorator.java:141) ~[spring-security-web-7.0.6.jar:7.0.6]
	at org.springframework.security.web.context.SecurityContextHolderFilter.doFilter(SecurityContextHolderFilter.java:82) ~[spring-security-web-7.0.6.jar:7.0.6]
	at org.springframework.security.web.context.SecurityContextHolderFilter.doFilter(SecurityContextHolderFilter.java:69) ~[spring-security-web-7.0.6.jar:7.0.6]
	at org.springframework.security.web.ObservationFilterChainDecorator$ObservationFilter.wrapFilter(ObservationFilterChainDecorator.java:244) ~[spring-security-web-7.0.6.jar:7.0.6]
	at org.springframework.security.web.ObservationFilterChainDecorator$ObservationFilter.doFilter(ObservationFilterChainDecorator.java:231) ~[spring-security-web-7.0.6.jar:7.0.6]
	at org.springframework.security.web.ObservationFilterChainDecorator$VirtualFilterChain.doFilter(ObservationFilterChainDecorator.java:141) ~[spring-security-web-7.0.6.jar:7.0.6]
	at org.springframework.web.filter.OncePerRequestFilter.doFilter(OncePerRequestFilter.java:101) ~[spring-web-7.0.8.jar:7.0.8]
	at org.springframework.security.web.ObservationFilterChainDecorator$ObservationFilter.wrapFilter(ObservationFilterChainDecorator.java:244) ~[spring-security-web-7.0.6.jar:7.0.6]
	at org.springframework.security.web.ObservationFilterChainDecorator$ObservationFilter.doFilter(ObservationFilterChainDecorator.java:231) ~[spring-security-web-7.0.6.jar:7.0.6]
	at org.springframework.security.web.ObservationFilterChainDecorator$VirtualFilterChain.doFilter(ObservationFilterChainDecorator.java:141) ~[spring-security-web-7.0.6.jar:7.0.6]
	at org.springframework.web.filter.OncePerRequestFilter.doFilter(OncePerRequestFilter.java:101) ~[spring-web-7.0.8.jar:7.0.8]
	at org.springframework.security.web.ObservationFilterChainDecorator$ObservationFilter.wrapFilter(ObservationFilterChainDecorator.java:244) ~[spring-security-web-7.0.6.jar:7.0.6]
	at org.springframework.security.web.ObservationFilterChainDecorator$AroundFilterObservation$SimpleAroundFilterObservation.lambda$wrap$0(ObservationFilterChainDecorator.java:337) ~[spring-security-web-7.0.6.jar:7.0.6]
	at org.springframework.security.web.ObservationFilterChainDecorator$ObservationFilter.doFilter(ObservationFilterChainDecorator.java:228) ~[spring-security-web-7.0.6.jar:7.0.6]
	at org.springframework.security.web.ObservationFilterChainDecorator$VirtualFilterChain.doFilter(ObservationFilterChainDecorator.java:141) ~[spring-security-web-7.0.6.jar:7.0.6]
	at org.springframework.security.web.FilterChainProxy.doFilterInternal(FilterChainProxy.java:237) ~[spring-security-web-7.0.6.jar:7.0.6]
	at org.springframework.security.web.FilterChainProxy.doFilter(FilterChainProxy.java:195) ~[spring-security-web-7.0.6.jar:7.0.6]
	at org.springframework.web.filter.CompositeFilter$VirtualFilterChain.doFilter(CompositeFilter.java:113) ~[spring-web-7.0.8.jar:7.0.8]
	at org.springframework.web.filter.ServletRequestPathFilter.doFilter(ServletRequestPathFilter.java:52) ~[spring-web-7.0.8.jar:7.0.8]
	at org.springframework.web.filter.CompositeFilter$VirtualFilterChain.doFilter(CompositeFilter.java:113) ~[spring-web-7.0.8.jar:7.0.8]
	at org.springframework.web.filter.CompositeFilter.doFilter(CompositeFilter.java:74) ~[spring-web-7.0.8.jar:7.0.8]
	at org.springframework.security.config.annotation.web.configuration.WebSecurityConfiguration$CompositeFilterChainProxy.doFilter(WebSecurityConfiguration.java:317) ~[spring-security-config-7.0.6.jar:7.0.6]
	at org.springframework.web.filter.DelegatingFilterProxy.invokeDelegate(DelegatingFilterProxy.java:355) ~[spring-web-7.0.8.jar:7.0.8]
	at org.springframework.web.filter.DelegatingFilterProxy.doFilter(DelegatingFilterProxy.java:272) ~[spring-web-7.0.8.jar:7.0.8]
	at org.apache.catalina.core.ApplicationFilterChain.doFilter(ApplicationFilterChain.java:107) ~[tomcat-embed-core-11.0.22.jar:11.0.22]
	at org.springframework.web.filter.RequestContextFilter.doFilterInternal(RequestContextFilter.java:100) ~[spring-web-7.0.8.jar:7.0.8]
	at org.springframework.web.filter.OncePerRequestFilter.doFilter(OncePerRequestFilter.java:116) ~[spring-web-7.0.8.jar:7.0.8]
	at org.apache.catalina.core.ApplicationFilterChain.doFilter(ApplicationFilterChain.java:107) ~[tomcat-embed-core-11.0.22.jar:11.0.22]
	at org.springframework.web.filter.OncePerRequestFilter.doFilter(OncePerRequestFilter.java:101) ~[spring-web-7.0.8.jar:7.0.8]
	at org.apache.catalina.core.ApplicationFilterChain.doFilter(ApplicationFilterChain.java:107) ~[tomcat-embed-core-11.0.22.jar:11.0.22]
	at org.springframework.web.filter.ServerHttpObservationFilter.doFilterInternal(ServerHttpObservationFilter.java:110) ~[spring-web-7.0.8.jar:7.0.8]
	at org.springframework.web.filter.OncePerRequestFilter.doFilter(OncePerRequestFilter.java:116) ~[spring-web-7.0.8.jar:7.0.8]
	at org.apache.catalina.core.ApplicationFilterChain.doFilter(ApplicationFilterChain.java:107) ~[tomcat-embed-core-11.0.22.jar:11.0.22]
	at org.springframework.web.filter.OncePerRequestFilter.doFilter(OncePerRequestFilter.java:101) ~[spring-web-7.0.8.jar:7.0.8]
	at org.apache.catalina.core.ApplicationFilterChain.doFilter(ApplicationFilterChain.java:107) ~[tomcat-embed-core-11.0.22.jar:11.0.22]
	at org.springframework.web.filter.OncePerRequestFilter.doFilter(OncePerRequestFilter.java:101) ~[spring-web-7.0.8.jar:7.0.8]
	at org.apache.catalina.core.ApplicationFilterChain.doFilter(ApplicationFilterChain.java:107) ~[tomcat-embed-core-11.0.22.jar:11.0.22]
	at org.apache.catalina.core.ApplicationDispatcher.invoke(ApplicationDispatcher.java:513) ~[tomcat-embed-core-11.0.22.jar:11.0.22]
	at org.apache.catalina.core.ApplicationDispatcher.dispatch(ApplicationDispatcher.java:441) ~[tomcat-embed-core-11.0.22.jar:11.0.22]
	at org.apache.catalina.core.AsyncContextImpl$AsyncRunnable.run(AsyncContextImpl.java:585) ~[tomcat-embed-core-11.0.22.jar:11.0.22]
	at org.apache.catalina.core.AsyncContextImpl.doInternalDispatch(AsyncContextImpl.java:340) ~[tomcat-embed-core-11.0.22.jar:11.0.22]
	at org.apache.catalina.core.StandardWrapperValve.invoke(StandardWrapperValve.java:163) ~[tomcat-embed-core-11.0.22.jar:11.0.22]
	at org.apache.catalina.core.StandardContextValve.invoke(StandardContextValve.java:77) ~[tomcat-embed-core-11.0.22.jar:11.0.22]
	at org.apache.catalina.authenticator.AuthenticatorBase.invoke(AuthenticatorBase.java:492) ~[tomcat-embed-core-11.0.22.jar:11.0.22]
	at org.apache.catalina.core.StandardHostValve.invoke(StandardHostValve.java:113) ~[tomcat-embed-core-11.0.22.jar:11.0.22]
	at org.apache.catalina.valves.ErrorReportValve.invoke(ErrorReportValve.java:83) ~[tomcat-embed-core-11.0.22.jar:11.0.22]
	at org.apache.catalina.core.StandardEngineValve.invoke(StandardEngineValve.java:72) ~[tomcat-embed-core-11.0.22.jar:11.0.22]
	at org.apache.catalina.connector.CoyoteAdapter.asyncDispatch(CoyoteAdapter.java:238) ~[tomcat-embed-core-11.0.22.jar:11.0.22]
	at org.apache.coyote.AbstractProcessor.dispatch(AbstractProcessor.java:242) ~[tomcat-embed-core-11.0.22.jar:11.0.22]
	at org.apache.coyote.AbstractProcessorLight.process(AbstractProcessorLight.java:57) ~[tomcat-embed-core-11.0.22.jar:11.0.22]
	at org.apache.coyote.AbstractProtocol$ConnectionHandler.process(AbstractProtocol.java:1272) ~[tomcat-embed-core-11.0.22.jar:11.0.22]
	at org.apache.tomcat.util.net.NioEndpoint$SocketProcessor.doRun(NioEndpoint.java:1801) ~[tomcat-embed-core-11.0.22.jar:11.0.22]
	at org.apache.tomcat.util.net.SocketProcessorBase.run(SocketProcessorBase.java:52) ~[tomcat-embed-core-11.0.22.jar:11.0.22]
	at org.apache.tomcat.util.threads.ThreadPoolExecutor.runWorker(ThreadPoolExecutor.java:946) ~[tomcat-embed-core-11.0.22.jar:11.0.22]
	at org.apache.tomcat.util.threads.ThreadPoolExecutor$Worker.run(ThreadPoolExecutor.java:480) ~[tomcat-embed-core-11.0.22.jar:11.0.22]
	at org.apache.tomcat.util.threads.TaskThread$WrappingRunnable.run(TaskThread.java:57) ~[tomcat-embed-core-11.0.22.jar:11.0.22]
	at java.base/java.lang.Thread.run(Thread.java:1583) ~[na:na]

2026-08-21T20:59:38.691+09:00 ERROR 3764 --- [Pokade] [nio-8080-exec-1] o.a.c.c.C.[.[.[/].[dispatcherServlet]    : Servlet.service() for servlet [dispatcherServlet] threw exception

org.springframework.security.authorization.AuthorizationDeniedException: Access Denied
	at org.springframework.security.web.access.intercept.AuthorizationFilter.doFilter(AuthorizationFilter.java:99) ~[spring-security-web-7.0.6.jar:7.0.6]
	at org.springframework.security.web.ObservationFilterChainDecorator$ObservationFilter.wrapFilter(ObservationFilterChainDecorator.java:244) ~[spring-security-web-7.0.6.jar:7.0.6]
	at org.springframework.security.web.ObservationFilterChainDecorator$ObservationFilter.doFilter(ObservationFilterChainDecorator.java:231) ~[spring-security-web-7.0.6.jar:7.0.6]
	at org.springframework.security.web.ObservationFilterChainDecorator$VirtualFilterChain.doFilter(ObservationFilterChainDecorator.java:141) ~[spring-security-web-7.0.6.jar:7.0.6]
	at org.springframework.security.web.access.ExceptionTranslationFilter.doFilter(ExceptionTranslationFilter.java:126) ~[spring-security-web-7.0.6.jar:7.0.6]
	at org.springframework.security.web.access.ExceptionTranslationFilter.doFilter(ExceptionTranslationFilter.java:120) ~[spring-security-web-7.0.6.jar:7.0.6]
	at org.springframework.security.web.ObservationFilterChainDecorator$ObservationFilter.wrapFilter(ObservationFilterChainDecorator.java:244) ~[spring-security-web-7.0.6.jar:7.0.6]
	at org.springframework.security.web.ObservationFilterChainDecorator$ObservationFilter.doFilter(ObservationFilterChainDecorator.java:231) ~[spring-security-web-7.0.6.jar:7.0.6]
	at org.springframework.security.web.ObservationFilterChainDecorator$VirtualFilterChain.doFilter(ObservationFilterChainDecorator.java:141) ~[spring-security-web-7.0.6.jar:7.0.6]
	at org.springframework.security.web.session.SessionManagementFilter.doFilter(SessionManagementFilter.java:92) ~[spring-security-web-7.0.6.jar:7.0.6]
	at org.springframework.security.web.session.SessionManagementFilter.doFilter(SessionManagementFilter.java:86) ~[spring-security-web-7.0.6.jar:7.0.6]
	at org.springframework.security.web.ObservationFilterChainDecorator$ObservationFilter.wrapFilter(ObservationFilterChainDecorator.java:244) ~[spring-security-web-7.0.6.jar:7.0.6]
	at org.springframework.security.web.ObservationFilterChainDecorator$ObservationFilter.doFilter(ObservationFilterChainDecorator.java:231) ~[spring-security-web-7.0.6.jar:7.0.6]
	at org.springframework.security.web.ObservationFilterChainDecorator$VirtualFilterChain.doFilter(ObservationFilterChainDecorator.java:141) ~[spring-security-web-7.0.6.jar:7.0.6]
	at org.springframework.security.web.authentication.AnonymousAuthenticationFilter.doFilter(AnonymousAuthenticationFilter.java:100) ~[spring-security-web-7.0.6.jar:7.0.6]
	at org.springframework.security.web.ObservationFilterChainDecorator$ObservationFilter.wrapFilter(ObservationFilterChainDecorator.java:244) ~[spring-security-web-7.0.6.jar:7.0.6]
	at org.springframework.security.web.ObservationFilterChainDecorator$ObservationFilter.doFilter(ObservationFilterChainDecorator.java:231) ~[spring-security-web-7.0.6.jar:7.0.6]
	at org.springframework.security.web.ObservationFilterChainDecorator$VirtualFilterChain.doFilter(ObservationFilterChainDecorator.java:141) ~[spring-security-web-7.0.6.jar:7.0.6]
	at org.springframework.security.web.servletapi.SecurityContextHolderAwareRequestFilter.doFilter(SecurityContextHolderAwareRequestFilter.java:181) ~[spring-security-web-7.0.6.jar:7.0.6]
	at org.springframework.security.web.ObservationFilterChainDecorator$ObservationFilter.wrapFilter(ObservationFilterChainDecorator.java:244) ~[spring-security-web-7.0.6.jar:7.0.6]
	at org.springframework.security.web.ObservationFilterChainDecorator$ObservationFilter.doFilter(ObservationFilterChainDecorator.java:231) ~[spring-security-web-7.0.6.jar:7.0.6]
	at org.springframework.security.web.ObservationFilterChainDecorator$VirtualFilterChain.doFilter(ObservationFilterChainDecorator.java:141) ~[spring-security-web-7.0.6.jar:7.0.6]
	at org.springframework.security.web.savedrequest.RequestCacheAwareFilter.doFilter(RequestCacheAwareFilter.java:63) ~[spring-security-web-7.0.6.jar:7.0.6]
	at org.springframework.security.web.ObservationFilterChainDecorator$ObservationFilter.wrapFilter(ObservationFilterChainDecorator.java:244) ~[spring-security-web-7.0.6.jar:7.0.6]
	at org.springframework.security.web.ObservationFilterChainDecorator$ObservationFilter.doFilter(ObservationFilterChainDecorator.java:231) ~[spring-security-web-7.0.6.jar:7.0.6]
	at org.springframework.security.web.ObservationFilterChainDecorator$VirtualFilterChain.doFilter(ObservationFilterChainDecorator.java:141) ~[spring-security-web-7.0.6.jar:7.0.6]
	at org.springframework.web.filter.OncePerRequestFilter.doFilter(OncePerRequestFilter.java:101) ~[spring-web-7.0.8.jar:7.0.8]
	at org.springframework.security.web.ObservationFilterChainDecorator$ObservationFilter.wrapFilter(ObservationFilterChainDecorator.java:244) ~[spring-security-web-7.0.6.jar:7.0.6]
	at org.springframework.security.web.ObservationFilterChainDecorator$ObservationFilter.doFilter(ObservationFilterChainDecorator.java:231) ~[spring-security-web-7.0.6.jar:7.0.6]
	at org.springframework.security.web.ObservationFilterChainDecorator$VirtualFilterChain.doFilter(ObservationFilterChainDecorator.java:141) ~[spring-security-web-7.0.6.jar:7.0.6]
	at org.springframework.security.web.authentication.AbstractAuthenticationProcessingFilter.doFilter(AbstractAuthenticationProcessingFilter.java:245) ~[spring-security-web-7.0.6.jar:7.0.6]
	at org.springframework.security.web.authentication.AbstractAuthenticationProcessingFilter.doFilter(AbstractAuthenticationProcessingFilter.java:239) ~[spring-security-web-7.0.6.jar:7.0.6]
	at org.springframework.security.web.ObservationFilterChainDecorator$ObservationFilter.wrapFilter(ObservationFilterChainDecorator.java:244) ~[spring-security-web-7.0.6.jar:7.0.6]
	at org.springframework.security.web.ObservationFilterChainDecorator$ObservationFilter.doFilter(ObservationFilterChainDecorator.java:231) ~[spring-security-web-7.0.6.jar:7.0.6]
	at org.springframework.security.web.ObservationFilterChainDecorator$VirtualFilterChain.doFilter(ObservationFilterChainDecorator.java:141) ~[spring-security-web-7.0.6.jar:7.0.6]
	at org.springframework.web.filter.OncePerRequestFilter.doFilter(OncePerRequestFilter.java:101) ~[spring-web-7.0.8.jar:7.0.8]
	at org.springframework.security.web.ObservationFilterChainDecorator$ObservationFilter.wrapFilter(ObservationFilterChainDecorator.java:244) ~[spring-security-web-7.0.6.jar:7.0.6]
	at org.springframework.security.web.ObservationFilterChainDecorator$ObservationFilter.doFilter(ObservationFilterChainDecorator.java:231) ~[spring-security-web-7.0.6.jar:7.0.6]
	at org.springframework.security.web.ObservationFilterChainDecorator$VirtualFilterChain.doFilter(ObservationFilterChainDecorator.java:141) ~[spring-security-web-7.0.6.jar:7.0.6]
	at org.springframework.web.filter.OncePerRequestFilter.doFilter(OncePerRequestFilter.java:101) ~[spring-web-7.0.8.jar:7.0.8]
	at org.springframework.security.web.ObservationFilterChainDecorator$ObservationFilter.wrapFilter(ObservationFilterChainDecorator.java:244) ~[spring-security-web-7.0.6.jar:7.0.6]
	at org.springframework.security.web.ObservationFilterChainDecorator$ObservationFilter.doFilter(ObservationFilterChainDecorator.java:231) ~[spring-security-web-7.0.6.jar:7.0.6]
	at org.springframework.security.web.ObservationFilterChainDecorator$VirtualFilterChain.doFilter(ObservationFilterChainDecorator.java:141) ~[spring-security-web-7.0.6.jar:7.0.6]
	at org.springframework.web.filter.OncePerRequestFilter.doFilter(OncePerRequestFilter.java:101) ~[spring-web-7.0.8.jar:7.0.8]
	at org.springframework.security.web.ObservationFilterChainDecorator$ObservationFilter.wrapFilter(ObservationFilterChainDecorator.java:244) ~[spring-security-web-7.0.6.jar:7.0.6]
	at org.springframework.security.web.ObservationFilterChainDecorator$ObservationFilter.doFilter(ObservationFilterChainDecorator.java:231) ~[spring-security-web-7.0.6.jar:7.0.6]
	at org.springframework.security.web.ObservationFilterChainDecorator$VirtualFilterChain.doFilter(ObservationFilterChainDecorator.java:141) ~[spring-security-web-7.0.6.jar:7.0.6]
	at org.springframework.security.web.context.SecurityContextHolderFilter.doFilter(SecurityContextHolderFilter.java:82) ~[spring-security-web-7.0.6.jar:7.0.6]
	at org.springframework.security.web.context.SecurityContextHolderFilter.doFilter(SecurityContextHolderFilter.java:69) ~[spring-security-web-7.0.6.jar:7.0.6]
	at org.springframework.security.web.ObservationFilterChainDecorator$ObservationFilter.wrapFilter(ObservationFilterChainDecorator.java:244) ~[spring-security-web-7.0.6.jar:7.0.6]
	at org.springframework.security.web.ObservationFilterChainDecorator$ObservationFilter.doFilter(ObservationFilterChainDecorator.java:231) ~[spring-security-web-7.0.6.jar:7.0.6]
	at org.springframework.security.web.ObservationFilterChainDecorator$VirtualFilterChain.doFilter(ObservationFilterChainDecorator.java:141) ~[spring-security-web-7.0.6.jar:7.0.6]
	at org.springframework.web.filter.OncePerRequestFilter.doFilter(OncePerRequestFilter.java:101) ~[spring-web-7.0.8.jar:7.0.8]
	at org.springframework.security.web.ObservationFilterChainDecorator$ObservationFilter.wrapFilter(ObservationFilterChainDecorator.java:244) ~[spring-security-web-7.0.6.jar:7.0.6]
	at org.springframework.security.web.ObservationFilterChainDecorator$ObservationFilter.doFilter(ObservationFilterChainDecorator.java:231) ~[spring-security-web-7.0.6.jar:7.0.6]
	at org.springframework.security.web.ObservationFilterChainDecorator$VirtualFilterChain.doFilter(ObservationFilterChainDecorator.java:141) ~[spring-security-web-7.0.6.jar:7.0.6]
	at org.springframework.web.filter.OncePerRequestFilter.doFilter(OncePerRequestFilter.java:101) ~[spring-web-7.0.8.jar:7.0.8]
	at org.springframework.security.web.ObservationFilterChainDecorator$ObservationFilter.wrapFilter(ObservationFilterChainDecorator.java:244) ~[spring-security-web-7.0.6.jar:7.0.6]
	at org.springframework.security.web.ObservationFilterChainDecorator$AroundFilterObservation$SimpleAroundFilterObservation.lambda$wrap$0(ObservationFilterChainDecorator.java:337) ~[spring-security-web-7.0.6.jar:7.0.6]
	at org.springframework.security.web.ObservationFilterChainDecorator$ObservationFilter.doFilter(ObservationFilterChainDecorator.java:228) ~[spring-security-web-7.0.6.jar:7.0.6]
	at org.springframework.security.web.ObservationFilterChainDecorator$VirtualFilterChain.doFilter(ObservationFilterChainDecorator.java:141) ~[spring-security-web-7.0.6.jar:7.0.6]
	at org.springframework.security.web.FilterChainProxy.doFilterInternal(FilterChainProxy.java:237) ~[spring-security-web-7.0.6.jar:7.0.6]
	at org.springframework.security.web.FilterChainProxy.doFilter(FilterChainProxy.java:195) ~[spring-security-web-7.0.6.jar:7.0.6]
	at org.springframework.web.filter.CompositeFilter$VirtualFilterChain.doFilter(CompositeFilter.java:113) ~[spring-web-7.0.8.jar:7.0.8]
	at org.springframework.web.filter.ServletRequestPathFilter.doFilter(ServletRequestPathFilter.java:52) ~[spring-web-7.0.8.jar:7.0.8]
	at org.springframework.web.filter.CompositeFilter$VirtualFilterChain.doFilter(CompositeFilter.java:113) ~[spring-web-7.0.8.jar:7.0.8]
	at org.springframework.web.filter.CompositeFilter.doFilter(CompositeFilter.java:74) ~[spring-web-7.0.8.jar:7.0.8]
	at org.springframework.security.config.annotation.web.configuration.WebSecurityConfiguration$CompositeFilterChainProxy.doFilter(WebSecurityConfiguration.java:317) ~[spring-security-config-7.0.6.jar:7.0.6]
	at org.springframework.web.filter.DelegatingFilterProxy.invokeDelegate(DelegatingFilterProxy.java:355) ~[spring-web-7.0.8.jar:7.0.8]
	at org.springframework.web.filter.DelegatingFilterProxy.doFilter(DelegatingFilterProxy.java:272) ~[spring-web-7.0.8.jar:7.0.8]
	at org.apache.catalina.core.ApplicationFilterChain.doFilter(ApplicationFilterChain.java:107) ~[tomcat-embed-core-11.0.22.jar:11.0.22]
	at org.springframework.web.filter.RequestContextFilter.doFilterInternal(RequestContextFilter.java:100) ~[spring-web-7.0.8.jar:7.0.8]
	at org.springframework.web.filter.OncePerRequestFilter.doFilter(OncePerRequestFilter.java:116) ~[spring-web-7.0.8.jar:7.0.8]
	at org.apache.catalina.core.ApplicationFilterChain.doFilter(ApplicationFilterChain.java:107) ~[tomcat-embed-core-11.0.22.jar:11.0.22]
	at org.springframework.web.filter.OncePerRequestFilter.doFilter(OncePerRequestFilter.java:101) ~[spring-web-7.0.8.jar:7.0.8]
	at org.apache.catalina.core.ApplicationFilterChain.doFilter(ApplicationFilterChain.java:107) ~[tomcat-embed-core-11.0.22.jar:11.0.22]
	at org.springframework.web.filter.ServerHttpObservationFilter.doFilterInternal(ServerHttpObservationFilter.java:110) ~[spring-web-7.0.8.jar:7.0.8]
	at org.springframework.web.filter.OncePerRequestFilter.doFilter(OncePerRequestFilter.java:116) ~[spring-web-7.0.8.jar:7.0.8]
	at org.apache.catalina.core.ApplicationFilterChain.doFilter(ApplicationFilterChain.java:107) ~[tomcat-embed-core-11.0.22.jar:11.0.22]
	at org.springframework.web.filter.OncePerRequestFilter.doFilter(OncePerRequestFilter.java:101) ~[spring-web-7.0.8.jar:7.0.8]
	at org.apache.catalina.core.ApplicationFilterChain.doFilter(ApplicationFilterChain.java:107) ~[tomcat-embed-core-11.0.22.jar:11.0.22]
	at org.springframework.web.filter.OncePerRequestFilter.doFilter(OncePerRequestFilter.java:101) ~[spring-web-7.0.8.jar:7.0.8]
	at org.apache.catalina.core.ApplicationFilterChain.doFilter(ApplicationFilterChain.java:107) ~[tomcat-embed-core-11.0.22.jar:11.0.22]
	at org.apache.catalina.core.ApplicationDispatcher.invoke(ApplicationDispatcher.java:513) ~[tomcat-embed-core-11.0.22.jar:11.0.22]
	at org.apache.catalina.core.ApplicationDispatcher.dispatch(ApplicationDispatcher.java:441) ~[tomcat-embed-core-11.0.22.jar:11.0.22]
	at org.apache.catalina.core.AsyncContextImpl$AsyncRunnable.run(AsyncContextImpl.java:585) ~[tomcat-embed-core-11.0.22.jar:11.0.22]
	at org.apache.catalina.core.AsyncContextImpl.doInternalDispatch(AsyncContextImpl.java:340) ~[tomcat-embed-core-11.0.22.jar:11.0.22]
	at org.apache.catalina.core.StandardWrapperValve.invoke(StandardWrapperValve.java:163) ~[tomcat-embed-core-11.0.22.jar:11.0.22]
	at org.apache.catalina.core.StandardContextValve.invoke(StandardContextValve.java:77) ~[tomcat-embed-core-11.0.22.jar:11.0.22]
	at org.apache.catalina.authenticator.AuthenticatorBase.invoke(AuthenticatorBase.java:492) ~[tomcat-embed-core-11.0.22.jar:11.0.22]
	at org.apache.catalina.core.StandardHostValve.invoke(StandardHostValve.java:113) ~[tomcat-embed-core-11.0.22.jar:11.0.22]
	at org.apache.catalina.valves.ErrorReportValve.invoke(ErrorReportValve.java:83) ~[tomcat-embed-core-11.0.22.jar:11.0.22]
	at org.apache.catalina.core.StandardEngineValve.invoke(StandardEngineValve.java:72) ~[tomcat-embed-core-11.0.22.jar:11.0.22]
	at org.apache.catalina.connector.CoyoteAdapter.asyncDispatch(CoyoteAdapter.java:238) ~[tomcat-embed-core-11.0.22.jar:11.0.22]
	at org.apache.coyote.AbstractProcessor.dispatch(AbstractProcessor.java:242) ~[tomcat-embed-core-11.0.22.jar:11.0.22]
	at org.apache.coyote.AbstractProcessorLight.process(AbstractProcessorLight.java:57) ~[tomcat-embed-core-11.0.22.jar:11.0.22]
	at org.apache.coyote.AbstractProtocol$ConnectionHandler.process(AbstractProtocol.java:1272) ~[tomcat-embed-core-11.0.22.jar:11.0.22]
	at org.apache.tomcat.util.net.NioEndpoint$SocketProcessor.doRun(NioEndpoint.java:1801) ~[tomcat-embed-core-11.0.22.jar:11.0.22]
	at org.apache.tomcat.util.net.SocketProcessorBase.run(SocketProcessorBase.java:52) ~[tomcat-embed-core-11.0.22.jar:11.0.22]
	at org.apache.tomcat.util.threads.ThreadPoolExecutor.runWorker(ThreadPoolExecutor.java:946) ~[tomcat-embed-core-11.0.22.jar:11.0.22]
	at org.apache.tomcat.util.threads.ThreadPoolExecutor$Worker.run(ThreadPoolExecutor.java:480) ~[tomcat-embed-core-11.0.22.jar:11.0.22]
	at org.apache.tomcat.util.threads.TaskThread$WrappingRunnable.run(TaskThread.java:57) ~[tomcat-embed-core-11.0.22.jar:11.0.22]
	at java.base/java.lang.Thread.run(Thread.java:1583) ~[na:na]

2026-08-21T20:59:38.693+09:00 ERROR 3764 --- [Pokade] [io-8080-exec-10] o.a.c.c.C.[.[.[/].[dispatcherServlet]    : Servlet.service() for servlet [dispatcherServlet] in context with path [] threw exception [Unable to handle the Spring Security Exception because the response is already committed.] with root cause

org.springframework.security.authorization.AuthorizationDeniedException: Access Denied
	at org.springframework.security.web.access.intercept.AuthorizationFilter.doFilter(AuthorizationFilter.java:99) ~[spring-security-web-7.0.6.jar:7.0.6]
	at org.springframework.security.web.ObservationFilterChainDecorator$ObservationFilter.wrapFilter(ObservationFilterChainDecorator.java:244) ~[spring-security-web-7.0.6.jar:7.0.6]
	at org.springframework.security.web.ObservationFilterChainDecorator$ObservationFilter.doFilter(ObservationFilterChainDecorator.java:231) ~[spring-security-web-7.0.6.jar:7.0.6]
	at org.springframework.security.web.ObservationFilterChainDecorator$VirtualFilterChain.doFilter(ObservationFilterChainDecorator.java:141) ~[spring-security-web-7.0.6.jar:7.0.6]
	at org.springframework.security.web.access.ExceptionTranslationFilter.doFilter(ExceptionTranslationFilter.java:126) ~[spring-security-web-7.0.6.jar:7.0.6]
	at org.springframework.security.web.access.ExceptionTranslationFilter.doFilter(ExceptionTranslationFilter.java:120) ~[spring-security-web-7.0.6.jar:7.0.6]
	at org.springframework.security.web.ObservationFilterChainDecorator$ObservationFilter.wrapFilter(ObservationFilterChainDecorator.java:244) ~[spring-security-web-7.0.6.jar:7.0.6]
	at org.springframework.security.web.ObservationFilterChainDecorator$ObservationFilter.doFilter(ObservationFilterChainDecorator.java:231) ~[spring-security-web-7.0.6.jar:7.0.6]
	at org.springframework.security.web.ObservationFilterChainDecorator$VirtualFilterChain.doFilter(ObservationFilterChainDecorator.java:141) ~[spring-security-web-7.0.6.jar:7.0.6]
	at org.springframework.security.web.session.SessionManagementFilter.doFilter(SessionManagementFilter.java:92) ~[spring-security-web-7.0.6.jar:7.0.6]
	at org.springframework.security.web.session.SessionManagementFilter.doFilter(SessionManagementFilter.java:86) ~[spring-security-web-7.0.6.jar:7.0.6]
	at org.springframework.security.web.ObservationFilterChainDecorator$ObservationFilter.wrapFilter(ObservationFilterChainDecorator.java:244) ~[spring-security-web-7.0.6.jar:7.0.6]
	at org.springframework.security.web.ObservationFilterChainDecorator$ObservationFilter.doFilter(ObservationFilterChainDecorator.java:231) ~[spring-security-web-7.0.6.jar:7.0.6]
	at org.springframework.security.web.ObservationFilterChainDecorator$VirtualFilterChain.doFilter(ObservationFilterChainDecorator.java:141) ~[spring-security-web-7.0.6.jar:7.0.6]
	at org.springframework.security.web.authentication.AnonymousAuthenticationFilter.doFilter(AnonymousAuthenticationFilter.java:100) ~[spring-security-web-7.0.6.jar:7.0.6]
	at org.springframework.security.web.ObservationFilterChainDecorator$ObservationFilter.wrapFilter(ObservationFilterChainDecorator.java:244) ~[spring-security-web-7.0.6.jar:7.0.6]
	at org.springframework.security.web.ObservationFilterChainDecorator$ObservationFilter.doFilter(ObservationFilterChainDecorator.java:231) ~[spring-security-web-7.0.6.jar:7.0.6]
	at org.springframework.security.web.ObservationFilterChainDecorator$VirtualFilterChain.doFilter(ObservationFilterChainDecorator.java:141) ~[spring-security-web-7.0.6.jar:7.0.6]
	at org.springframework.security.web.servletapi.SecurityContextHolderAwareRequestFilter.doFilter(SecurityContextHolderAwareRequestFilter.java:181) ~[spring-security-web-7.0.6.jar:7.0.6]
	at org.springframework.security.web.ObservationFilterChainDecorator$ObservationFilter.wrapFilter(ObservationFilterChainDecorator.java:244) ~[spring-security-web-7.0.6.jar:7.0.6]
	at org.springframework.security.web.ObservationFilterChainDecorator$ObservationFilter.doFilter(ObservationFilterChainDecorator.java:231) ~[spring-security-web-7.0.6.jar:7.0.6]
	at org.springframework.security.web.ObservationFilterChainDecorator$VirtualFilterChain.doFilter(ObservationFilterChainDecorator.java:141) ~[spring-security-web-7.0.6.jar:7.0.6]
	at org.springframework.security.web.savedrequest.RequestCacheAwareFilter.doFilter(RequestCacheAwareFilter.java:63) ~[spring-security-web-7.0.6.jar:7.0.6]
	at org.springframework.security.web.ObservationFilterChainDecorator$ObservationFilter.wrapFilter(ObservationFilterChainDecorator.java:244) ~[spring-security-web-7.0.6.jar:7.0.6]
	at org.springframework.security.web.ObservationFilterChainDecorator$ObservationFilter.doFilter(ObservationFilterChainDecorator.java:231) ~[spring-security-web-7.0.6.jar:7.0.6]
	at org.springframework.security.web.ObservationFilterChainDecorator$VirtualFilterChain.doFilter(ObservationFilterChainDecorator.java:141) ~[spring-security-web-7.0.6.jar:7.0.6]
	at org.springframework.web.filter.OncePerRequestFilter.doFilter(OncePerRequestFilter.java:101) ~[spring-web-7.0.8.jar:7.0.8]
	at org.springframework.security.web.ObservationFilterChainDecorator$ObservationFilter.wrapFilter(ObservationFilterChainDecorator.java:244) ~[spring-security-web-7.0.6.jar:7.0.6]
	at org.springframework.security.web.ObservationFilterChainDecorator$ObservationFilter.doFilter(ObservationFilterChainDecorator.java:231) ~[spring-security-web-7.0.6.jar:7.0.6]
	at org.springframework.security.web.ObservationFilterChainDecorator$VirtualFilterChain.doFilter(ObservationFilterChainDecorator.java:141) ~[spring-security-web-7.0.6.jar:7.0.6]
	at org.springframework.security.web.authentication.AbstractAuthenticationProcessingFilter.doFilter(AbstractAuthenticationProcessingFilter.java:245) ~[spring-security-web-7.0.6.jar:7.0.6]
	at org.springframework.security.web.authentication.AbstractAuthenticationProcessingFilter.doFilter(AbstractAuthenticationProcessingFilter.java:239) ~[spring-security-web-7.0.6.jar:7.0.6]
	at org.springframework.security.web.ObservationFilterChainDecorator$ObservationFilter.wrapFilter(ObservationFilterChainDecorator.java:244) ~[spring-security-web-7.0.6.jar:7.0.6]
	at org.springframework.security.web.ObservationFilterChainDecorator$ObservationFilter.doFilter(ObservationFilterChainDecorator.java:231) ~[spring-security-web-7.0.6.jar:7.0.6]
	at org.springframework.security.web.ObservationFilterChainDecorator$VirtualFilterChain.doFilter(ObservationFilterChainDecorator.java:141) ~[spring-security-web-7.0.6.jar:7.0.6]
	at org.springframework.web.filter.OncePerRequestFilter.doFilter(OncePerRequestFilter.java:101) ~[spring-web-7.0.8.jar:7.0.8]
	at org.springframework.security.web.ObservationFilterChainDecorator$ObservationFilter.wrapFilter(ObservationFilterChainDecorator.java:244) ~[spring-security-web-7.0.6.jar:7.0.6]
	at org.springframework.security.web.ObservationFilterChainDecorator$ObservationFilter.doFilter(ObservationFilterChainDecorator.java:231) ~[spring-security-web-7.0.6.jar:7.0.6]
	at org.springframework.security.web.ObservationFilterChainDecorator$VirtualFilterChain.doFilter(ObservationFilterChainDecorator.java:141) ~[spring-security-web-7.0.6.jar:7.0.6]
	at org.springframework.web.filter.OncePerRequestFilter.doFilter(OncePerRequestFilter.java:101) ~[spring-web-7.0.8.jar:7.0.8]
	at org.springframework.security.web.ObservationFilterChainDecorator$ObservationFilter.wrapFilter(ObservationFilterChainDecorator.java:244) ~[spring-security-web-7.0.6.jar:7.0.6]
	at org.springframework.security.web.ObservationFilterChainDecorator$ObservationFilter.doFilter(ObservationFilterChainDecorator.java:231) ~[spring-security-web-7.0.6.jar:7.0.6]
	at org.springframework.security.web.ObservationFilterChainDecorator$VirtualFilterChain.doFilter(ObservationFilterChainDecorator.java:141) ~[spring-security-web-7.0.6.jar:7.0.6]
	at org.springframework.web.filter.OncePerRequestFilter.doFilter(OncePerRequestFilter.java:101) ~[spring-web-7.0.8.jar:7.0.8]
	at org.springframework.security.web.ObservationFilterChainDecorator$ObservationFilter.wrapFilter(ObservationFilterChainDecorator.java:244) ~[spring-security-web-7.0.6.jar:7.0.6]
	at org.springframework.security.web.ObservationFilterChainDecorator$ObservationFilter.doFilter(ObservationFilterChainDecorator.java:231) ~[spring-security-web-7.0.6.jar:7.0.6]
	at org.springframework.security.web.ObservationFilterChainDecorator$VirtualFilterChain.doFilter(ObservationFilterChainDecorator.java:141) ~[spring-security-web-7.0.6.jar:7.0.6]
	at org.springframework.security.web.context.SecurityContextHolderFilter.doFilter(SecurityContextHolderFilter.java:82) ~[spring-security-web-7.0.6.jar:7.0.6]
	at org.springframework.security.web.context.SecurityContextHolderFilter.doFilter(SecurityContextHolderFilter.java:69) ~[spring-security-web-7.0.6.jar:7.0.6]
	at org.springframework.security.web.ObservationFilterChainDecorator$ObservationFilter.wrapFilter(ObservationFilterChainDecorator.java:244) ~[spring-security-web-7.0.6.jar:7.0.6]
	at org.springframework.security.web.ObservationFilterChainDecorator$ObservationFilter.doFilter(ObservationFilterChainDecorator.java:231) ~[spring-security-web-7.0.6.jar:7.0.6]
	at org.springframework.security.web.ObservationFilterChainDecorator$VirtualFilterChain.doFilter(ObservationFilterChainDecorator.java:141) ~[spring-security-web-7.0.6.jar:7.0.6]
	at org.springframework.web.filter.OncePerRequestFilter.doFilter(OncePerRequestFilter.java:101) ~[spring-web-7.0.8.jar:7.0.8]
	at org.springframework.security.web.ObservationFilterChainDecorator$ObservationFilter.wrapFilter(ObservationFilterChainDecorator.java:244) ~[spring-security-web-7.0.6.jar:7.0.6]
	at org.springframework.security.web.ObservationFilterChainDecorator$ObservationFilter.doFilter(ObservationFilterChainDecorator.java:231) ~[spring-security-web-7.0.6.jar:7.0.6]
	at org.springframework.security.web.ObservationFilterChainDecorator$VirtualFilterChain.doFilter(ObservationFilterChainDecorator.java:141) ~[spring-security-web-7.0.6.jar:7.0.6]
	at org.springframework.web.filter.OncePerRequestFilter.doFilter(OncePerRequestFilter.java:101) ~[spring-web-7.0.8.jar:7.0.8]
	at org.springframework.security.web.ObservationFilterChainDecorator$ObservationFilter.wrapFilter(ObservationFilterChainDecorator.java:244) ~[spring-security-web-7.0.6.jar:7.0.6]
	at org.springframework.security.web.ObservationFilterChainDecorator$AroundFilterObservation$SimpleAroundFilterObservation.lambda$wrap$0(ObservationFilterChainDecorator.java:337) ~[spring-security-web-7.0.6.jar:7.0.6]
	at org.springframework.security.web.ObservationFilterChainDecorator$ObservationFilter.doFilter(ObservationFilterChainDecorator.java:228) ~[spring-security-web-7.0.6.jar:7.0.6]
	at org.springframework.security.web.ObservationFilterChainDecorator$VirtualFilterChain.doFilter(ObservationFilterChainDecorator.java:141) ~[spring-security-web-7.0.6.jar:7.0.6]
	at org.springframework.security.web.FilterChainProxy.doFilterInternal(FilterChainProxy.java:237) ~[spring-security-web-7.0.6.jar:7.0.6]
	at org.springframework.security.web.FilterChainProxy.doFilter(FilterChainProxy.java:195) ~[spring-security-web-7.0.6.jar:7.0.6]
	at org.springframework.web.filter.CompositeFilter$VirtualFilterChain.doFilter(CompositeFilter.java:113) ~[spring-web-7.0.8.jar:7.0.8]
	at org.springframework.web.filter.ServletRequestPathFilter.doFilter(ServletRequestPathFilter.java:52) ~[spring-web-7.0.8.jar:7.0.8]
	at org.springframework.web.filter.CompositeFilter$VirtualFilterChain.doFilter(CompositeFilter.java:113) ~[spring-web-7.0.8.jar:7.0.8]
	at org.springframework.web.filter.CompositeFilter.doFilter(CompositeFilter.java:74) ~[spring-web-7.0.8.jar:7.0.8]
	at org.springframework.security.config.annotation.web.configuration.WebSecurityConfiguration$CompositeFilterChainProxy.doFilter(WebSecurityConfiguration.java:317) ~[spring-security-config-7.0.6.jar:7.0.6]
	at org.springframework.web.filter.DelegatingFilterProxy.invokeDelegate(DelegatingFilterProxy.java:355) ~[spring-web-7.0.8.jar:7.0.8]
	at org.springframework.web.filter.DelegatingFilterProxy.doFilter(DelegatingFilterProxy.java:272) ~[spring-web-7.0.8.jar:7.0.8]
	at org.apache.catalina.core.ApplicationFilterChain.doFilter(ApplicationFilterChain.java:107) ~[tomcat-embed-core-11.0.22.jar:11.0.22]
	at org.springframework.web.filter.RequestContextFilter.doFilterInternal(RequestContextFilter.java:100) ~[spring-web-7.0.8.jar:7.0.8]
	at org.springframework.web.filter.OncePerRequestFilter.doFilter(OncePerRequestFilter.java:116) ~[spring-web-7.0.8.jar:7.0.8]
	at org.apache.catalina.core.ApplicationFilterChain.doFilter(ApplicationFilterChain.java:107) ~[tomcat-embed-core-11.0.22.jar:11.0.22]
	at org.springframework.web.filter.OncePerRequestFilter.doFilter(OncePerRequestFilter.java:101) ~[spring-web-7.0.8.jar:7.0.8]
	at org.apache.catalina.core.ApplicationFilterChain.doFilter(ApplicationFilterChain.java:107) ~[tomcat-embed-core-11.0.22.jar:11.0.22]
	at org.springframework.web.filter.ServerHttpObservationFilter.doFilterInternal(ServerHttpObservationFilter.java:110) ~[spring-web-7.0.8.jar:7.0.8]
	at org.springframework.web.filter.OncePerRequestFilter.doFilter(OncePerRequestFilter.java:116) ~[spring-web-7.0.8.jar:7.0.8]
	at org.apache.catalina.core.ApplicationFilterChain.doFilter(ApplicationFilterChain.java:107) ~[tomcat-embed-core-11.0.22.jar:11.0.22]
	at org.springframework.web.filter.OncePerRequestFilter.doFilter(OncePerRequestFilter.java:101) ~[spring-web-7.0.8.jar:7.0.8]
	at org.apache.catalina.core.ApplicationFilterChain.doFilter(ApplicationFilterChain.java:107) ~[tomcat-embed-core-11.0.22.jar:11.0.22]
	at org.springframework.web.filter.OncePerRequestFilter.doFilter(OncePerRequestFilter.java:101) ~[spring-web-7.0.8.jar:7.0.8]
	at org.apache.catalina.core.ApplicationFilterChain.doFilter(ApplicationFilterChain.java:107) ~[tomcat-embed-core-11.0.22.jar:11.0.22]
	at org.apache.catalina.core.ApplicationDispatcher.invoke(ApplicationDispatcher.java:513) ~[tomcat-embed-core-11.0.22.jar:11.0.22]
	at org.apache.catalina.core.ApplicationDispatcher.dispatch(ApplicationDispatcher.java:441) ~[tomcat-embed-core-11.0.22.jar:11.0.22]
	at org.apache.catalina.core.AsyncContextImpl$AsyncRunnable.run(AsyncContextImpl.java:585) ~[tomcat-embed-core-11.0.22.jar:11.0.22]
	at org.apache.catalina.core.AsyncContextImpl.doInternalDispatch(AsyncContextImpl.java:340) ~[tomcat-embed-core-11.0.22.jar:11.0.22]
	at org.apache.catalina.core.StandardWrapperValve.invoke(StandardWrapperValve.java:163) ~[tomcat-embed-core-11.0.22.jar:11.0.22]
	at org.apache.catalina.core.StandardContextValve.invoke(StandardContextValve.java:77) ~[tomcat-embed-core-11.0.22.jar:11.0.22]
	at org.apache.catalina.authenticator.AuthenticatorBase.invoke(AuthenticatorBase.java:492) ~[tomcat-embed-core-11.0.22.jar:11.0.22]
	at org.apache.catalina.core.StandardHostValve.invoke(StandardHostValve.java:113) ~[tomcat-embed-core-11.0.22.jar:11.0.22]
	at org.apache.catalina.valves.ErrorReportValve.invoke(ErrorReportValve.java:83) ~[tomcat-embed-core-11.0.22.jar:11.0.22]
	at org.apache.catalina.core.StandardEngineValve.invoke(StandardEngineValve.java:72) ~[tomcat-embed-core-11.0.22.jar:11.0.22]
	at org.apache.catalina.connector.CoyoteAdapter.asyncDispatch(CoyoteAdapter.java:238) ~[tomcat-embed-core-11.0.22.jar:11.0.22]
	at org.apache.coyote.AbstractProcessor.dispatch(AbstractProcessor.java:242) ~[tomcat-embed-core-11.0.22.jar:11.0.22]
	at org.apache.coyote.AbstractProcessorLight.process(AbstractProcessorLight.java:57) ~[tomcat-embed-core-11.0.22.jar:11.0.22]
	at org.apache.coyote.AbstractProtocol$ConnectionHandler.process(AbstractProtocol.java:1272) ~[tomcat-embed-core-11.0.22.jar:11.0.22]
	at org.apache.tomcat.util.net.NioEndpoint$SocketProcessor.doRun(NioEndpoint.java:1801) ~[tomcat-embed-core-11.0.22.jar:11.0.22]
	at org.apache.tomcat.util.net.SocketProcessorBase.run(SocketProcessorBase.java:52) ~[tomcat-embed-core-11.0.22.jar:11.0.22]
	at org.apache.tomcat.util.threads.ThreadPoolExecutor.runWorker(ThreadPoolExecutor.java:946) ~[tomcat-embed-core-11.0.22.jar:11.0.22]
	at org.apache.tomcat.util.threads.ThreadPoolExecutor$Worker.run(ThreadPoolExecutor.java:480) ~[tomcat-embed-core-11.0.22.jar:11.0.22]
	at org.apache.tomcat.util.threads.TaskThread$WrappingRunnable.run(TaskThread.java:57) ~[tomcat-embed-core-11.0.22.jar:11.0.22]
	at java.base/java.lang.Thread.run(Thread.java:1583) ~[na:na]

2026-08-21T20:59:38.695+09:00 ERROR 3764 --- [Pokade] [nio-8080-exec-1] o.a.c.c.C.[.[.[/].[dispatcherServlet]    : Servlet.service() for servlet [dispatcherServlet] in context with path [] threw exception [Unable to handle the Spring Security Exception because the response is already committed.] with root cause

org.springframework.security.authorization.AuthorizationDeniedException: Access Denied
	at org.springframework.security.web.access.intercept.AuthorizationFilter.doFilter(AuthorizationFilter.java:99) ~[spring-security-web-7.0.6.jar:7.0.6]
	at org.springframework.security.web.ObservationFilterChainDecorator$ObservationFilter.wrapFilter(ObservationFilterChainDecorator.java:244) ~[spring-security-web-7.0.6.jar:7.0.6]
	at org.springframework.security.web.ObservationFilterChainDecorator$ObservationFilter.doFilter(ObservationFilterChainDecorator.java:231) ~[spring-security-web-7.0.6.jar:7.0.6]
	at org.springframework.security.web.ObservationFilterChainDecorator$VirtualFilterChain.doFilter(ObservationFilterChainDecorator.java:141) ~[spring-security-web-7.0.6.jar:7.0.6]
	at org.springframework.security.web.access.ExceptionTranslationFilter.doFilter(ExceptionTranslationFilter.java:126) ~[spring-security-web-7.0.6.jar:7.0.6]
	at org.springframework.security.web.access.ExceptionTranslationFilter.doFilter(ExceptionTranslationFilter.java:120) ~[spring-security-web-7.0.6.jar:7.0.6]
	at org.springframework.security.web.ObservationFilterChainDecorator$ObservationFilter.wrapFilter(ObservationFilterChainDecorator.java:244) ~[spring-security-web-7.0.6.jar:7.0.6]
	at org.springframework.security.web.ObservationFilterChainDecorator$ObservationFilter.doFilter(ObservationFilterChainDecorator.java:231) ~[spring-security-web-7.0.6.jar:7.0.6]
	at org.springframework.security.web.ObservationFilterChainDecorator$VirtualFilterChain.doFilter(ObservationFilterChainDecorator.java:141) ~[spring-security-web-7.0.6.jar:7.0.6]
	at org.springframework.security.web.session.SessionManagementFilter.doFilter(SessionManagementFilter.java:92) ~[spring-security-web-7.0.6.jar:7.0.6]
	at org.springframework.security.web.session.SessionManagementFilter.doFilter(SessionManagementFilter.java:86) ~[spring-security-web-7.0.6.jar:7.0.6]
	at org.springframework.security.web.ObservationFilterChainDecorator$ObservationFilter.wrapFilter(ObservationFilterChainDecorator.java:244) ~[spring-security-web-7.0.6.jar:7.0.6]
	at org.springframework.security.web.ObservationFilterChainDecorator$ObservationFilter.doFilter(ObservationFilterChainDecorator.java:231) ~[spring-security-web-7.0.6.jar:7.0.6]
	at org.springframework.security.web.ObservationFilterChainDecorator$VirtualFilterChain.doFilter(ObservationFilterChainDecorator.java:141) ~[spring-security-web-7.0.6.jar:7.0.6]
	at org.springframework.security.web.authentication.AnonymousAuthenticationFilter.doFilter(AnonymousAuthenticationFilter.java:100) ~[spring-security-web-7.0.6.jar:7.0.6]
	at org.springframework.security.web.ObservationFilterChainDecorator$ObservationFilter.wrapFilter(ObservationFilterChainDecorator.java:244) ~[spring-security-web-7.0.6.jar:7.0.6]
	at org.springframework.security.web.ObservationFilterChainDecorator$ObservationFilter.doFilter(ObservationFilterChainDecorator.java:231) ~[spring-security-web-7.0.6.jar:7.0.6]
	at org.springframework.security.web.ObservationFilterChainDecorator$VirtualFilterChain.doFilter(ObservationFilterChainDecorator.java:141) ~[spring-security-web-7.0.6.jar:7.0.6]
	at org.springframework.security.web.servletapi.SecurityContextHolderAwareRequestFilter.doFilter(SecurityContextHolderAwareRequestFilter.java:181) ~[spring-security-web-7.0.6.jar:7.0.6]
	at org.springframework.security.web.ObservationFilterChainDecorator$ObservationFilter.wrapFilter(ObservationFilterChainDecorator.java:244) ~[spring-security-web-7.0.6.jar:7.0.6]
	at org.springframework.security.web.ObservationFilterChainDecorator$ObservationFilter.doFilter(ObservationFilterChainDecorator.java:231) ~[spring-security-web-7.0.6.jar:7.0.6]
	at org.springframework.security.web.ObservationFilterChainDecorator$VirtualFilterChain.doFilter(ObservationFilterChainDecorator.java:141) ~[spring-security-web-7.0.6.jar:7.0.6]
	at org.springframework.security.web.savedrequest.RequestCacheAwareFilter.doFilter(RequestCacheAwareFilter.java:63) ~[spring-security-web-7.0.6.jar:7.0.6]
	at org.springframework.security.web.ObservationFilterChainDecorator$ObservationFilter.wrapFilter(ObservationFilterChainDecorator.java:244) ~[spring-security-web-7.0.6.jar:7.0.6]
	at org.springframework.security.web.ObservationFilterChainDecorator$ObservationFilter.doFilter(ObservationFilterChainDecorator.java:231) ~[spring-security-web-7.0.6.jar:7.0.6]
	at org.springframework.security.web.ObservationFilterChainDecorator$VirtualFilterChain.doFilter(ObservationFilterChainDecorator.java:141) ~[spring-security-web-7.0.6.jar:7.0.6]
	at org.springframework.web.filter.OncePerRequestFilter.doFilter(OncePerRequestFilter.java:101) ~[spring-web-7.0.8.jar:7.0.8]
	at org.springframework.security.web.ObservationFilterChainDecorator$ObservationFilter.wrapFilter(ObservationFilterChainDecorator.java:244) ~[spring-security-web-7.0.6.jar:7.0.6]
	at org.springframework.security.web.ObservationFilterChainDecorator$ObservationFilter.doFilter(ObservationFilterChainDecorator.java:231) ~[spring-security-web-7.0.6.jar:7.0.6]
	at org.springframework.security.web.ObservationFilterChainDecorator$VirtualFilterChain.doFilter(ObservationFilterChainDecorator.java:141) ~[spring-security-web-7.0.6.jar:7.0.6]
	at org.springframework.security.web.authentication.AbstractAuthenticationProcessingFilter.doFilter(AbstractAuthenticationProcessingFilter.java:245) ~[spring-security-web-7.0.6.jar:7.0.6]
	at org.springframework.security.web.authentication.AbstractAuthenticationProcessingFilter.doFilter(AbstractAuthenticationProcessingFilter.java:239) ~[spring-security-web-7.0.6.jar:7.0.6]
	at org.springframework.security.web.ObservationFilterChainDecorator$ObservationFilter.wrapFilter(ObservationFilterChainDecorator.java:244) ~[spring-security-web-7.0.6.jar:7.0.6]
	at org.springframework.security.web.ObservationFilterChainDecorator$ObservationFilter.doFilter(ObservationFilterChainDecorator.java:231) ~[spring-security-web-7.0.6.jar:7.0.6]
	at org.springframework.security.web.ObservationFilterChainDecorator$VirtualFilterChain.doFilter(ObservationFilterChainDecorator.java:141) ~[spring-security-web-7.0.6.jar:7.0.6]
	at org.springframework.web.filter.OncePerRequestFilter.doFilter(OncePerRequestFilter.java:101) ~[spring-web-7.0.8.jar:7.0.8]
	at org.springframework.security.web.ObservationFilterChainDecorator$ObservationFilter.wrapFilter(ObservationFilterChainDecorator.java:244) ~[spring-security-web-7.0.6.jar:7.0.6]
	at org.springframework.security.web.ObservationFilterChainDecorator$ObservationFilter.doFilter(ObservationFilterChainDecorator.java:231) ~[spring-security-web-7.0.6.jar:7.0.6]
	at org.springframework.security.web.ObservationFilterChainDecorator$VirtualFilterChain.doFilter(ObservationFilterChainDecorator.java:141) ~[spring-security-web-7.0.6.jar:7.0.6]
	at org.springframework.web.filter.OncePerRequestFilter.doFilter(OncePerRequestFilter.java:101) ~[spring-web-7.0.8.jar:7.0.8]
	at org.springframework.security.web.ObservationFilterChainDecorator$ObservationFilter.wrapFilter(ObservationFilterChainDecorator.java:244) ~[spring-security-web-7.0.6.jar:7.0.6]
	at org.springframework.security.web.ObservationFilterChainDecorator$ObservationFilter.doFilter(ObservationFilterChainDecorator.java:231) ~[spring-security-web-7.0.6.jar:7.0.6]
	at org.springframework.security.web.ObservationFilterChainDecorator$VirtualFilterChain.doFilter(ObservationFilterChainDecorator.java:141) ~[spring-security-web-7.0.6.jar:7.0.6]
	at org.springframework.web.filter.OncePerRequestFilter.doFilter(OncePerRequestFilter.java:101) ~[spring-web-7.0.8.jar:7.0.8]
	at org.springframework.security.web.ObservationFilterChainDecorator$ObservationFilter.wrapFilter(ObservationFilterChainDecorator.java:244) ~[spring-security-web-7.0.6.jar:7.0.6]
	at org.springframework.security.web.ObservationFilterChainDecorator$ObservationFilter.doFilter(ObservationFilterChainDecorator.java:231) ~[spring-security-web-7.0.6.jar:7.0.6]
	at org.springframework.security.web.ObservationFilterChainDecorator$VirtualFilterChain.doFilter(ObservationFilterChainDecorator.java:141) ~[spring-security-web-7.0.6.jar:7.0.6]
	at org.springframework.security.web.context.SecurityContextHolderFilter.doFilter(SecurityContextHolderFilter.java:82) ~[spring-security-web-7.0.6.jar:7.0.6]
	at org.springframework.security.web.context.SecurityContextHolderFilter.doFilter(SecurityContextHolderFilter.java:69) ~[spring-security-web-7.0.6.jar:7.0.6]
	at org.springframework.security.web.ObservationFilterChainDecorator$ObservationFilter.wrapFilter(ObservationFilterChainDecorator.java:244) ~[spring-security-web-7.0.6.jar:7.0.6]
	at org.springframework.security.web.ObservationFilterChainDecorator$ObservationFilter.doFilter(ObservationFilterChainDecorator.java:231) ~[spring-security-web-7.0.6.jar:7.0.6]
	at org.springframework.security.web.ObservationFilterChainDecorator$VirtualFilterChain.doFilter(ObservationFilterChainDecorator.java:141) ~[spring-security-web-7.0.6.jar:7.0.6]
	at org.springframework.web.filter.OncePerRequestFilter.doFilter(OncePerRequestFilter.java:101) ~[spring-web-7.0.8.jar:7.0.8]
	at org.springframework.security.web.ObservationFilterChainDecorator$ObservationFilter.wrapFilter(ObservationFilterChainDecorator.java:244) ~[spring-security-web-7.0.6.jar:7.0.6]
	at org.springframework.security.web.ObservationFilterChainDecorator$ObservationFilter.doFilter(ObservationFilterChainDecorator.java:231) ~[spring-security-web-7.0.6.jar:7.0.6]
	at org.springframework.security.web.ObservationFilterChainDecorator$VirtualFilterChain.doFilter(ObservationFilterChainDecorator.java:141) ~[spring-security-web-7.0.6.jar:7.0.6]
	at org.springframework.web.filter.OncePerRequestFilter.doFilter(OncePerRequestFilter.java:101) ~[spring-web-7.0.8.jar:7.0.8]
	at org.springframework.security.web.ObservationFilterChainDecorator$ObservationFilter.wrapFilter(ObservationFilterChainDecorator.java:244) ~[spring-security-web-7.0.6.jar:7.0.6]
	at org.springframework.security.web.ObservationFilterChainDecorator$AroundFilterObservation$SimpleAroundFilterObservation.lambda$wrap$0(ObservationFilterChainDecorator.java:337) ~[spring-security-web-7.0.6.jar:7.0.6]
	at org.springframework.security.web.ObservationFilterChainDecorator$ObservationFilter.doFilter(ObservationFilterChainDecorator.java:228) ~[spring-security-web-7.0.6.jar:7.0.6]
	at org.springframework.security.web.ObservationFilterChainDecorator$VirtualFilterChain.doFilter(ObservationFilterChainDecorator.java:141) ~[spring-security-web-7.0.6.jar:7.0.6]
	at org.springframework.security.web.FilterChainProxy.doFilterInternal(FilterChainProxy.java:237) ~[spring-security-web-7.0.6.jar:7.0.6]
	at org.springframework.security.web.FilterChainProxy.doFilter(FilterChainProxy.java:195) ~[spring-security-web-7.0.6.jar:7.0.6]
	at org.springframework.web.filter.CompositeFilter$VirtualFilterChain.doFilter(CompositeFilter.java:113) ~[spring-web-7.0.8.jar:7.0.8]
	at org.springframework.web.filter.ServletRequestPathFilter.doFilter(ServletRequestPathFilter.java:52) ~[spring-web-7.0.8.jar:7.0.8]
	at org.springframework.web.filter.CompositeFilter$VirtualFilterChain.doFilter(CompositeFilter.java:113) ~[spring-web-7.0.8.jar:7.0.8]
	at org.springframework.web.filter.CompositeFilter.doFilter(CompositeFilter.java:74) ~[spring-web-7.0.8.jar:7.0.8]
	at org.springframework.security.config.annotation.web.configuration.WebSecurityConfiguration$CompositeFilterChainProxy.doFilter(WebSecurityConfiguration.java:317) ~[spring-security-config-7.0.6.jar:7.0.6]
	at org.springframework.web.filter.DelegatingFilterProxy.invokeDelegate(DelegatingFilterProxy.java:355) ~[spring-web-7.0.8.jar:7.0.8]
	at org.springframework.web.filter.DelegatingFilterProxy.doFilter(DelegatingFilterProxy.java:272) ~[spring-web-7.0.8.jar:7.0.8]
	at org.apache.catalina.core.ApplicationFilterChain.doFilter(ApplicationFilterChain.java:107) ~[tomcat-embed-core-11.0.22.jar:11.0.22]
	at org.springframework.web.filter.RequestContextFilter.doFilterInternal(RequestContextFilter.java:100) ~[spring-web-7.0.8.jar:7.0.8]
	at org.springframework.web.filter.OncePerRequestFilter.doFilter(OncePerRequestFilter.java:116) ~[spring-web-7.0.8.jar:7.0.8]
	at org.apache.catalina.core.ApplicationFilterChain.doFilter(ApplicationFilterChain.java:107) ~[tomcat-embed-core-11.0.22.jar:11.0.22]
	at org.springframework.web.filter.OncePerRequestFilter.doFilter(OncePerRequestFilter.java:101) ~[spring-web-7.0.8.jar:7.0.8]
	at org.apache.catalina.core.ApplicationFilterChain.doFilter(ApplicationFilterChain.java:107) ~[tomcat-embed-core-11.0.22.jar:11.0.22]
	at org.springframework.web.filter.ServerHttpObservationFilter.doFilterInternal(ServerHttpObservationFilter.java:110) ~[spring-web-7.0.8.jar:7.0.8]
	at org.springframework.web.filter.OncePerRequestFilter.doFilter(OncePerRequestFilter.java:116) ~[spring-web-7.0.8.jar:7.0.8]
	at org.apache.catalina.core.ApplicationFilterChain.doFilter(ApplicationFilterChain.java:107) ~[tomcat-embed-core-11.0.22.jar:11.0.22]
	at org.springframework.web.filter.OncePerRequestFilter.doFilter(OncePerRequestFilter.java:101) ~[spring-web-7.0.8.jar:7.0.8]
	at org.apache.catalina.core.ApplicationFilterChain.doFilter(ApplicationFilterChain.java:107) ~[tomcat-embed-core-11.0.22.jar:11.0.22]
	at org.springframework.web.filter.OncePerRequestFilter.doFilter(OncePerRequestFilter.java:101) ~[spring-web-7.0.8.jar:7.0.8]
	at org.apache.catalina.core.ApplicationFilterChain.doFilter(ApplicationFilterChain.java:107) ~[tomcat-embed-core-11.0.22.jar:11.0.22]
	at org.apache.catalina.core.ApplicationDispatcher.invoke(ApplicationDispatcher.java:513) ~[tomcat-embed-core-11.0.22.jar:11.0.22]
	at org.apache.catalina.core.ApplicationDispatcher.dispatch(ApplicationDispatcher.java:441) ~[tomcat-embed-core-11.0.22.jar:11.0.22]
	at org.apache.catalina.core.AsyncContextImpl$AsyncRunnable.run(AsyncContextImpl.java:585) ~[tomcat-embed-core-11.0.22.jar:11.0.22]
	at org.apache.catalina.core.AsyncContextImpl.doInternalDispatch(AsyncContextImpl.java:340) ~[tomcat-embed-core-11.0.22.jar:11.0.22]
	at org.apache.catalina.core.StandardWrapperValve.invoke(StandardWrapperValve.java:163) ~[tomcat-embed-core-11.0.22.jar:11.0.22]
	at org.apache.catalina.core.StandardContextValve.invoke(StandardContextValve.java:77) ~[tomcat-embed-core-11.0.22.jar:11.0.22]
	at org.apache.catalina.authenticator.AuthenticatorBase.invoke(AuthenticatorBase.java:492) ~[tomcat-embed-core-11.0.22.jar:11.0.22]
	at org.apache.catalina.core.StandardHostValve.invoke(StandardHostValve.java:113) ~[tomcat-embed-core-11.0.22.jar:11.0.22]
	at org.apache.catalina.valves.ErrorReportValve.invoke(ErrorReportValve.java:83) ~[tomcat-embed-core-11.0.22.jar:11.0.22]
	at org.apache.catalina.core.StandardEngineValve.invoke(StandardEngineValve.java:72) ~[tomcat-embed-core-11.0.22.jar:11.0.22]
	at org.apache.catalina.connector.CoyoteAdapter.asyncDispatch(CoyoteAdapter.java:238) ~[tomcat-embed-core-11.0.22.jar:11.0.22]
	at org.apache.coyote.AbstractProcessor.dispatch(AbstractProcessor.java:242) ~[tomcat-embed-core-11.0.22.jar:11.0.22]
	at org.apache.coyote.AbstractProcessorLight.process(AbstractProcessorLight.java:57) ~[tomcat-embed-core-11.0.22.jar:11.0.22]
	at org.apache.coyote.AbstractProtocol$ConnectionHandler.process(AbstractProtocol.java:1272) ~[tomcat-embed-core-11.0.22.jar:11.0.22]
	at org.apache.tomcat.util.net.NioEndpoint$SocketProcessor.doRun(NioEndpoint.java:1801) ~[tomcat-embed-core-11.0.22.jar:11.0.22]
	at org.apache.tomcat.util.net.SocketProcessorBase.run(SocketProcessorBase.java:52) ~[tomcat-embed-core-11.0.22.jar:11.0.22]
	at org.apache.tomcat.util.threads.ThreadPoolExecutor.runWorker(ThreadPoolExecutor.java:946) ~[tomcat-embed-core-11.0.22.jar:11.0.22]
	at org.apache.tomcat.util.threads.ThreadPoolExecutor$Worker.run(ThreadPoolExecutor.java:480) ~[tomcat-embed-core-11.0.22.jar:11.0.22]
	at org.apache.tomcat.util.threads.TaskThread$WrappingRunnable.run(TaskThread.java:57) ~[tomcat-embed-core-11.0.22.jar:11.0.22]
	at java.base/java.lang.Thread.run(Thread.java:1583) ~[na:na]

2026-08-21T20:59:38.698+09:00 ERROR 3764 --- [Pokade] [io-8080-exec-10] o.a.c.c.C.[.[.[/].[dispatcherServlet]    : Servlet.service() for servlet [dispatcherServlet] threw exception

org.springframework.security.authorization.AuthorizationDeniedException: Access Denied
	at org.springframework.security.web.access.intercept.AuthorizationFilter.doFilter(AuthorizationFilter.java:99) ~[spring-security-web-7.0.6.jar:7.0.6]
	at org.springframework.security.web.ObservationFilterChainDecorator$ObservationFilter.wrapFilter(ObservationFilterChainDecorator.java:244) ~[spring-security-web-7.0.6.jar:7.0.6]
	at org.springframework.security.web.ObservationFilterChainDecorator$ObservationFilter.doFilter(ObservationFilterChainDecorator.java:231) ~[spring-security-web-7.0.6.jar:7.0.6]
	at org.springframework.security.web.ObservationFilterChainDecorator$VirtualFilterChain.doFilter(ObservationFilterChainDecorator.java:141) ~[spring-security-web-7.0.6.jar:7.0.6]
	at org.springframework.security.web.access.ExceptionTranslationFilter.doFilter(ExceptionTranslationFilter.java:126) ~[spring-security-web-7.0.6.jar:7.0.6]
	at org.springframework.security.web.access.ExceptionTranslationFilter.doFilter(ExceptionTranslationFilter.java:120) ~[spring-security-web-7.0.6.jar:7.0.6]
	at org.springframework.security.web.ObservationFilterChainDecorator$ObservationFilter.wrapFilter(ObservationFilterChainDecorator.java:244) ~[spring-security-web-7.0.6.jar:7.0.6]
	at org.springframework.security.web.ObservationFilterChainDecorator$ObservationFilter.doFilter(ObservationFilterChainDecorator.java:231) ~[spring-security-web-7.0.6.jar:7.0.6]
	at org.springframework.security.web.ObservationFilterChainDecorator$VirtualFilterChain.doFilter(ObservationFilterChainDecorator.java:141) ~[spring-security-web-7.0.6.jar:7.0.6]
	at org.springframework.security.web.session.SessionManagementFilter.doFilter(SessionManagementFilter.java:92) ~[spring-security-web-7.0.6.jar:7.0.6]
	at org.springframework.security.web.session.SessionManagementFilter.doFilter(SessionManagementFilter.java:86) ~[spring-security-web-7.0.6.jar:7.0.6]
	at org.springframework.security.web.ObservationFilterChainDecorator$ObservationFilter.wrapFilter(ObservationFilterChainDecorator.java:244) ~[spring-security-web-7.0.6.jar:7.0.6]
	at org.springframework.security.web.ObservationFilterChainDecorator$ObservationFilter.doFilter(ObservationFilterChainDecorator.java:231) ~[spring-security-web-7.0.6.jar:7.0.6]
	at org.springframework.security.web.ObservationFilterChainDecorator$VirtualFilterChain.doFilter(ObservationFilterChainDecorator.java:141) ~[spring-security-web-7.0.6.jar:7.0.6]
	at org.springframework.security.web.authentication.AnonymousAuthenticationFilter.doFilter(AnonymousAuthenticationFilter.java:100) ~[spring-security-web-7.0.6.jar:7.0.6]
	at org.springframework.security.web.ObservationFilterChainDecorator$ObservationFilter.wrapFilter(ObservationFilterChainDecorator.java:244) ~[spring-security-web-7.0.6.jar:7.0.6]
	at org.springframework.security.web.ObservationFilterChainDecorator$ObservationFilter.doFilter(ObservationFilterChainDecorator.java:231) ~[spring-security-web-7.0.6.jar:7.0.6]
	at org.springframework.security.web.ObservationFilterChainDecorator$VirtualFilterChain.doFilter(ObservationFilterChainDecorator.java:141) ~[spring-security-web-7.0.6.jar:7.0.6]
	at org.springframework.security.web.servletapi.SecurityContextHolderAwareRequestFilter.doFilter(SecurityContextHolderAwareRequestFilter.java:181) ~[spring-security-web-7.0.6.jar:7.0.6]
	at org.springframework.security.web.ObservationFilterChainDecorator$ObservationFilter.wrapFilter(ObservationFilterChainDecorator.java:244) ~[spring-security-web-7.0.6.jar:7.0.6]
	at org.springframework.security.web.ObservationFilterChainDecorator$ObservationFilter.doFilter(ObservationFilterChainDecorator.java:231) ~[spring-security-web-7.0.6.jar:7.0.6]
	at org.springframework.security.web.ObservationFilterChainDecorator$VirtualFilterChain.doFilter(ObservationFilterChainDecorator.java:141) ~[spring-security-web-7.0.6.jar:7.0.6]
	at org.springframework.security.web.savedrequest.RequestCacheAwareFilter.doFilter(RequestCacheAwareFilter.java:63) ~[spring-security-web-7.0.6.jar:7.0.6]
	at org.springframework.security.web.ObservationFilterChainDecorator$ObservationFilter.wrapFilter(ObservationFilterChainDecorator.java:244) ~[spring-security-web-7.0.6.jar:7.0.6]
	at org.springframework.security.web.ObservationFilterChainDecorator$ObservationFilter.doFilter(ObservationFilterChainDecorator.java:231) ~[spring-security-web-7.0.6.jar:7.0.6]
	at org.springframework.security.web.ObservationFilterChainDecorator$VirtualFilterChain.doFilter(ObservationFilterChainDecorator.java:141) ~[spring-security-web-7.0.6.jar:7.0.6]
	at org.springframework.web.filter.OncePerRequestFilter.doFilter(OncePerRequestFilter.java:101) ~[spring-web-7.0.8.jar:7.0.8]
	at org.springframework.security.web.ObservationFilterChainDecorator$ObservationFilter.wrapFilter(ObservationFilterChainDecorator.java:244) ~[spring-security-web-7.0.6.jar:7.0.6]
	at org.springframework.security.web.ObservationFilterChainDecorator$ObservationFilter.doFilter(ObservationFilterChainDecorator.java:231) ~[spring-security-web-7.0.6.jar:7.0.6]
	at org.springframework.security.web.ObservationFilterChainDecorator$VirtualFilterChain.doFilter(ObservationFilterChainDecorator.java:141) ~[spring-security-web-7.0.6.jar:7.0.6]
	at org.springframework.security.web.authentication.AbstractAuthenticationProcessingFilter.doFilter(AbstractAuthenticationProcessingFilter.java:245) ~[spring-security-web-7.0.6.jar:7.0.6]
	at org.springframework.security.web.authentication.AbstractAuthenticationProcessingFilter.doFilter(AbstractAuthenticationProcessingFilter.java:239) ~[spring-security-web-7.0.6.jar:7.0.6]
	at org.springframework.security.web.ObservationFilterChainDecorator$ObservationFilter.wrapFilter(ObservationFilterChainDecorator.java:244) ~[spring-security-web-7.0.6.jar:7.0.6]
	at org.springframework.security.web.ObservationFilterChainDecorator$ObservationFilter.doFilter(ObservationFilterChainDecorator.java:231) ~[spring-security-web-7.0.6.jar:7.0.6]
	at org.springframework.security.web.ObservationFilterChainDecorator$VirtualFilterChain.doFilter(ObservationFilterChainDecorator.java:141) ~[spring-security-web-7.0.6.jar:7.0.6]
	at org.springframework.web.filter.OncePerRequestFilter.doFilter(OncePerRequestFilter.java:101) ~[spring-web-7.0.8.jar:7.0.8]
	at org.springframework.security.web.ObservationFilterChainDecorator$ObservationFilter.wrapFilter(ObservationFilterChainDecorator.java:244) ~[spring-security-web-7.0.6.jar:7.0.6]
	at org.springframework.security.web.ObservationFilterChainDecorator$ObservationFilter.doFilter(ObservationFilterChainDecorator.java:231) ~[spring-security-web-7.0.6.jar:7.0.6]
	at org.springframework.security.web.ObservationFilterChainDecorator$VirtualFilterChain.doFilter(ObservationFilterChainDecorator.java:141) ~[spring-security-web-7.0.6.jar:7.0.6]
	at org.springframework.web.filter.OncePerRequestFilter.doFilter(OncePerRequestFilter.java:101) ~[spring-web-7.0.8.jar:7.0.8]
	at org.springframework.security.web.ObservationFilterChainDecorator$ObservationFilter.wrapFilter(ObservationFilterChainDecorator.java:244) ~[spring-security-web-7.0.6.jar:7.0.6]
	at org.springframework.security.web.ObservationFilterChainDecorator$ObservationFilter.doFilter(ObservationFilterChainDecorator.java:231) ~[spring-security-web-7.0.6.jar:7.0.6]
	at org.springframework.security.web.ObservationFilterChainDecorator$VirtualFilterChain.doFilter(ObservationFilterChainDecorator.java:141) ~[spring-security-web-7.0.6.jar:7.0.6]
	at org.springframework.web.filter.OncePerRequestFilter.doFilter(OncePerRequestFilter.java:101) ~[spring-web-7.0.8.jar:7.0.8]
	at org.springframework.security.web.ObservationFilterChainDecorator$ObservationFilter.wrapFilter(ObservationFilterChainDecorator.java:244) ~[spring-security-web-7.0.6.jar:7.0.6]
	at org.springframework.security.web.ObservationFilterChainDecorator$ObservationFilter.doFilter(ObservationFilterChainDecorator.java:231) ~[spring-security-web-7.0.6.jar:7.0.6]
	at org.springframework.security.web.ObservationFilterChainDecorator$VirtualFilterChain.doFilter(ObservationFilterChainDecorator.java:141) ~[spring-security-web-7.0.6.jar:7.0.6]
	at org.springframework.security.web.context.SecurityContextHolderFilter.doFilter(SecurityContextHolderFilter.java:82) ~[spring-security-web-7.0.6.jar:7.0.6]
	at org.springframework.security.web.context.SecurityContextHolderFilter.doFilter(SecurityContextHolderFilter.java:69) ~[spring-security-web-7.0.6.jar:7.0.6]
	at org.springframework.security.web.ObservationFilterChainDecorator$ObservationFilter.wrapFilter(ObservationFilterChainDecorator.java:244) ~[spring-security-web-7.0.6.jar:7.0.6]
	at org.springframework.security.web.ObservationFilterChainDecorator$ObservationFilter.doFilter(ObservationFilterChainDecorator.java:231) ~[spring-security-web-7.0.6.jar:7.0.6]
	at org.springframework.security.web.ObservationFilterChainDecorator$VirtualFilterChain.doFilter(ObservationFilterChainDecorator.java:141) ~[spring-security-web-7.0.6.jar:7.0.6]
	at org.springframework.web.filter.OncePerRequestFilter.doFilter(OncePerRequestFilter.java:101) ~[spring-web-7.0.8.jar:7.0.8]
	at org.springframework.security.web.ObservationFilterChainDecorator$ObservationFilter.wrapFilter(ObservationFilterChainDecorator.java:244) ~[spring-security-web-7.0.6.jar:7.0.6]
	at org.springframework.security.web.ObservationFilterChainDecorator$ObservationFilter.doFilter(ObservationFilterChainDecorator.java:231) ~[spring-security-web-7.0.6.jar:7.0.6]
	at org.springframework.security.web.ObservationFilterChainDecorator$VirtualFilterChain.doFilter(ObservationFilterChainDecorator.java:141) ~[spring-security-web-7.0.6.jar:7.0.6]
	at org.springframework.web.filter.OncePerRequestFilter.doFilter(OncePerRequestFilter.java:101) ~[spring-web-7.0.8.jar:7.0.8]
	at org.springframework.security.web.ObservationFilterChainDecorator$ObservationFilter.wrapFilter(ObservationFilterChainDecorator.java:244) ~[spring-security-web-7.0.6.jar:7.0.6]
	at org.springframework.security.web.ObservationFilterChainDecorator$AroundFilterObservation$SimpleAroundFilterObservation.lambda$wrap$0(ObservationFilterChainDecorator.java:337) ~[spring-security-web-7.0.6.jar:7.0.6]
	at org.springframework.security.web.ObservationFilterChainDecorator$ObservationFilter.doFilter(ObservationFilterChainDecorator.java:228) ~[spring-security-web-7.0.6.jar:7.0.6]
	at org.springframework.security.web.ObservationFilterChainDecorator$VirtualFilterChain.doFilter(ObservationFilterChainDecorator.java:141) ~[spring-security-web-7.0.6.jar:7.0.6]
	at org.springframework.security.web.FilterChainProxy.doFilterInternal(FilterChainProxy.java:237) ~[spring-security-web-7.0.6.jar:7.0.6]
	at org.springframework.security.web.FilterChainProxy.doFilter(FilterChainProxy.java:195) ~[spring-security-web-7.0.6.jar:7.0.6]
	at org.springframework.web.filter.CompositeFilter$VirtualFilterChain.doFilter(CompositeFilter.java:113) ~[spring-web-7.0.8.jar:7.0.8]
	at org.springframework.web.filter.ServletRequestPathFilter.doFilter(ServletRequestPathFilter.java:52) ~[spring-web-7.0.8.jar:7.0.8]
	at org.springframework.web.filter.CompositeFilter$VirtualFilterChain.doFilter(CompositeFilter.java:113) ~[spring-web-7.0.8.jar:7.0.8]
	at org.springframework.web.filter.CompositeFilter.doFilter(CompositeFilter.java:74) ~[spring-web-7.0.8.jar:7.0.8]
	at org.springframework.security.config.annotation.web.configuration.WebSecurityConfiguration$CompositeFilterChainProxy.doFilter(WebSecurityConfiguration.java:317) ~[spring-security-config-7.0.6.jar:7.0.6]
	at org.springframework.web.filter.DelegatingFilterProxy.invokeDelegate(DelegatingFilterProxy.java:355) ~[spring-web-7.0.8.jar:7.0.8]
	at org.springframework.web.filter.DelegatingFilterProxy.doFilter(DelegatingFilterProxy.java:272) ~[spring-web-7.0.8.jar:7.0.8]
	at org.apache.catalina.core.ApplicationFilterChain.doFilter(ApplicationFilterChain.java:107) ~[tomcat-embed-core-11.0.22.jar:11.0.22]
	at org.springframework.web.filter.RequestContextFilter.doFilterInternal(RequestContextFilter.java:100) ~[spring-web-7.0.8.jar:7.0.8]
	at org.springframework.web.filter.OncePerRequestFilter.doFilter(OncePerRequestFilter.java:116) ~[spring-web-7.0.8.jar:7.0.8]
	at org.apache.catalina.core.ApplicationFilterChain.doFilter(ApplicationFilterChain.java:107) ~[tomcat-embed-core-11.0.22.jar:11.0.22]
	at org.springframework.web.filter.OncePerRequestFilter.doFilter(OncePerRequestFilter.java:101) ~[spring-web-7.0.8.jar:7.0.8]
	at org.apache.catalina.core.ApplicationFilterChain.doFilter(ApplicationFilterChain.java:107) ~[tomcat-embed-core-11.0.22.jar:11.0.22]
	at org.springframework.web.filter.OncePerRequestFilter.doFilter(OncePerRequestFilter.java:101) ~[spring-web-7.0.8.jar:7.0.8]
	at org.apache.catalina.core.ApplicationFilterChain.doFilter(ApplicationFilterChain.java:107) ~[tomcat-embed-core-11.0.22.jar:11.0.22]
	at org.apache.catalina.core.ApplicationDispatcher.invoke(ApplicationDispatcher.java:513) ~[tomcat-embed-core-11.0.22.jar:11.0.22]
	at org.apache.catalina.core.ApplicationDispatcher.include(ApplicationDispatcher.java:411) ~[tomcat-embed-core-11.0.22.jar:11.0.22]
	at org.apache.catalina.core.StandardHostValve.custom(StandardHostValve.java:356) ~[tomcat-embed-core-11.0.22.jar:11.0.22]
	at org.apache.catalina.core.StandardHostValve.status(StandardHostValve.java:206) ~[tomcat-embed-core-11.0.22.jar:11.0.22]
	at org.apache.catalina.core.StandardHostValve.throwable(StandardHostValve.java:282) ~[tomcat-embed-core-11.0.22.jar:11.0.22]
	at org.apache.catalina.core.StandardHostValve.invoke(StandardHostValve.java:147) ~[tomcat-embed-core-11.0.22.jar:11.0.22]
	at org.apache.catalina.valves.ErrorReportValve.invoke(ErrorReportValve.java:83) ~[tomcat-embed-core-11.0.22.jar:11.0.22]
	at org.apache.catalina.core.StandardEngineValve.invoke(StandardEngineValve.java:72) ~[tomcat-embed-core-11.0.22.jar:11.0.22]
	at org.apache.catalina.connector.CoyoteAdapter.asyncDispatch(CoyoteAdapter.java:238) ~[tomcat-embed-core-11.0.22.jar:11.0.22]
	at org.apache.coyote.AbstractProcessor.dispatch(AbstractProcessor.java:242) ~[tomcat-embed-core-11.0.22.jar:11.0.22]
	at org.apache.coyote.AbstractProcessorLight.process(AbstractProcessorLight.java:57) ~[tomcat-embed-core-11.0.22.jar:11.0.22]
	at org.apache.coyote.AbstractProtocol$ConnectionHandler.process(AbstractProtocol.java:1272) ~[tomcat-embed-core-11.0.22.jar:11.0.22]
	at org.apache.tomcat.util.net.NioEndpoint$SocketProcessor.doRun(NioEndpoint.java:1801) ~[tomcat-embed-core-11.0.22.jar:11.0.22]
	at org.apache.tomcat.util.net.SocketProcessorBase.run(SocketProcessorBase.java:52) ~[tomcat-embed-core-11.0.22.jar:11.0.22]
	at org.apache.tomcat.util.threads.ThreadPoolExecutor.runWorker(ThreadPoolExecutor.java:946) ~[tomcat-embed-core-11.0.22.jar:11.0.22]
	at org.apache.tomcat.util.threads.ThreadPoolExecutor$Worker.run(ThreadPoolExecutor.java:480) ~[tomcat-embed-core-11.0.22.jar:11.0.22]
	at org.apache.tomcat.util.threads.TaskThread$WrappingRunnable.run(TaskThread.java:57) ~[tomcat-embed-core-11.0.22.jar:11.0.22]
	at java.base/java.lang.Thread.run(Thread.java:1583) ~[na:na]

2026-08-21T20:59:38.698+09:00 ERROR 3764 --- [Pokade] [nio-8080-exec-1] o.a.c.c.C.[.[.[/].[dispatcherServlet]    : Servlet.service() for servlet [dispatcherServlet] threw exception

org.springframework.security.authorization.AuthorizationDeniedException: Access Denied
	at org.springframework.security.web.access.intercept.AuthorizationFilter.doFilter(AuthorizationFilter.java:99) ~[spring-security-web-7.0.6.jar:7.0.6]
	at org.springframework.security.web.ObservationFilterChainDecorator$ObservationFilter.wrapFilter(ObservationFilterChainDecorator.java:244) ~[spring-security-web-7.0.6.jar:7.0.6]
	at org.springframework.security.web.ObservationFilterChainDecorator$ObservationFilter.doFilter(ObservationFilterChainDecorator.java:231) ~[spring-security-web-7.0.6.jar:7.0.6]
	at org.springframework.security.web.ObservationFilterChainDecorator$VirtualFilterChain.doFilter(ObservationFilterChainDecorator.java:141) ~[spring-security-web-7.0.6.jar:7.0.6]
	at org.springframework.security.web.access.ExceptionTranslationFilter.doFilter(ExceptionTranslationFilter.java:126) ~[spring-security-web-7.0.6.jar:7.0.6]
	at org.springframework.security.web.access.ExceptionTranslationFilter.doFilter(ExceptionTranslationFilter.java:120) ~[spring-security-web-7.0.6.jar:7.0.6]
	at org.springframework.security.web.ObservationFilterChainDecorator$ObservationFilter.wrapFilter(ObservationFilterChainDecorator.java:244) ~[spring-security-web-7.0.6.jar:7.0.6]
	at org.springframework.security.web.ObservationFilterChainDecorator$ObservationFilter.doFilter(ObservationFilterChainDecorator.java:231) ~[spring-security-web-7.0.6.jar:7.0.6]
	at org.springframework.security.web.ObservationFilterChainDecorator$VirtualFilterChain.doFilter(ObservationFilterChainDecorator.java:141) ~[spring-security-web-7.0.6.jar:7.0.6]
	at org.springframework.security.web.session.SessionManagementFilter.doFilter(SessionManagementFilter.java:92) ~[spring-security-web-7.0.6.jar:7.0.6]
	at org.springframework.security.web.session.SessionManagementFilter.doFilter(SessionManagementFilter.java:86) ~[spring-security-web-7.0.6.jar:7.0.6]
	at org.springframework.security.web.ObservationFilterChainDecorator$ObservationFilter.wrapFilter(ObservationFilterChainDecorator.java:244) ~[spring-security-web-7.0.6.jar:7.0.6]
	at org.springframework.security.web.ObservationFilterChainDecorator$ObservationFilter.doFilter(ObservationFilterChainDecorator.java:231) ~[spring-security-web-7.0.6.jar:7.0.6]
	at org.springframework.security.web.ObservationFilterChainDecorator$VirtualFilterChain.doFilter(ObservationFilterChainDecorator.java:141) ~[spring-security-web-7.0.6.jar:7.0.6]
	at org.springframework.security.web.authentication.AnonymousAuthenticationFilter.doFilter(AnonymousAuthenticationFilter.java:100) ~[spring-security-web-7.0.6.jar:7.0.6]
	at org.springframework.security.web.ObservationFilterChainDecorator$ObservationFilter.wrapFilter(ObservationFilterChainDecorator.java:244) ~[spring-security-web-7.0.6.jar:7.0.6]
	at org.springframework.security.web.ObservationFilterChainDecorator$ObservationFilter.doFilter(ObservationFilterChainDecorator.java:231) ~[spring-security-web-7.0.6.jar:7.0.6]
	at org.springframework.security.web.ObservationFilterChainDecorator$VirtualFilterChain.doFilter(ObservationFilterChainDecorator.java:141) ~[spring-security-web-7.0.6.jar:7.0.6]
	at org.springframework.security.web.servletapi.SecurityContextHolderAwareRequestFilter.doFilter(SecurityContextHolderAwareRequestFilter.java:181) ~[spring-security-web-7.0.6.jar:7.0.6]
	at org.springframework.security.web.ObservationFilterChainDecorator$ObservationFilter.wrapFilter(ObservationFilterChainDecorator.java:244) ~[spring-security-web-7.0.6.jar:7.0.6]
	at org.springframework.security.web.ObservationFilterChainDecorator$ObservationFilter.doFilter(ObservationFilterChainDecorator.java:231) ~[spring-security-web-7.0.6.jar:7.0.6]
	at org.springframework.security.web.ObservationFilterChainDecorator$VirtualFilterChain.doFilter(ObservationFilterChainDecorator.java:141) ~[spring-security-web-7.0.6.jar:7.0.6]
	at org.springframework.security.web.savedrequest.RequestCacheAwareFilter.doFilter(RequestCacheAwareFilter.java:63) ~[spring-security-web-7.0.6.jar:7.0.6]
	at org.springframework.security.web.ObservationFilterChainDecorator$ObservationFilter.wrapFilter(ObservationFilterChainDecorator.java:244) ~[spring-security-web-7.0.6.jar:7.0.6]
	at org.springframework.security.web.ObservationFilterChainDecorator$ObservationFilter.doFilter(ObservationFilterChainDecorator.java:231) ~[spring-security-web-7.0.6.jar:7.0.6]
	at org.springframework.security.web.ObservationFilterChainDecorator$VirtualFilterChain.doFilter(ObservationFilterChainDecorator.java:141) ~[spring-security-web-7.0.6.jar:7.0.6]
	at org.springframework.web.filter.OncePerRequestFilter.doFilter(OncePerRequestFilter.java:101) ~[spring-web-7.0.8.jar:7.0.8]
	at org.springframework.security.web.ObservationFilterChainDecorator$ObservationFilter.wrapFilter(ObservationFilterChainDecorator.java:244) ~[spring-security-web-7.0.6.jar:7.0.6]
	at org.springframework.security.web.ObservationFilterChainDecorator$ObservationFilter.doFilter(ObservationFilterChainDecorator.java:231) ~[spring-security-web-7.0.6.jar:7.0.6]
	at org.springframework.security.web.ObservationFilterChainDecorator$VirtualFilterChain.doFilter(ObservationFilterChainDecorator.java:141) ~[spring-security-web-7.0.6.jar:7.0.6]
	at org.springframework.security.web.authentication.AbstractAuthenticationProcessingFilter.doFilter(AbstractAuthenticationProcessingFilter.java:245) ~[spring-security-web-7.0.6.jar:7.0.6]
	at org.springframework.security.web.authentication.AbstractAuthenticationProcessingFilter.doFilter(AbstractAuthenticationProcessingFilter.java:239) ~[spring-security-web-7.0.6.jar:7.0.6]
	at org.springframework.security.web.ObservationFilterChainDecorator$ObservationFilter.wrapFilter(ObservationFilterChainDecorator.java:244) ~[spring-security-web-7.0.6.jar:7.0.6]
	at org.springframework.security.web.ObservationFilterChainDecorator$ObservationFilter.doFilter(ObservationFilterChainDecorator.java:231) ~[spring-security-web-7.0.6.jar:7.0.6]
	at org.springframework.security.web.ObservationFilterChainDecorator$VirtualFilterChain.doFilter(ObservationFilterChainDecorator.java:141) ~[spring-security-web-7.0.6.jar:7.0.6]
	at org.springframework.web.filter.OncePerRequestFilter.doFilter(OncePerRequestFilter.java:101) ~[spring-web-7.0.8.jar:7.0.8]
	at org.springframework.security.web.ObservationFilterChainDecorator$ObservationFilter.wrapFilter(ObservationFilterChainDecorator.java:244) ~[spring-security-web-7.0.6.jar:7.0.6]
	at org.springframework.security.web.ObservationFilterChainDecorator$ObservationFilter.doFilter(ObservationFilterChainDecorator.java:231) ~[spring-security-web-7.0.6.jar:7.0.6]
	at org.springframework.security.web.ObservationFilterChainDecorator$VirtualFilterChain.doFilter(ObservationFilterChainDecorator.java:141) ~[spring-security-web-7.0.6.jar:7.0.6]
	at org.springframework.web.filter.OncePerRequestFilter.doFilter(OncePerRequestFilter.java:101) ~[spring-web-7.0.8.jar:7.0.8]
	at org.springframework.security.web.ObservationFilterChainDecorator$ObservationFilter.wrapFilter(ObservationFilterChainDecorator.java:244) ~[spring-security-web-7.0.6.jar:7.0.6]
	at org.springframework.security.web.ObservationFilterChainDecorator$ObservationFilter.doFilter(ObservationFilterChainDecorator.java:231) ~[spring-security-web-7.0.6.jar:7.0.6]
	at org.springframework.security.web.ObservationFilterChainDecorator$VirtualFilterChain.doFilter(ObservationFilterChainDecorator.java:141) ~[spring-security-web-7.0.6.jar:7.0.6]
	at org.springframework.web.filter.OncePerRequestFilter.doFilter(OncePerRequestFilter.java:101) ~[spring-web-7.0.8.jar:7.0.8]
	at org.springframework.security.web.ObservationFilterChainDecorator$ObservationFilter.wrapFilter(ObservationFilterChainDecorator.java:244) ~[spring-security-web-7.0.6.jar:7.0.6]
	at org.springframework.security.web.ObservationFilterChainDecorator$ObservationFilter.doFilter(ObservationFilterChainDecorator.java:231) ~[spring-security-web-7.0.6.jar:7.0.6]
	at org.springframework.security.web.ObservationFilterChainDecorator$VirtualFilterChain.doFilter(ObservationFilterChainDecorator.java:141) ~[spring-security-web-7.0.6.jar:7.0.6]
	at org.springframework.security.web.context.SecurityContextHolderFilter.doFilter(SecurityContextHolderFilter.java:82) ~[spring-security-web-7.0.6.jar:7.0.6]
	at org.springframework.security.web.context.SecurityContextHolderFilter.doFilter(SecurityContextHolderFilter.java:69) ~[spring-security-web-7.0.6.jar:7.0.6]
	at org.springframework.security.web.ObservationFilterChainDecorator$ObservationFilter.wrapFilter(ObservationFilterChainDecorator.java:244) ~[spring-security-web-7.0.6.jar:7.0.6]
	at org.springframework.security.web.ObservationFilterChainDecorator$ObservationFilter.doFilter(ObservationFilterChainDecorator.java:231) ~[spring-security-web-7.0.6.jar:7.0.6]
	at org.springframework.security.web.ObservationFilterChainDecorator$VirtualFilterChain.doFilter(ObservationFilterChainDecorator.java:141) ~[spring-security-web-7.0.6.jar:7.0.6]
	at org.springframework.web.filter.OncePerRequestFilter.doFilter(OncePerRequestFilter.java:101) ~[spring-web-7.0.8.jar:7.0.8]
	at org.springframework.security.web.ObservationFilterChainDecorator$ObservationFilter.wrapFilter(ObservationFilterChainDecorator.java:244) ~[spring-security-web-7.0.6.jar:7.0.6]
	at org.springframework.security.web.ObservationFilterChainDecorator$ObservationFilter.doFilter(ObservationFilterChainDecorator.java:231) ~[spring-security-web-7.0.6.jar:7.0.6]
	at org.springframework.security.web.ObservationFilterChainDecorator$VirtualFilterChain.doFilter(ObservationFilterChainDecorator.java:141) ~[spring-security-web-7.0.6.jar:7.0.6]
	at org.springframework.web.filter.OncePerRequestFilter.doFilter(OncePerRequestFilter.java:101) ~[spring-web-7.0.8.jar:7.0.8]
	at org.springframework.security.web.ObservationFilterChainDecorator$ObservationFilter.wrapFilter(ObservationFilterChainDecorator.java:244) ~[spring-security-web-7.0.6.jar:7.0.6]
	at org.springframework.security.web.ObservationFilterChainDecorator$AroundFilterObservation$SimpleAroundFilterObservation.lambda$wrap$0(ObservationFilterChainDecorator.java:337) ~[spring-security-web-7.0.6.jar:7.0.6]
	at org.springframework.security.web.ObservationFilterChainDecorator$ObservationFilter.doFilter(ObservationFilterChainDecorator.java:228) ~[spring-security-web-7.0.6.jar:7.0.6]
	at org.springframework.security.web.ObservationFilterChainDecorator$VirtualFilterChain.doFilter(ObservationFilterChainDecorator.java:141) ~[spring-security-web-7.0.6.jar:7.0.6]
	at org.springframework.security.web.FilterChainProxy.doFilterInternal(FilterChainProxy.java:237) ~[spring-security-web-7.0.6.jar:7.0.6]
	at org.springframework.security.web.FilterChainProxy.doFilter(FilterChainProxy.java:195) ~[spring-security-web-7.0.6.jar:7.0.6]
	at org.springframework.web.filter.CompositeFilter$VirtualFilterChain.doFilter(CompositeFilter.java:113) ~[spring-web-7.0.8.jar:7.0.8]
	at org.springframework.web.filter.ServletRequestPathFilter.doFilter(ServletRequestPathFilter.java:52) ~[spring-web-7.0.8.jar:7.0.8]
	at org.springframework.web.filter.CompositeFilter$VirtualFilterChain.doFilter(CompositeFilter.java:113) ~[spring-web-7.0.8.jar:7.0.8]
	at org.springframework.web.filter.CompositeFilter.doFilter(CompositeFilter.java:74) ~[spring-web-7.0.8.jar:7.0.8]
	at org.springframework.security.config.annotation.web.configuration.WebSecurityConfiguration$CompositeFilterChainProxy.doFilter(WebSecurityConfiguration.java:317) ~[spring-security-config-7.0.6.jar:7.0.6]
	at org.springframework.web.filter.DelegatingFilterProxy.invokeDelegate(DelegatingFilterProxy.java:355) ~[spring-web-7.0.8.jar:7.0.8]
	at org.springframework.web.filter.DelegatingFilterProxy.doFilter(DelegatingFilterProxy.java:272) ~[spring-web-7.0.8.jar:7.0.8]
	at org.apache.catalina.core.ApplicationFilterChain.doFilter(ApplicationFilterChain.java:107) ~[tomcat-embed-core-11.0.22.jar:11.0.22]
	at org.springframework.web.filter.RequestContextFilter.doFilterInternal(RequestContextFilter.java:100) ~[spring-web-7.0.8.jar:7.0.8]
	at org.springframework.web.filter.OncePerRequestFilter.doFilter(OncePerRequestFilter.java:116) ~[spring-web-7.0.8.jar:7.0.8]
	at org.apache.catalina.core.ApplicationFilterChain.doFilter(ApplicationFilterChain.java:107) ~[tomcat-embed-core-11.0.22.jar:11.0.22]
	at org.springframework.web.filter.OncePerRequestFilter.doFilter(OncePerRequestFilter.java:101) ~[spring-web-7.0.8.jar:7.0.8]
	at org.apache.catalina.core.ApplicationFilterChain.doFilter(ApplicationFilterChain.java:107) ~[tomcat-embed-core-11.0.22.jar:11.0.22]
	at org.springframework.web.filter.OncePerRequestFilter.doFilter(OncePerRequestFilter.java:101) ~[spring-web-7.0.8.jar:7.0.8]
	at org.apache.catalina.core.ApplicationFilterChain.doFilter(ApplicationFilterChain.java:107) ~[tomcat-embed-core-11.0.22.jar:11.0.22]
	at org.apache.catalina.core.ApplicationDispatcher.invoke(ApplicationDispatcher.java:513) ~[tomcat-embed-core-11.0.22.jar:11.0.22]
	at org.apache.catalina.core.ApplicationDispatcher.include(ApplicationDispatcher.java:411) ~[tomcat-embed-core-11.0.22.jar:11.0.22]
	at org.apache.catalina.core.StandardHostValve.custom(StandardHostValve.java:356) ~[tomcat-embed-core-11.0.22.jar:11.0.22]
	at org.apache.catalina.core.StandardHostValve.status(StandardHostValve.java:206) ~[tomcat-embed-core-11.0.22.jar:11.0.22]
	at org.apache.catalina.core.StandardHostValve.throwable(StandardHostValve.java:282) ~[tomcat-embed-core-11.0.22.jar:11.0.22]
	at org.apache.catalina.core.StandardHostValve.invoke(StandardHostValve.java:147) ~[tomcat-embed-core-11.0.22.jar:11.0.22]
	at org.apache.catalina.valves.ErrorReportValve.invoke(ErrorReportValve.java:83) ~[tomcat-embed-core-11.0.22.jar:11.0.22]
	at org.apache.catalina.core.StandardEngineValve.invoke(StandardEngineValve.java:72) ~[tomcat-embed-core-11.0.22.jar:11.0.22]
	at org.apache.catalina.connector.CoyoteAdapter.asyncDispatch(CoyoteAdapter.java:238) ~[tomcat-embed-core-11.0.22.jar:11.0.22]
	at org.apache.coyote.AbstractProcessor.dispatch(AbstractProcessor.java:242) ~[tomcat-embed-core-11.0.22.jar:11.0.22]
	at org.apache.coyote.AbstractProcessorLight.process(AbstractProcessorLight.java:57) ~[tomcat-embed-core-11.0.22.jar:11.0.22]
	at org.apache.coyote.AbstractProtocol$ConnectionHandler.process(AbstractProtocol.java:1272) ~[tomcat-embed-core-11.0.22.jar:11.0.22]
	at org.apache.tomcat.util.net.NioEndpoint$SocketProcessor.doRun(NioEndpoint.java:1801) ~[tomcat-embed-core-11.0.22.jar:11.0.22]
	at org.apache.tomcat.util.net.SocketProcessorBase.run(SocketProcessorBase.java:52) ~[tomcat-embed-core-11.0.22.jar:11.0.22]
	at org.apache.tomcat.util.threads.ThreadPoolExecutor.runWorker(ThreadPoolExecutor.java:946) ~[tomcat-embed-core-11.0.22.jar:11.0.22]
	at org.apache.tomcat.util.threads.ThreadPoolExecutor$Worker.run(ThreadPoolExecutor.java:480) ~[tomcat-embed-core-11.0.22.jar:11.0.22]
	at org.apache.tomcat.util.threads.TaskThread$WrappingRunnable.run(TaskThread.java:57) ~[tomcat-embed-core-11.0.22.jar:11.0.22]
	at java.base/java.lang.Thread.run(Thread.java:1583) ~[na:na]

2026-08-21T20:59:38.701+09:00 ERROR 3764 --- [Pokade] [io-8080-exec-10] o.a.c.c.C.[Tomcat].[localhost]           : Exception Processing [ErrorPage[errorCode=0, location=/error]]

jakarta.servlet.ServletException: Unable to handle the Spring Security Exception because the response is already committed.
	at org.springframework.security.web.access.ExceptionTranslationFilter.doFilter(ExceptionTranslationFilter.java:144) ~[spring-security-web-7.0.6.jar:7.0.6]
	at org.springframework.security.web.access.ExceptionTranslationFilter.doFilter(ExceptionTranslationFilter.java:120) ~[spring-security-web-7.0.6.jar:7.0.6]
	at org.springframework.security.web.ObservationFilterChainDecorator$ObservationFilter.wrapFilter(ObservationFilterChainDecorator.java:244) ~[spring-security-web-7.0.6.jar:7.0.6]
	at org.springframework.security.web.ObservationFilterChainDecorator$ObservationFilter.doFilter(ObservationFilterChainDecorator.java:231) ~[spring-security-web-7.0.6.jar:7.0.6]
	at org.springframework.security.web.ObservationFilterChainDecorator$VirtualFilterChain.doFilter(ObservationFilterChainDecorator.java:141) ~[spring-security-web-7.0.6.jar:7.0.6]
	at org.springframework.security.web.session.SessionManagementFilter.doFilter(SessionManagementFilter.java:92) ~[spring-security-web-7.0.6.jar:7.0.6]
	at org.springframework.security.web.session.SessionManagementFilter.doFilter(SessionManagementFilter.java:86) ~[spring-security-web-7.0.6.jar:7.0.6]
	at org.springframework.security.web.ObservationFilterChainDecorator$ObservationFilter.wrapFilter(ObservationFilterChainDecorator.java:244) ~[spring-security-web-7.0.6.jar:7.0.6]
	at org.springframework.security.web.ObservationFilterChainDecorator$ObservationFilter.doFilter(ObservationFilterChainDecorator.java:231) ~[spring-security-web-7.0.6.jar:7.0.6]
	at org.springframework.security.web.ObservationFilterChainDecorator$VirtualFilterChain.doFilter(ObservationFilterChainDecorator.java:141) ~[spring-security-web-7.0.6.jar:7.0.6]
	at org.springframework.security.web.authentication.AnonymousAuthenticationFilter.doFilter(AnonymousAuthenticationFilter.java:100) ~[spring-security-web-7.0.6.jar:7.0.6]
	at org.springframework.security.web.ObservationFilterChainDecorator$ObservationFilter.wrapFilter(ObservationFilterChainDecorator.java:244) ~[spring-security-web-7.0.6.jar:7.0.6]
	at org.springframework.security.web.ObservationFilterChainDecorator$ObservationFilter.doFilter(ObservationFilterChainDecorator.java:231) ~[spring-security-web-7.0.6.jar:7.0.6]
	at org.springframework.security.web.ObservationFilterChainDecorator$VirtualFilterChain.doFilter(ObservationFilterChainDecorator.java:141) ~[spring-security-web-7.0.6.jar:7.0.6]
	at org.springframework.security.web.servletapi.SecurityContextHolderAwareRequestFilter.doFilter(SecurityContextHolderAwareRequestFilter.java:181) ~[spring-security-web-7.0.6.jar:7.0.6]
	at org.springframework.security.web.ObservationFilterChainDecorator$ObservationFilter.wrapFilter(ObservationFilterChainDecorator.java:244) ~[spring-security-web-7.0.6.jar:7.0.6]
	at org.springframework.security.web.ObservationFilterChainDecorator$ObservationFilter.doFilter(ObservationFilterChainDecorator.java:231) ~[spring-security-web-7.0.6.jar:7.0.6]
	at org.springframework.security.web.ObservationFilterChainDecorator$VirtualFilterChain.doFilter(ObservationFilterChainDecorator.java:141) ~[spring-security-web-7.0.6.jar:7.0.6]
	at org.springframework.security.web.savedrequest.RequestCacheAwareFilter.doFilter(RequestCacheAwareFilter.java:63) ~[spring-security-web-7.0.6.jar:7.0.6]
	at org.springframework.security.web.ObservationFilterChainDecorator$ObservationFilter.wrapFilter(ObservationFilterChainDecorator.java:244) ~[spring-security-web-7.0.6.jar:7.0.6]
	at org.springframework.security.web.ObservationFilterChainDecorator$ObservationFilter.doFilter(ObservationFilterChainDecorator.java:231) ~[spring-security-web-7.0.6.jar:7.0.6]
	at org.springframework.security.web.ObservationFilterChainDecorator$VirtualFilterChain.doFilter(ObservationFilterChainDecorator.java:141) ~[spring-security-web-7.0.6.jar:7.0.6]
	at org.springframework.web.filter.OncePerRequestFilter.doFilter(OncePerRequestFilter.java:101) ~[spring-web-7.0.8.jar:7.0.8]
	at org.springframework.security.web.ObservationFilterChainDecorator$ObservationFilter.wrapFilter(ObservationFilterChainDecorator.java:244) ~[spring-security-web-7.0.6.jar:7.0.6]
	at org.springframework.security.web.ObservationFilterChainDecorator$ObservationFilter.doFilter(ObservationFilterChainDecorator.java:231) ~[spring-security-web-7.0.6.jar:7.0.6]
	at org.springframework.security.web.ObservationFilterChainDecorator$VirtualFilterChain.doFilter(ObservationFilterChainDecorator.java:141) ~[spring-security-web-7.0.6.jar:7.0.6]
	at org.springframework.security.web.authentication.AbstractAuthenticationProcessingFilter.doFilter(AbstractAuthenticationProcessingFilter.java:245) ~[spring-security-web-7.0.6.jar:7.0.6]
	at org.springframework.security.web.authentication.AbstractAuthenticationProcessingFilter.doFilter(AbstractAuthenticationProcessingFilter.java:239) ~[spring-security-web-7.0.6.jar:7.0.6]
	at org.springframework.security.web.ObservationFilterChainDecorator$ObservationFilter.wrapFilter(ObservationFilterChainDecorator.java:244) ~[spring-security-web-7.0.6.jar:7.0.6]
	at org.springframework.security.web.ObservationFilterChainDecorator$ObservationFilter.doFilter(ObservationFilterChainDecorator.java:231) ~[spring-security-web-7.0.6.jar:7.0.6]
	at org.springframework.security.web.ObservationFilterChainDecorator$VirtualFilterChain.doFilter(ObservationFilterChainDecorator.java:141) ~[spring-security-web-7.0.6.jar:7.0.6]
	at org.springframework.web.filter.OncePerRequestFilter.doFilter(OncePerRequestFilter.java:101) ~[spring-web-7.0.8.jar:7.0.8]
	at org.springframework.security.web.ObservationFilterChainDecorator$ObservationFilter.wrapFilter(ObservationFilterChainDecorator.java:244) ~[spring-security-web-7.0.6.jar:7.0.6]
	at org.springframework.security.web.ObservationFilterChainDecorator$ObservationFilter.doFilter(ObservationFilterChainDecorator.java:231) ~[spring-security-web-7.0.6.jar:7.0.6]
	at org.springframework.security.web.ObservationFilterChainDecorator$VirtualFilterChain.doFilter(ObservationFilterChainDecorator.java:141) ~[spring-security-web-7.0.6.jar:7.0.6]
	at org.springframework.web.filter.OncePerRequestFilter.doFilter(OncePerRequestFilter.java:101) ~[spring-web-7.0.8.jar:7.0.8]
	at org.springframework.security.web.ObservationFilterChainDecorator$ObservationFilter.wrapFilter(ObservationFilterChainDecorator.java:244) ~[spring-security-web-7.0.6.jar:7.0.6]
	at org.springframework.security.web.ObservationFilterChainDecorator$ObservationFilter.doFilter(ObservationFilterChainDecorator.java:231) ~[spring-security-web-7.0.6.jar:7.0.6]
	at org.springframework.security.web.ObservationFilterChainDecorator$VirtualFilterChain.doFilter(ObservationFilterChainDecorator.java:141) ~[spring-security-web-7.0.6.jar:7.0.6]
	at org.springframework.web.filter.OncePerRequestFilter.doFilter(OncePerRequestFilter.java:101) ~[spring-web-7.0.8.jar:7.0.8]
	at org.springframework.security.web.ObservationFilterChainDecorator$ObservationFilter.wrapFilter(ObservationFilterChainDecorator.java:244) ~[spring-security-web-7.0.6.jar:7.0.6]
	at org.springframework.security.web.ObservationFilterChainDecorator$ObservationFilter.doFilter(ObservationFilterChainDecorator.java:231) ~[spring-security-web-7.0.6.jar:7.0.6]
	at org.springframework.security.web.ObservationFilterChainDecorator$VirtualFilterChain.doFilter(ObservationFilterChainDecorator.java:141) ~[spring-security-web-7.0.6.jar:7.0.6]
	at org.springframework.security.web.context.SecurityContextHolderFilter.doFilter(SecurityContextHolderFilter.java:82) ~[spring-security-web-7.0.6.jar:7.0.6]
	at org.springframework.security.web.context.SecurityContextHolderFilter.doFilter(SecurityContextHolderFilter.java:69) ~[spring-security-web-7.0.6.jar:7.0.6]
	at org.springframework.security.web.ObservationFilterChainDecorator$ObservationFilter.wrapFilter(ObservationFilterChainDecorator.java:244) ~[spring-security-web-7.0.6.jar:7.0.6]
	at org.springframework.security.web.ObservationFilterChainDecorator$ObservationFilter.doFilter(ObservationFilterChainDecorator.java:231) ~[spring-security-web-7.0.6.jar:7.0.6]
	at org.springframework.security.web.ObservationFilterChainDecorator$VirtualFilterChain.doFilter(ObservationFilterChainDecorator.java:141) ~[spring-security-web-7.0.6.jar:7.0.6]
	at org.springframework.web.filter.OncePerRequestFilter.doFilter(OncePerRequestFilter.java:101) ~[spring-web-7.0.8.jar:7.0.8]
	at org.springframework.security.web.ObservationFilterChainDecorator$ObservationFilter.wrapFilter(ObservationFilterChainDecorator.java:244) ~[spring-security-web-7.0.6.jar:7.0.6]
	at org.springframework.security.web.ObservationFilterChainDecorator$ObservationFilter.doFilter(ObservationFilterChainDecorator.java:231) ~[spring-security-web-7.0.6.jar:7.0.6]
	at org.springframework.security.web.ObservationFilterChainDecorator$VirtualFilterChain.doFilter(ObservationFilterChainDecorator.java:141) ~[spring-security-web-7.0.6.jar:7.0.6]
	at org.springframework.web.filter.OncePerRequestFilter.doFilter(OncePerRequestFilter.java:101) ~[spring-web-7.0.8.jar:7.0.8]
	at org.springframework.security.web.ObservationFilterChainDecorator$ObservationFilter.wrapFilter(ObservationFilterChainDecorator.java:244) ~[spring-security-web-7.0.6.jar:7.0.6]
	at org.springframework.security.web.ObservationFilterChainDecorator$AroundFilterObservation$SimpleAroundFilterObservation.lambda$wrap$0(ObservationFilterChainDecorator.java:337) ~[spring-security-web-7.0.6.jar:7.0.6]
	at org.springframework.security.web.ObservationFilterChainDecorator$ObservationFilter.doFilter(ObservationFilterChainDecorator.java:228) ~[spring-security-web-7.0.6.jar:7.0.6]
	at org.springframework.security.web.ObservationFilterChainDecorator$VirtualFilterChain.doFilter(ObservationFilterChainDecorator.java:141) ~[spring-security-web-7.0.6.jar:7.0.6]
	at org.springframework.security.web.FilterChainProxy.doFilterInternal(FilterChainProxy.java:237) ~[spring-security-web-7.0.6.jar:7.0.6]
	at org.springframework.security.web.FilterChainProxy.doFilter(FilterChainProxy.java:195) ~[spring-security-web-7.0.6.jar:7.0.6]
	at org.springframework.web.filter.CompositeFilter$VirtualFilterChain.doFilter(CompositeFilter.java:113) ~[spring-web-7.0.8.jar:7.0.8]
	at org.springframework.web.filter.ServletRequestPathFilter.doFilter(ServletRequestPathFilter.java:52) ~[spring-web-7.0.8.jar:7.0.8]
	at org.springframework.web.filter.CompositeFilter$VirtualFilterChain.doFilter(CompositeFilter.java:113) ~[spring-web-7.0.8.jar:7.0.8]
	at org.springframework.web.filter.CompositeFilter.doFilter(CompositeFilter.java:74) ~[spring-web-7.0.8.jar:7.0.8]
	at org.springframework.security.config.annotation.web.configuration.WebSecurityConfiguration$CompositeFilterChainProxy.doFilter(WebSecurityConfiguration.java:317) ~[spring-security-config-7.0.6.jar:7.0.6]
	at org.springframework.web.filter.DelegatingFilterProxy.invokeDelegate(DelegatingFilterProxy.java:355) ~[spring-web-7.0.8.jar:7.0.8]
	at org.springframework.web.filter.DelegatingFilterProxy.doFilter(DelegatingFilterProxy.java:272) ~[spring-web-7.0.8.jar:7.0.8]
	at org.apache.catalina.core.ApplicationFilterChain.doFilter(ApplicationFilterChain.java:107) ~[tomcat-embed-core-11.0.22.jar:11.0.22]
	at org.springframework.web.filter.RequestContextFilter.doFilterInternal(RequestContextFilter.java:100) ~[spring-web-7.0.8.jar:7.0.8]
	at org.springframework.web.filter.OncePerRequestFilter.doFilter(OncePerRequestFilter.java:116) ~[spring-web-7.0.8.jar:7.0.8]
	at org.apache.catalina.core.ApplicationFilterChain.doFilter(ApplicationFilterChain.java:107) ~[tomcat-embed-core-11.0.22.jar:11.0.22]
	at org.springframework.web.filter.OncePerRequestFilter.doFilter(OncePerRequestFilter.java:101) ~[spring-web-7.0.8.jar:7.0.8]
	at org.apache.catalina.core.ApplicationFilterChain.doFilter(ApplicationFilterChain.java:107) ~[tomcat-embed-core-11.0.22.jar:11.0.22]
	at org.springframework.web.filter.OncePerRequestFilter.doFilter(OncePerRequestFilter.java:101) ~[spring-web-7.0.8.jar:7.0.8]
	at org.apache.catalina.core.ApplicationFilterChain.doFilter(ApplicationFilterChain.java:107) ~[tomcat-embed-core-11.0.22.jar:11.0.22]
	at org.apache.catalina.core.ApplicationDispatcher.invoke(ApplicationDispatcher.java:513) ~[tomcat-embed-core-11.0.22.jar:11.0.22]
	at org.apache.catalina.core.ApplicationDispatcher.include(ApplicationDispatcher.java:411) ~[tomcat-embed-core-11.0.22.jar:11.0.22]
	at org.apache.catalina.core.StandardHostValve.custom(StandardHostValve.java:356) ~[tomcat-embed-core-11.0.22.jar:11.0.22]
	at org.apache.catalina.core.StandardHostValve.status(StandardHostValve.java:206) ~[tomcat-embed-core-11.0.22.jar:11.0.22]
	at org.apache.catalina.core.StandardHostValve.throwable(StandardHostValve.java:282) ~[tomcat-embed-core-11.0.22.jar:11.0.22]
	at org.apache.catalina.core.StandardHostValve.invoke(StandardHostValve.java:147) ~[tomcat-embed-core-11.0.22.jar:11.0.22]
	at org.apache.catalina.valves.ErrorReportValve.invoke(ErrorReportValve.java:83) ~[tomcat-embed-core-11.0.22.jar:11.0.22]
	at org.apache.catalina.core.StandardEngineValve.invoke(StandardEngineValve.java:72) ~[tomcat-embed-core-11.0.22.jar:11.0.22]
	at org.apache.catalina.connector.CoyoteAdapter.asyncDispatch(CoyoteAdapter.java:238) ~[tomcat-embed-core-11.0.22.jar:11.0.22]
	at org.apache.coyote.AbstractProcessor.dispatch(AbstractProcessor.java:242) ~[tomcat-embed-core-11.0.22.jar:11.0.22]
	at org.apache.coyote.AbstractProcessorLight.process(AbstractProcessorLight.java:57) ~[tomcat-embed-core-11.0.22.jar:11.0.22]
	at org.apache.coyote.AbstractProtocol$ConnectionHandler.process(AbstractProtocol.java:1272) ~[tomcat-embed-core-11.0.22.jar:11.0.22]
	at org.apache.tomcat.util.net.NioEndpoint$SocketProcessor.doRun(NioEndpoint.java:1801) ~[tomcat-embed-core-11.0.22.jar:11.0.22]
	at org.apache.tomcat.util.net.SocketProcessorBase.run(SocketProcessorBase.java:52) ~[tomcat-embed-core-11.0.22.jar:11.0.22]
	at org.apache.tomcat.util.threads.ThreadPoolExecutor.runWorker(ThreadPoolExecutor.java:946) ~[tomcat-embed-core-11.0.22.jar:11.0.22]
	at org.apache.tomcat.util.threads.ThreadPoolExecutor$Worker.run(ThreadPoolExecutor.java:480) ~[tomcat-embed-core-11.0.22.jar:11.0.22]
	at org.apache.tomcat.util.threads.TaskThread$WrappingRunnable.run(TaskThread.java:57) ~[tomcat-embed-core-11.0.22.jar:11.0.22]
	at java.base/java.lang.Thread.run(Thread.java:1583) ~[na:na]
Caused by: org.springframework.security.authorization.AuthorizationDeniedException: Access Denied
	at org.springframework.security.web.access.intercept.AuthorizationFilter.doFilter(AuthorizationFilter.java:99) ~[spring-security-web-7.0.6.jar:7.0.6]
	at org.springframework.security.web.ObservationFilterChainDecorator$ObservationFilter.wrapFilter(ObservationFilterChainDecorator.java:244) ~[spring-security-web-7.0.6.jar:7.0.6]
	at org.springframework.security.web.ObservationFilterChainDecorator$ObservationFilter.doFilter(ObservationFilterChainDecorator.java:231) ~[spring-security-web-7.0.6.jar:7.0.6]
	at org.springframework.security.web.ObservationFilterChainDecorator$VirtualFilterChain.doFilter(ObservationFilterChainDecorator.java:141) ~[spring-security-web-7.0.6.jar:7.0.6]
	at org.springframework.security.web.access.ExceptionTranslationFilter.doFilter(ExceptionTranslationFilter.java:126) ~[spring-security-web-7.0.6.jar:7.0.6]
	... 91 common frames omitted

2026-08-21T20:59:38.703+09:00 ERROR 3764 --- [Pokade] [nio-8080-exec-1] o.a.c.c.C.[Tomcat].[localhost]           : Exception Processing [ErrorPage[errorCode=0, location=/error]]

jakarta.servlet.ServletException: Unable to handle the Spring Security Exception because the response is already committed.
	at org.springframework.security.web.access.ExceptionTranslationFilter.doFilter(ExceptionTranslationFilter.java:144) ~[spring-security-web-7.0.6.jar:7.0.6]
	at org.springframework.security.web.access.ExceptionTranslationFilter.doFilter(ExceptionTranslationFilter.java:120) ~[spring-security-web-7.0.6.jar:7.0.6]
	at org.springframework.security.web.ObservationFilterChainDecorator$ObservationFilter.wrapFilter(ObservationFilterChainDecorator.java:244) ~[spring-security-web-7.0.6.jar:7.0.6]
	at org.springframework.security.web.ObservationFilterChainDecorator$ObservationFilter.doFilter(ObservationFilterChainDecorator.java:231) ~[spring-security-web-7.0.6.jar:7.0.6]
	at org.springframework.security.web.ObservationFilterChainDecorator$VirtualFilterChain.doFilter(ObservationFilterChainDecorator.java:141) ~[spring-security-web-7.0.6.jar:7.0.6]
	at org.springframework.security.web.session.SessionManagementFilter.doFilter(SessionManagementFilter.java:92) ~[spring-security-web-7.0.6.jar:7.0.6]
	at org.springframework.security.web.session.SessionManagementFilter.doFilter(SessionManagementFilter.java:86) ~[spring-security-web-7.0.6.jar:7.0.6]
	at org.springframework.security.web.ObservationFilterChainDecorator$ObservationFilter.wrapFilter(ObservationFilterChainDecorator.java:244) ~[spring-security-web-7.0.6.jar:7.0.6]
	at org.springframework.security.web.ObservationFilterChainDecorator$ObservationFilter.doFilter(ObservationFilterChainDecorator.java:231) ~[spring-security-web-7.0.6.jar:7.0.6]
	at org.springframework.security.web.ObservationFilterChainDecorator$VirtualFilterChain.doFilter(ObservationFilterChainDecorator.java:141) ~[spring-security-web-7.0.6.jar:7.0.6]
	at org.springframework.security.web.authentication.AnonymousAuthenticationFilter.doFilter(AnonymousAuthenticationFilter.java:100) ~[spring-security-web-7.0.6.jar:7.0.6]
	at org.springframework.security.web.ObservationFilterChainDecorator$ObservationFilter.wrapFilter(ObservationFilterChainDecorator.java:244) ~[spring-security-web-7.0.6.jar:7.0.6]
	at org.springframework.security.web.ObservationFilterChainDecorator$ObservationFilter.doFilter(ObservationFilterChainDecorator.java:231) ~[spring-security-web-7.0.6.jar:7.0.6]
	at org.springframework.security.web.ObservationFilterChainDecorator$VirtualFilterChain.doFilter(ObservationFilterChainDecorator.java:141) ~[spring-security-web-7.0.6.jar:7.0.6]
	at org.springframework.security.web.servletapi.SecurityContextHolderAwareRequestFilter.doFilter(SecurityContextHolderAwareRequestFilter.java:181) ~[spring-security-web-7.0.6.jar:7.0.6]
	at org.springframework.security.web.ObservationFilterChainDecorator$ObservationFilter.wrapFilter(ObservationFilterChainDecorator.java:244) ~[spring-security-web-7.0.6.jar:7.0.6]
	at org.springframework.security.web.ObservationFilterChainDecorator$ObservationFilter.doFilter(ObservationFilterChainDecorator.java:231) ~[spring-security-web-7.0.6.jar:7.0.6]
	at org.springframework.security.web.ObservationFilterChainDecorator$VirtualFilterChain.doFilter(ObservationFilterChainDecorator.java:141) ~[spring-security-web-7.0.6.jar:7.0.6]
	at org.springframework.security.web.savedrequest.RequestCacheAwareFilter.doFilter(RequestCacheAwareFilter.java:63) ~[spring-security-web-7.0.6.jar:7.0.6]
	at org.springframework.security.web.ObservationFilterChainDecorator$ObservationFilter.wrapFilter(ObservationFilterChainDecorator.java:244) ~[spring-security-web-7.0.6.jar:7.0.6]
	at org.springframework.security.web.ObservationFilterChainDecorator$ObservationFilter.doFilter(ObservationFilterChainDecorator.java:231) ~[spring-security-web-7.0.6.jar:7.0.6]
	at org.springframework.security.web.ObservationFilterChainDecorator$VirtualFilterChain.doFilter(ObservationFilterChainDecorator.java:141) ~[spring-security-web-7.0.6.jar:7.0.6]
	at org.springframework.web.filter.OncePerRequestFilter.doFilter(OncePerRequestFilter.java:101) ~[spring-web-7.0.8.jar:7.0.8]
	at org.springframework.security.web.ObservationFilterChainDecorator$ObservationFilter.wrapFilter(ObservationFilterChainDecorator.java:244) ~[spring-security-web-7.0.6.jar:7.0.6]
	at org.springframework.security.web.ObservationFilterChainDecorator$ObservationFilter.doFilter(ObservationFilterChainDecorator.java:231) ~[spring-security-web-7.0.6.jar:7.0.6]
	at org.springframework.security.web.ObservationFilterChainDecorator$VirtualFilterChain.doFilter(ObservationFilterChainDecorator.java:141) ~[spring-security-web-7.0.6.jar:7.0.6]
	at org.springframework.security.web.authentication.AbstractAuthenticationProcessingFilter.doFilter(AbstractAuthenticationProcessingFilter.java:245) ~[spring-security-web-7.0.6.jar:7.0.6]
	at org.springframework.security.web.authentication.AbstractAuthenticationProcessingFilter.doFilter(AbstractAuthenticationProcessingFilter.java:239) ~[spring-security-web-7.0.6.jar:7.0.6]
	at org.springframework.security.web.ObservationFilterChainDecorator$ObservationFilter.wrapFilter(ObservationFilterChainDecorator.java:244) ~[spring-security-web-7.0.6.jar:7.0.6]
	at org.springframework.security.web.ObservationFilterChainDecorator$ObservationFilter.doFilter(ObservationFilterChainDecorator.java:231) ~[spring-security-web-7.0.6.jar:7.0.6]
	at org.springframework.security.web.ObservationFilterChainDecorator$VirtualFilterChain.doFilter(ObservationFilterChainDecorator.java:141) ~[spring-security-web-7.0.6.jar:7.0.6]
	at org.springframework.web.filter.OncePerRequestFilter.doFilter(OncePerRequestFilter.java:101) ~[spring-web-7.0.8.jar:7.0.8]
	at org.springframework.security.web.ObservationFilterChainDecorator$ObservationFilter.wrapFilter(ObservationFilterChainDecorator.java:244) ~[spring-security-web-7.0.6.jar:7.0.6]
	at org.springframework.security.web.ObservationFilterChainDecorator$ObservationFilter.doFilter(ObservationFilterChainDecorator.java:231) ~[spring-security-web-7.0.6.jar:7.0.6]
	at org.springframework.security.web.ObservationFilterChainDecorator$VirtualFilterChain.doFilter(ObservationFilterChainDecorator.java:141) ~[spring-security-web-7.0.6.jar:7.0.6]
	at org.springframework.web.filter.OncePerRequestFilter.doFilter(OncePerRequestFilter.java:101) ~[spring-web-7.0.8.jar:7.0.8]
	at org.springframework.security.web.ObservationFilterChainDecorator$ObservationFilter.wrapFilter(ObservationFilterChainDecorator.java:244) ~[spring-security-web-7.0.6.jar:7.0.6]
	at org.springframework.security.web.ObservationFilterChainDecorator$ObservationFilter.doFilter(ObservationFilterChainDecorator.java:231) ~[spring-security-web-7.0.6.jar:7.0.6]
	at org.springframework.security.web.ObservationFilterChainDecorator$VirtualFilterChain.doFilter(ObservationFilterChainDecorator.java:141) ~[spring-security-web-7.0.6.jar:7.0.6]
	at org.springframework.web.filter.OncePerRequestFilter.doFilter(OncePerRequestFilter.java:101) ~[spring-web-7.0.8.jar:7.0.8]
	at org.springframework.security.web.ObservationFilterChainDecorator$ObservationFilter.wrapFilter(ObservationFilterChainDecorator.java:244) ~[spring-security-web-7.0.6.jar:7.0.6]
	at org.springframework.security.web.ObservationFilterChainDecorator$ObservationFilter.doFilter(ObservationFilterChainDecorator.java:231) ~[spring-security-web-7.0.6.jar:7.0.6]
	at org.springframework.security.web.ObservationFilterChainDecorator$VirtualFilterChain.doFilter(ObservationFilterChainDecorator.java:141) ~[spring-security-web-7.0.6.jar:7.0.6]
	at org.springframework.security.web.context.SecurityContextHolderFilter.doFilter(SecurityContextHolderFilter.java:82) ~[spring-security-web-7.0.6.jar:7.0.6]
	at org.springframework.security.web.context.SecurityContextHolderFilter.doFilter(SecurityContextHolderFilter.java:69) ~[spring-security-web-7.0.6.jar:7.0.6]
	at org.springframework.security.web.ObservationFilterChainDecorator$ObservationFilter.wrapFilter(ObservationFilterChainDecorator.java:244) ~[spring-security-web-7.0.6.jar:7.0.6]
	at org.springframework.security.web.ObservationFilterChainDecorator$ObservationFilter.doFilter(ObservationFilterChainDecorator.java:231) ~[spring-security-web-7.0.6.jar:7.0.6]
	at org.springframework.security.web.ObservationFilterChainDecorator$VirtualFilterChain.doFilter(ObservationFilterChainDecorator.java:141) ~[spring-security-web-7.0.6.jar:7.0.6]
	at org.springframework.web.filter.OncePerRequestFilter.doFilter(OncePerRequestFilter.java:101) ~[spring-web-7.0.8.jar:7.0.8]
	at org.springframework.security.web.ObservationFilterChainDecorator$ObservationFilter.wrapFilter(ObservationFilterChainDecorator.java:244) ~[spring-security-web-7.0.6.jar:7.0.6]
	at org.springframework.security.web.ObservationFilterChainDecorator$ObservationFilter.doFilter(ObservationFilterChainDecorator.java:231) ~[spring-security-web-7.0.6.jar:7.0.6]
	at org.springframework.security.web.ObservationFilterChainDecorator$VirtualFilterChain.doFilter(ObservationFilterChainDecorator.java:141) ~[spring-security-web-7.0.6.jar:7.0.6]
	at org.springframework.web.filter.OncePerRequestFilter.doFilter(OncePerRequestFilter.java:101) ~[spring-web-7.0.8.jar:7.0.8]
	at org.springframework.security.web.ObservationFilterChainDecorator$ObservationFilter.wrapFilter(ObservationFilterChainDecorator.java:244) ~[spring-security-web-7.0.6.jar:7.0.6]
	at org.springframework.security.web.ObservationFilterChainDecorator$AroundFilterObservation$SimpleAroundFilterObservation.lambda$wrap$0(ObservationFilterChainDecorator.java:337) ~[spring-security-web-7.0.6.jar:7.0.6]
	at org.springframework.security.web.ObservationFilterChainDecorator$ObservationFilter.doFilter(ObservationFilterChainDecorator.java:228) ~[spring-security-web-7.0.6.jar:7.0.6]
	at org.springframework.security.web.ObservationFilterChainDecorator$VirtualFilterChain.doFilter(ObservationFilterChainDecorator.java:141) ~[spring-security-web-7.0.6.jar:7.0.6]
	at org.springframework.security.web.FilterChainProxy.doFilterInternal(FilterChainProxy.java:237) ~[spring-security-web-7.0.6.jar:7.0.6]
	at org.springframework.security.web.FilterChainProxy.doFilter(FilterChainProxy.java:195) ~[spring-security-web-7.0.6.jar:7.0.6]
	at org.springframework.web.filter.CompositeFilter$VirtualFilterChain.doFilter(CompositeFilter.java:113) ~[spring-web-7.0.8.jar:7.0.8]
	at org.springframework.web.filter.ServletRequestPathFilter.doFilter(ServletRequestPathFilter.java:52) ~[spring-web-7.0.8.jar:7.0.8]
	at org.springframework.web.filter.CompositeFilter$VirtualFilterChain.doFilter(CompositeFilter.java:113) ~[spring-web-7.0.8.jar:7.0.8]
	at org.springframework.web.filter.CompositeFilter.doFilter(CompositeFilter.java:74) ~[spring-web-7.0.8.jar:7.0.8]
	at org.springframework.security.config.annotation.web.configuration.WebSecurityConfiguration$CompositeFilterChainProxy.doFilter(WebSecurityConfiguration.java:317) ~[spring-security-config-7.0.6.jar:7.0.6]
	at org.springframework.web.filter.DelegatingFilterProxy.invokeDelegate(DelegatingFilterProxy.java:355) ~[spring-web-7.0.8.jar:7.0.8]
	at org.springframework.web.filter.DelegatingFilterProxy.doFilter(DelegatingFilterProxy.java:272) ~[spring-web-7.0.8.jar:7.0.8]
	at org.apache.catalina.core.ApplicationFilterChain.doFilter(ApplicationFilterChain.java:107) ~[tomcat-embed-core-11.0.22.jar:11.0.22]
	at org.springframework.web.filter.RequestContextFilter.doFilterInternal(RequestContextFilter.java:100) ~[spring-web-7.0.8.jar:7.0.8]
	at org.springframework.web.filter.OncePerRequestFilter.doFilter(OncePerRequestFilter.java:116) ~[spring-web-7.0.8.jar:7.0.8]
	at org.apache.catalina.core.ApplicationFilterChain.doFilter(ApplicationFilterChain.java:107) ~[tomcat-embed-core-11.0.22.jar:11.0.22]
	at org.springframework.web.filter.OncePerRequestFilter.doFilter(OncePerRequestFilter.java:101) ~[spring-web-7.0.8.jar:7.0.8]
	at org.apache.catalina.core.ApplicationFilterChain.doFilter(ApplicationFilterChain.java:107) ~[tomcat-embed-core-11.0.22.jar:11.0.22]
	at org.springframework.web.filter.OncePerRequestFilter.doFilter(OncePerRequestFilter.java:101) ~[spring-web-7.0.8.jar:7.0.8]
	at org.apache.catalina.core.ApplicationFilterChain.doFilter(ApplicationFilterChain.java:107) ~[tomcat-embed-core-11.0.22.jar:11.0.22]
	at org.apache.catalina.core.ApplicationDispatcher.invoke(ApplicationDispatcher.java:513) ~[tomcat-embed-core-11.0.22.jar:11.0.22]
	at org.apache.catalina.core.ApplicationDispatcher.include(ApplicationDispatcher.java:411) ~[tomcat-embed-core-11.0.22.jar:11.0.22]
	at org.apache.catalina.core.StandardHostValve.custom(StandardHostValve.java:356) ~[tomcat-embed-core-11.0.22.jar:11.0.22]
	at org.apache.catalina.core.StandardHostValve.status(StandardHostValve.java:206) ~[tomcat-embed-core-11.0.22.jar:11.0.22]
	at org.apache.catalina.core.StandardHostValve.throwable(StandardHostValve.java:282) ~[tomcat-embed-core-11.0.22.jar:11.0.22]
	at org.apache.catalina.core.StandardHostValve.invoke(StandardHostValve.java:147) ~[tomcat-embed-core-11.0.22.jar:11.0.22]
	at org.apache.catalina.valves.ErrorReportValve.invoke(ErrorReportValve.java:83) ~[tomcat-embed-core-11.0.22.jar:11.0.22]
	at org.apache.catalina.core.StandardEngineValve.invoke(StandardEngineValve.java:72) ~[tomcat-embed-core-11.0.22.jar:11.0.22]
	at org.apache.catalina.connector.CoyoteAdapter.asyncDispatch(CoyoteAdapter.java:238) ~[tomcat-embed-core-11.0.22.jar:11.0.22]
	at org.apache.coyote.AbstractProcessor.dispatch(AbstractProcessor.java:242) ~[tomcat-embed-core-11.0.22.jar:11.0.22]
	at org.apache.coyote.AbstractProcessorLight.process(AbstractProcessorLight.java:57) ~[tomcat-embed-core-11.0.22.jar:11.0.22]
	at org.apache.coyote.AbstractProtocol$ConnectionHandler.process(AbstractProtocol.java:1272) ~[tomcat-embed-core-11.0.22.jar:11.0.22]
	at org.apache.tomcat.util.net.NioEndpoint$SocketProcessor.doRun(NioEndpoint.java:1801) ~[tomcat-embed-core-11.0.22.jar:11.0.22]
	at org.apache.tomcat.util.net.SocketProcessorBase.run(SocketProcessorBase.java:52) ~[tomcat-embed-core-11.0.22.jar:11.0.22]
	at org.apache.tomcat.util.threads.ThreadPoolExecutor.runWorker(ThreadPoolExecutor.java:946) ~[tomcat-embed-core-11.0.22.jar:11.0.22]
	at org.apache.tomcat.util.threads.ThreadPoolExecutor$Worker.run(ThreadPoolExecutor.java:480) ~[tomcat-embed-core-11.0.22.jar:11.0.22]
	at org.apache.tomcat.util.threads.TaskThread$WrappingRunnable.run(TaskThread.java:57) ~[tomcat-embed-core-11.0.22.jar:11.0.22]
	at java.base/java.lang.Thread.run(Thread.java:1583) ~[na:na]
Caused by: org.springframework.security.authorization.AuthorizationDeniedException: Access Denied
	at org.springframework.security.web.access.intercept.AuthorizationFilter.doFilter(AuthorizationFilter.java:99) ~[spring-security-web-7.0.6.jar:7.0.6]
	at org.springframework.security.web.ObservationFilterChainDecorator$ObservationFilter.wrapFilter(ObservationFilterChainDecorator.java:244) ~[spring-security-web-7.0.6.jar:7.0.6]
	at org.springframework.security.web.ObservationFilterChainDecorator$ObservationFilter.doFilter(ObservationFilterChainDecorator.java:231) ~[spring-security-web-7.0.6.jar:7.0.6]
	at org.springframework.security.web.ObservationFilterChainDecorator$VirtualFilterChain.doFilter(ObservationFilterChainDecorator.java:141) ~[spring-security-web-7.0.6.jar:7.0.6]
	at org.springframework.security.web.access.ExceptionTranslationFilter.doFilter(ExceptionTranslationFilter.java:126) ~[spring-security-web-7.0.6.jar:7.0.6]
	... 91 common frames omitted

2026-08-21T20:59:38.705+09:00  INFO 3764 --- [Pokade] [io-8080-exec-10] c.p.d.n.store.SseEmitterStore            : [SSE] Emitter 제거 userId=3, 남은 연결 수=0
2026-08-21T20:59:38.707+09:00  INFO 3764 --- [Pokade] [nio-8080-exec-1] c.p.d.n.store.SseEmitterStore            : [SSE] Emitter 제거 userId=3, 남은 연결 수=0
2026-08-21T20:59:40.134+09:00 DEBUG 3764 --- [Pokade] [l-1:housekeeper] com.zaxxer.hikari.pool.HikariPool        : HikariPool-1 - Pool stats (total=10/10, idle=10/10, active=0, waiting=0)
2026-08-21T20:59:40.134+09:00 DEBUG 3764 --- [Pokade] [l-1:housekeeper] com.zaxxer.hikari.pool.HikariPool        : HikariPool-1 - Fill pool skipped, pool has sufficient level or currently being filled.
2026-08-21T20:59:40.490+09:00 DEBUG 3764 --- [Pokade] [onnection-adder] com.zaxxer.hikari.pool.HikariPool        : HikariPool-1 - Connection not added, stats (total=10/10, idle=8/10, active=2, waiting=0)
2026-08-21T20:59:40.491+09:00 DEBUG 3764 --- [Pokade] [nio-8080-exec-1] org.hibernate.SQL                        : 
    select
        u1_0.id,
        u1_0.created_at,
        u1_0.deleted_at,
        u1_0.email,
        u1_0.nickname,
        u1_0.nickname_changed_at,
        u1_0.password,
        u1_0.point_balance,
        u1_0.profile_image_url,
        u1_0.provider,
        u1_0.role,
        u1_0.status,
        u1_0.updated_at,
        u1_0.version,
        u1_0.withdrawal_requested_at 
    from
        users u1_0 
    where
        u1_0.id=?
Hibernate: 
    select
        u1_0.id,
        u1_0.created_at,
        u1_0.deleted_at,
        u1_0.email,
        u1_0.nickname,
        u1_0.nickname_changed_at,
        u1_0.password,
        u1_0.point_balance,
        u1_0.profile_image_url,
        u1_0.provider,
        u1_0.role,
        u1_0.status,
        u1_0.updated_at,
        u1_0.version,
        u1_0.withdrawal_requested_at 
    from
        users u1_0 
    where
        u1_0.id=?
2026-08-21T20:59:40.491+09:00 DEBUG 3764 --- [Pokade] [nio-8080-exec-9] org.hibernate.SQL                        : 
    select
        u1_0.id,
        u1_0.created_at,
        u1_0.deleted_at,
        u1_0.email,
        u1_0.nickname,
        u1_0.nickname_changed_at,
        u1_0.password,
        u1_0.point_balance,
        u1_0.profile_image_url,
        u1_0.provider,
        u1_0.role,
        u1_0.status,
        u1_0.updated_at,
        u1_0.version,
        u1_0.withdrawal_requested_at 
    from
        users u1_0 
    where
        u1_0.id=?
Hibernate: 
    select
        u1_0.id,
        u1_0.created_at,
        u1_0.deleted_at,
        u1_0.email,
        u1_0.nickname,
        u1_0.nickname_changed_at,
        u1_0.password,
        u1_0.point_balance,
        u1_0.profile_image_url,
        u1_0.provider,
        u1_0.role,
        u1_0.status,
        u1_0.updated_at,
        u1_0.version,
        u1_0.withdrawal_requested_at 
    from
        users u1_0 
    where
        u1_0.id=?
2026-08-21T20:59:40.491+09:00 TRACE 3764 --- [Pokade] [nio-8080-exec-9] org.hibernate.orm.jdbc.bind              : binding parameter (1:BIGINT) <- [3]
2026-08-21T20:59:40.491+09:00 TRACE 3764 --- [Pokade] [nio-8080-exec-1] org.hibernate.orm.jdbc.bind              : binding parameter (1:BIGINT) <- [3]
2026-08-21T20:59:40.552+09:00 DEBUG 3764 --- [Pokade] [io-8080-exec-10] org.hibernate.SQL                        : 
    select
        n1_0.id,
        n1_0.card_id,
        n1_0.created_at,
        n1_0.is_read,
        n1_0.message,
        n1_0.type,
        n1_0.user_id 
    from
        notifications n1_0 
    where
        n1_0.user_id=? 
    order by
        n1_0.created_at desc 
    fetch
        first ? rows only
Hibernate: 
    select
        n1_0.id,
        n1_0.card_id,
        n1_0.created_at,
        n1_0.is_read,
        n1_0.message,
        n1_0.type,
        n1_0.user_id 
    from
        notifications n1_0 
    where
        n1_0.user_id=? 
    order by
        n1_0.created_at desc 
    fetch
        first ? rows only
2026-08-21T20:59:40.553+09:00 TRACE 3764 --- [Pokade] [io-8080-exec-10] org.hibernate.orm.jdbc.bind              : binding parameter (1:BIGINT) <- [3]
2026-08-21T20:59:40.553+09:00 TRACE 3764 --- [Pokade] [io-8080-exec-10] org.hibernate.orm.jdbc.bind              : binding parameter (2:INTEGER) <- [20]
2026-08-21T20:59:40.564+09:00 DEBUG 3764 --- [Pokade] [nio-8080-exec-6] org.hibernate.SQL                        : 
    select
        n1_0.id,
        n1_0.card_id,
        n1_0.created_at,
        n1_0.is_read,
        n1_0.message,
        n1_0.type,
        n1_0.user_id 
    from
        notifications n1_0 
    where
        n1_0.user_id=? 
    order by
        n1_0.created_at desc 
    fetch
        first ? rows only
Hibernate: 
    select
        n1_0.id,
        n1_0.card_id,
        n1_0.created_at,
        n1_0.is_read,
        n1_0.message,
        n1_0.type,
        n1_0.user_id 
    from
        notifications n1_0 
    where
        n1_0.user_id=? 
    order by
        n1_0.created_at desc 
    fetch
        first ? rows only
2026-08-21T20:59:40.564+09:00 TRACE 3764 --- [Pokade] [nio-8080-exec-6] org.hibernate.orm.jdbc.bind              : binding parameter (1:BIGINT) <- [3]
2026-08-21T20:59:40.564+09:00 TRACE 3764 --- [Pokade] [nio-8080-exec-6] org.hibernate.orm.jdbc.bind              : binding parameter (2:INTEGER) <- [20]
2026-08-21T20:59:47.366+09:00 DEBUG 3764 --- [Pokade] [l-1:housekeeper] com.zaxxer.hikari.pool.HikariPool        : HikariPool-1 - keepalive: connection org.postgresql.jdbc.PgConnection@431d16c8 is alive
2026-08-21T20:59:51.511+09:00 DEBUG 3764 --- [Pokade] [l-1:housekeeper] com.zaxxer.hikari.pool.HikariPool        : HikariPool-1 - keepalive: connection org.postgresql.jdbc.PgConnection@59f9374d is alive
2026-08-21T21:00:00.010+09:00 DEBUG 3764 --- [Pokade] [   scheduling-1] org.hibernate.SQL                        : 
    select
        w1_0.id,
        w1_0.card_id,
        w1_0.created_at,
        w1_0.is_notified,
        w1_0.listing_notified,
        w1_0.target_buy_price,
        w1_0.target_sell_price,
        w1_0.user_id,
        w1_0.variant_id 
    from
        watchlist w1_0 
    where
        w1_0.listing_notified=true
Hibernate: 
    select
        w1_0.id,
        w1_0.card_id,
        w1_0.created_at,
        w1_0.is_notified,
        w1_0.listing_notified,
        w1_0.target_buy_price,
        w1_0.target_sell_price,
        w1_0.user_id,
        w1_0.variant_id 
    from
        watchlist w1_0 
    where
        w1_0.listing_notified=true
2026-08-21T21:00:10.140+09:00 DEBUG 3764 --- [Pokade] [l-1:housekeeper] com.zaxxer.hikari.pool.HikariPool        : HikariPool-1 - Pool stats (total=10/10, idle=10/10, active=0, waiting=0)
2026-08-21T21:00:10.140+09:00 DEBUG 3764 --- [Pokade] [l-1:housekeeper] com.zaxxer.hikari.pool.HikariPool        : HikariPool-1 - Fill pool skipped, pool has sufficient level or currently being filled.
2026-08-21T21:00:11.480+09:00 DEBUG 3764 --- [Pokade] [nio-8080-exec-8] org.hibernate.SQL                        : 
    select
        n1_0.id,
        n1_0.card_id,
        n1_0.created_at,
        n1_0.is_read,
        n1_0.message,
        n1_0.type,
        n1_0.user_id 
    from
        notifications n1_0 
    where
        n1_0.user_id=? 
    order by
        n1_0.created_at desc 
    fetch
        first ? rows only
Hibernate: 
    select
        n1_0.id,
        n1_0.card_id,
        n1_0.created_at,
        n1_0.is_read,
        n1_0.message,
        n1_0.type,
        n1_0.user_id 
    from
        notifications n1_0 
    where
        n1_0.user_id=? 
    order by
        n1_0.created_at desc 
    fetch
        first ? rows only
2026-08-21T21:00:11.481+09:00 TRACE 3764 --- [Pokade] [nio-8080-exec-8] org.hibernate.orm.jdbc.bind              : binding parameter (1:BIGINT) <- [3]
2026-08-21T21:00:11.481+09:00 TRACE 3764 --- [Pokade] [nio-8080-exec-8] org.hibernate.orm.jdbc.bind              : binding parameter (2:INTEGER) <- [20]
2026-08-21T21:00:11.490+09:00 DEBUG 3764 --- [Pokade] [nio-8080-exec-4] org.hibernate.SQL                        : 
    select
        n1_0.id,
        n1_0.card_id,
        n1_0.created_at,
        n1_0.is_read,
        n1_0.message,
        n1_0.type,
        n1_0.user_id 
    from
        notifications n1_0 
    where
        n1_0.user_id=? 
    order by
        n1_0.created_at desc 
    fetch
        first ? rows only
Hibernate: 
    select
        n1_0.id,
        n1_0.card_id,
        n1_0.created_at,
        n1_0.is_read,
        n1_0.message,
        n1_0.type,
        n1_0.user_id 
    from
        notifications n1_0 
    where
        n1_0.user_id=? 
    order by
        n1_0.created_at desc 
    fetch
        first ? rows only
2026-08-21T21:00:11.490+09:00 TRACE 3764 --- [Pokade] [nio-8080-exec-4] org.hibernate.orm.jdbc.bind              : binding parameter (1:BIGINT) <- [3]
2026-08-21T21:00:11.490+09:00 TRACE 3764 --- [Pokade] [nio-8080-exec-4] org.hibernate.orm.jdbc.bind              : binding parameter (2:INTEGER) <- [20]
2026-08-21T21:00:32.354+09:00 DEBUG 3764 --- [Pokade] [l-1:housekeeper] com.zaxxer.hikari.pool.HikariPool        : HikariPool-1 - keepalive: connection org.postgresql.jdbc.PgConnection@2925257d is alive
2026-08-21T21:00:34.265+09:00 DEBUG 3764 --- [Pokade] [l-1:housekeeper] com.zaxxer.hikari.pool.HikariPool        : HikariPool-1 - keepalive: connection org.postgresql.jdbc.PgConnection@58521ebb is alive
2026-08-21T21:00:40.149+09:00 DEBUG 3764 --- [Pokade] [l-1:housekeeper] com.zaxxer.hikari.pool.HikariPool        : HikariPool-1 - Pool stats (total=10/10, idle=10/10, active=0, waiting=0)
2026-08-21T21:00:40.149+09:00 DEBUG 3764 --- [Pokade] [l-1:housekeeper] com.zaxxer.hikari.pool.HikariPool        : HikariPool-1 - Fill pool skipped, pool has sufficient level or currently being filled.
2026-08-21T21:00:41.466+09:00 DEBUG 3764 --- [Pokade] [nio-8080-exec-1] org.hibernate.SQL                        : 
    select
        n1_0.id,
        n1_0.card_id,
        n1_0.created_at,
        n1_0.is_read,
        n1_0.message,
        n1_0.type,
        n1_0.user_id 
    from
        notifications n1_0 
    where
        n1_0.user_id=? 
    order by
        n1_0.created_at desc 
    fetch
        first ? rows only
Hibernate: 
    select
        n1_0.id,
        n1_0.card_id,
        n1_0.created_at,
        n1_0.is_read,
        n1_0.message,
        n1_0.type,
        n1_0.user_id 
    from
        notifications n1_0 
    where
        n1_0.user_id=? 
    order by
        n1_0.created_at desc 
    fetch
        first ? rows only
2026-08-21T21:00:41.466+09:00 TRACE 3764 --- [Pokade] [nio-8080-exec-1] org.hibernate.orm.jdbc.bind              : binding parameter (1:BIGINT) <- [3]
2026-08-21T21:00:41.466+09:00 TRACE 3764 --- [Pokade] [nio-8080-exec-1] org.hibernate.orm.jdbc.bind              : binding parameter (2:INTEGER) <- [20]
2026-08-21T21:00:41.475+09:00 DEBUG 3764 --- [Pokade] [io-8080-exec-10] org.hibernate.SQL                        : 
    select
        n1_0.id,
        n1_0.card_id,
        n1_0.created_at,
        n1_0.is_read,
        n1_0.message,
        n1_0.type,
        n1_0.user_id 
    from
        notifications n1_0 
    where
        n1_0.user_id=? 
    order by
        n1_0.created_at desc 
    fetch
        first ? rows only
Hibernate: 
    select
        n1_0.id,
        n1_0.card_id,
        n1_0.created_at,
        n1_0.is_read,
        n1_0.message,
        n1_0.type,
        n1_0.user_id 
    from
        notifications n1_0 
    where
        n1_0.user_id=? 
    order by
        n1_0.created_at desc 
    fetch
        first ? rows only
2026-08-21T21:00:41.475+09:00 TRACE 3764 --- [Pokade] [io-8080-exec-10] org.hibernate.orm.jdbc.bind              : binding parameter (1:BIGINT) <- [3]
2026-08-21T21:00:41.475+09:00 TRACE 3764 --- [Pokade] [io-8080-exec-10] org.hibernate.orm.jdbc.bind              : binding parameter (2:INTEGER) <- [20]
2026-08-21T21:00:42.078+09:00 DEBUG 3764 --- [Pokade] [l-1:housekeeper] com.zaxxer.hikari.pool.HikariPool        : HikariPool-1 - keepalive: connection org.postgresql.jdbc.PgConnection@497ba549 is alive
2026-08-21T21:00:47.172+09:00 DEBUG 3764 --- [Pokade] [l-1:housekeeper] com.zaxxer.hikari.pool.HikariPool        : HikariPool-1 - keepalive: connection org.postgresql.jdbc.PgConnection@12bf0668 is alive
2026-08-21T21:01:02.281+09:00 DEBUG 3764 --- [Pokade] [l-1:housekeeper] com.zaxxer.hikari.pool.HikariPool        : HikariPool-1 - keepalive: connection org.postgresql.jdbc.PgConnection@1c18adf6 is alive
2026-08-21T21:01:05.024+09:00 DEBUG 3764 --- [Pokade] [l-1:housekeeper] com.zaxxer.hikari.pool.HikariPool        : HikariPool-1 - keepalive: connection org.postgresql.jdbc.PgConnection@62c6ad9c is alive
2026-08-21T21:01:06.197+09:00 DEBUG 3764 --- [Pokade] [l-1:housekeeper] com.zaxxer.hikari.pool.HikariPool        : HikariPool-1 - keepalive: connection org.postgresql.jdbc.PgConnection@79e303eb is alive
2026-08-21T21:01:10.153+09:00 DEBUG 3764 --- [Pokade] [l-1:housekeeper] com.zaxxer.hikari.pool.HikariPool        : HikariPool-1 - Pool stats (total=10/10, idle=10/10, active=0, waiting=0)
2026-08-21T21:01:10.153+09:00 DEBUG 3764 --- [Pokade] [l-1:housekeeper] com.zaxxer.hikari.pool.HikariPool        : HikariPool-1 - Fill pool skipped, pool has sufficient level or currently being filled.
2026-08-21T21:01:11.472+09:00 DEBUG 3764 --- [Pokade] [nio-8080-exec-2] org.hibernate.SQL                        : 
    select
        n1_0.id,
        n1_0.card_id,
        n1_0.created_at,
        n1_0.is_read,
        n1_0.message,
        n1_0.type,
        n1_0.user_id 
    from
        notifications n1_0 
    where
        n1_0.user_id=? 
    order by
        n1_0.created_at desc 
    fetch
        first ? rows only
Hibernate: 
    select
        n1_0.id,
        n1_0.card_id,
        n1_0.created_at,
        n1_0.is_read,
        n1_0.message,
        n1_0.type,
        n1_0.user_id 
    from
        notifications n1_0 
    where
        n1_0.user_id=? 
    order by
        n1_0.created_at desc 
    fetch
        first ? rows only
2026-08-21T21:01:11.472+09:00 TRACE 3764 --- [Pokade] [nio-8080-exec-2] org.hibernate.orm.jdbc.bind              : binding parameter (1:BIGINT) <- [3]
2026-08-21T21:01:11.472+09:00 TRACE 3764 --- [Pokade] [nio-8080-exec-2] org.hibernate.orm.jdbc.bind              : binding parameter (2:INTEGER) <- [20]
2026-08-21T21:01:11.480+09:00 DEBUG 3764 --- [Pokade] [nio-8080-exec-8] org.hibernate.SQL                        : 
    select
        n1_0.id,
        n1_0.card_id,
        n1_0.created_at,
        n1_0.is_read,
        n1_0.message,
        n1_0.type,
        n1_0.user_id 
    from
        notifications n1_0 
    where
        n1_0.user_id=? 
    order by
        n1_0.created_at desc 
    fetch
        first ? rows only
Hibernate: 
    select
        n1_0.id,
        n1_0.card_id,
        n1_0.created_at,
        n1_0.is_read,
        n1_0.message,
        n1_0.type,
        n1_0.user_id 
    from
        notifications n1_0 
    where
        n1_0.user_id=? 
    order by
        n1_0.created_at desc 
    fetch
        first ? rows only
2026-08-21T21:01:11.480+09:00 TRACE 3764 --- [Pokade] [nio-8080-exec-8] org.hibernate.orm.jdbc.bind              : binding parameter (1:BIGINT) <- [3]
2026-08-21T21:01:11.480+09:00 TRACE 3764 --- [Pokade] [nio-8080-exec-8] org.hibernate.orm.jdbc.bind              : binding parameter (2:INTEGER) <- [20]
2026-08-21T21:01:14.351+09:00 DEBUG 3764 --- [Pokade] [l-1:housekeeper] com.zaxxer.hikari.pool.HikariPool        : HikariPool-1 - keepalive: connection org.postgresql.jdbc.PgConnection@794f10fa is alive
2026-08-21T21:01:27.121+09:00 DEBUG 3764 --- [Pokade] [l-1:housekeeper] com.zaxxer.hikari.pool.HikariPool        : HikariPool-1 - keepalive: connection org.postgresql.jdbc.PgConnection@431d16c8 is alive
2026-08-21T21:01:40.115+09:00 DEBUG 3764 --- [Pokade] [l-1:housekeeper] com.zaxxer.hikari.pool.HikariPool        : HikariPool-1 - keepalive: connection org.postgresql.jdbc.PgConnection@59f9374d is alive
2026-08-21T21:01:40.159+09:00 DEBUG 3764 --- [Pokade] [l-1:housekeeper] com.zaxxer.hikari.pool.HikariPool        : HikariPool-1 - Pool stats (total=10/10, idle=10/10, active=0, waiting=0)
2026-08-21T21:01:40.159+09:00 DEBUG 3764 --- [Pokade] [l-1:housekeeper] com.zaxxer.hikari.pool.HikariPool        : HikariPool-1 - Fill pool skipped, pool has sufficient level or currently being filled.
2026-08-21T21:01:41.473+09:00 DEBUG 3764 --- [Pokade] [nio-8080-exec-3] org.hibernate.SQL                        : 
    select
        n1_0.id,
        n1_0.card_id,
        n1_0.created_at,
        n1_0.is_read,
        n1_0.message,
        n1_0.type,
        n1_0.user_id 
    from
        notifications n1_0 
    where
        n1_0.user_id=? 
    order by
        n1_0.created_at desc 
    fetch
        first ? rows only
Hibernate: 
    select
        n1_0.id,
        n1_0.card_id,
        n1_0.created_at,
        n1_0.is_read,
        n1_0.message,
        n1_0.type,
        n1_0.user_id 
    from
        notifications n1_0 
    where
        n1_0.user_id=? 
    order by
        n1_0.created_at desc 
    fetch
        first ? rows only
2026-08-21T21:01:41.473+09:00 TRACE 3764 --- [Pokade] [nio-8080-exec-3] org.hibernate.orm.jdbc.bind              : binding parameter (1:BIGINT) <- [3]
2026-08-21T21:01:41.473+09:00 TRACE 3764 --- [Pokade] [nio-8080-exec-3] org.hibernate.orm.jdbc.bind              : binding parameter (2:INTEGER) <- [20]
2026-08-21T21:01:41.486+09:00 DEBUG 3764 --- [Pokade] [nio-8080-exec-9] org.hibernate.SQL                        : 
    select
        n1_0.id,
        n1_0.card_id,
        n1_0.created_at,
        n1_0.is_read,
        n1_0.message,
        n1_0.type,
        n1_0.user_id 
    from
        notifications n1_0 
    where
        n1_0.user_id=? 
    order by
        n1_0.created_at desc 
    fetch
        first ? rows only
Hibernate: 
    select
        n1_0.id,
        n1_0.card_id,
        n1_0.created_at,
        n1_0.is_read,
        n1_0.message,
        n1_0.type,
        n1_0.user_id 
    from
        notifications n1_0 
    where
        n1_0.user_id=? 
    order by
        n1_0.created_at desc 
    fetch
        first ? rows only
2026-08-21T21:01:41.486+09:00 TRACE 3764 --- [Pokade] [nio-8080-exec-9] org.hibernate.orm.jdbc.bind              : binding parameter (1:BIGINT) <- [3]
2026-08-21T21:01:41.486+09:00 TRACE 3764 --- [Pokade] [nio-8080-exec-9] org.hibernate.orm.jdbc.bind              : binding parameter (2:INTEGER) <- [20]
2026-08-21T21:02:10.165+09:00 DEBUG 3764 --- [Pokade] [l-1:housekeeper] com.zaxxer.hikari.pool.HikariPool        : HikariPool-1 - Pool stats (total=10/10, idle=10/10, active=0, waiting=0)
2026-08-21T21:02:10.165+09:00 DEBUG 3764 --- [Pokade] [l-1:housekeeper] com.zaxxer.hikari.pool.HikariPool        : HikariPool-1 - Fill pool skipped, pool has sufficient level or currently being filled.
2026-08-21T21:02:10.460+09:00 DEBUG 3764 --- [Pokade] [l-1:housekeeper] com.zaxxer.hikari.pool.HikariPool        : HikariPool-1 - keepalive: connection org.postgresql.jdbc.PgConnection@58521ebb is alive
2026-08-21T21:02:11.469+09:00 DEBUG 3764 --- [Pokade] [nio-8080-exec-6] org.hibernate.SQL                        : 
    select
        n1_0.id,
        n1_0.card_id,
        n1_0.created_at,
        n1_0.is_read,
        n1_0.message,
        n1_0.type,
        n1_0.user_id 
    from
        notifications n1_0 
    where
        n1_0.user_id=? 
    order by
        n1_0.created_at desc 
    fetch
        first ? rows only
Hibernate: 
    select
        n1_0.id,
        n1_0.card_id,
        n1_0.created_at,
        n1_0.is_read,
        n1_0.message,
        n1_0.type,
        n1_0.user_id 
    from
        notifications n1_0 
    where
        n1_0.user_id=? 
    order by
        n1_0.created_at desc 
    fetch
        first ? rows only
2026-08-21T21:02:11.469+09:00 TRACE 3764 --- [Pokade] [nio-8080-exec-6] org.hibernate.orm.jdbc.bind              : binding parameter (1:BIGINT) <- [3]
2026-08-21T21:02:11.469+09:00 TRACE 3764 --- [Pokade] [nio-8080-exec-6] org.hibernate.orm.jdbc.bind              : binding parameter (2:INTEGER) <- [20]
2026-08-21T21:02:11.479+09:00 DEBUG 3764 --- [Pokade] [nio-8080-exec-5] org.hibernate.SQL                        : 
    select
        n1_0.id,
        n1_0.card_id,
        n1_0.created_at,
        n1_0.is_read,
        n1_0.message,
        n1_0.type,
        n1_0.user_id 
    from
        notifications n1_0 
    where
        n1_0.user_id=? 
    order by
        n1_0.created_at desc 
    fetch
        first ? rows only
Hibernate: 
    select
        n1_0.id,
        n1_0.card_id,
        n1_0.created_at,
        n1_0.is_read,
        n1_0.message,
        n1_0.type,
        n1_0.user_id 
    from
        notifications n1_0 
    where
        n1_0.user_id=? 
    order by
        n1_0.created_at desc 
    fetch
        first ? rows only
2026-08-21T21:02:11.479+09:00 TRACE 3764 --- [Pokade] [nio-8080-exec-5] org.hibernate.orm.jdbc.bind              : binding parameter (1:BIGINT) <- [3]
2026-08-21T21:02:11.480+09:00 TRACE 3764 --- [Pokade] [nio-8080-exec-5] org.hibernate.orm.jdbc.bind              : binding parameter (2:INTEGER) <- [20]
2026-08-21T21:02:18.344+09:00 DEBUG 3764 --- [Pokade] [l-1:housekeeper] com.zaxxer.hikari.pool.HikariPool        : HikariPool-1 - keepalive: connection org.postgresql.jdbc.PgConnection@2925257d is alive
2026-08-21T21:02:19.831+09:00 DEBUG 3764 --- [Pokade] [l-1:housekeeper] com.zaxxer.hikari.pool.HikariPool        : HikariPool-1 - keepalive: connection org.postgresql.jdbc.PgConnection@497ba549 is alive
2026-08-21T21:02:40.171+09:00 DEBUG 3764 --- [Pokade] [l-1:housekeeper] com.zaxxer.hikari.pool.HikariPool        : HikariPool-1 - Pool stats (total=10/10, idle=10/10, active=0, waiting=0)
2026-08-21T21:02:40.171+09:00 DEBUG 3764 --- [Pokade] [l-1:housekeeper] com.zaxxer.hikari.pool.HikariPool        : HikariPool-1 - Fill pool skipped, pool has sufficient level or currently being filled.
2026-08-21T21:02:41.473+09:00 DEBUG 3764 --- [Pokade] [nio-8080-exec-4] org.hibernate.SQL                        : 
    select
        n1_0.id,
        n1_0.card_id,
        n1_0.created_at,
        n1_0.is_read,
        n1_0.message,
        n1_0.type,
        n1_0.user_id 
    from
        notifications n1_0 
    where
        n1_0.user_id=? 
    order by
        n1_0.created_at desc 
    fetch
        first ? rows only
Hibernate: 
    select
        n1_0.id,
        n1_0.card_id,
        n1_0.created_at,
        n1_0.is_read,
        n1_0.message,
        n1_0.type,
        n1_0.user_id 
    from
        notifications n1_0 
    where
        n1_0.user_id=? 
    order by
        n1_0.created_at desc 
    fetch
        first ? rows only
2026-08-21T21:02:41.473+09:00 TRACE 3764 --- [Pokade] [nio-8080-exec-4] org.hibernate.orm.jdbc.bind              : binding parameter (1:BIGINT) <- [3]
2026-08-21T21:02:41.474+09:00 TRACE 3764 --- [Pokade] [nio-8080-exec-4] org.hibernate.orm.jdbc.bind              : binding parameter (2:INTEGER) <- [20]
2026-08-21T21:02:41.483+09:00 DEBUG 3764 --- [Pokade] [nio-8080-exec-7] org.hibernate.SQL                        : 
    select
        n1_0.id,
        n1_0.card_id,
        n1_0.created_at,
        n1_0.is_read,
        n1_0.message,
        n1_0.type,
        n1_0.user_id 
    from
        notifications n1_0 
    where
        n1_0.user_id=? 
    order by
        n1_0.created_at desc 
    fetch
        first ? rows only
Hibernate: 
    select
        n1_0.id,
        n1_0.card_id,
        n1_0.created_at,
        n1_0.is_read,
        n1_0.message,
        n1_0.type,
        n1_0.user_id 
    from
        notifications n1_0 
    where
        n1_0.user_id=? 
    order by
        n1_0.created_at desc 
    fetch
        first ? rows only
2026-08-21T21:02:41.483+09:00 TRACE 3764 --- [Pokade] [nio-8080-exec-7] org.hibernate.orm.jdbc.bind              : binding parameter (1:BIGINT) <- [3]
2026-08-21T21:02:41.483+09:00 TRACE 3764 --- [Pokade] [nio-8080-exec-7] org.hibernate.orm.jdbc.bind              : binding parameter (2:INTEGER) <- [20]
2026-08-21T21:02:44.241+09:00 DEBUG 3764 --- [Pokade] [l-1:housekeeper] com.zaxxer.hikari.pool.HikariPool        : HikariPool-1 - keepalive: connection org.postgresql.jdbc.PgConnection@62c6ad9c is alive
2026-08-21T21:02:45.344+09:00 DEBUG 3764 --- [Pokade] [l-1:housekeeper] com.zaxxer.hikari.pool.HikariPool        : HikariPool-1 - keepalive: connection org.postgresql.jdbc.PgConnection@12bf0668 is alive
2026-08-21T21:02:58.416+09:00 DEBUG 3764 --- [Pokade] [l-1:housekeeper] com.zaxxer.hikari.pool.HikariPool        : HikariPool-1 - keepalive: connection org.postgresql.jdbc.PgConnection@1c18adf6 is alive
2026-08-21T21:03:00.695+09:00 DEBUG 3764 --- [Pokade] [l-1:housekeeper] com.zaxxer.hikari.pool.HikariPool        : HikariPool-1 - keepalive: connection org.postgresql.jdbc.PgConnection@79e303eb is alive
2026-08-21T21:03:06.887+09:00 DEBUG 3764 --- [Pokade] [l-1:housekeeper] com.zaxxer.hikari.pool.HikariPool        : HikariPool-1 - keepalive: connection org.postgresql.jdbc.PgConnection@431d16c8 is alive
2026-08-21T21:03:10.186+09:00 DEBUG 3764 --- [Pokade] [l-1:housekeeper] com.zaxxer.hikari.pool.HikariPool        : HikariPool-1 - Pool stats (total=10/10, idle=10/10, active=0, waiting=0)
2026-08-21T21:03:10.186+09:00 DEBUG 3764 --- [Pokade] [l-1:housekeeper] com.zaxxer.hikari.pool.HikariPool        : HikariPool-1 - Fill pool skipped, pool has sufficient level or currently being filled.
2026-08-21T21:03:13.634+09:00 DEBUG 3764 --- [Pokade] [l-1:housekeeper] com.zaxxer.hikari.pool.HikariPool        : HikariPool-1 - keepalive: connection org.postgresql.jdbc.PgConnection@794f10fa is alive
2026-08-21T21:03:28.728+09:00 DEBUG 3764 --- [Pokade] [l-1:housekeeper] com.zaxxer.hikari.pool.HikariPool        : HikariPool-1 - keepalive: connection org.postgresql.jdbc.PgConnection@59f9374d is alive
2026-08-21T21:03:40.197+09:00 DEBUG 3764 --- [Pokade] [l-1:housekeeper] com.zaxxer.hikari.pool.HikariPool        : HikariPool-1 - Pool stats (total=10/10, idle=10/10, active=0, waiting=0)
2026-08-21T21:03:40.197+09:00 DEBUG 3764 --- [Pokade] [l-1:housekeeper] com.zaxxer.hikari.pool.HikariPool        : HikariPool-1 - Fill pool skipped, pool has sufficient level or currently being filled.
2026-08-21T21:03:41.471+09:00 DEBUG 3764 --- [Pokade] [nio-8080-exec-1] org.hibernate.SQL                        : 
    select
        n1_0.id,
        n1_0.card_id,
        n1_0.created_at,
        n1_0.is_read,
        n1_0.message,
        n1_0.type,
        n1_0.user_id 
    from
        notifications n1_0 
    where
        n1_0.user_id=? 
    order by
        n1_0.created_at desc 
    fetch
        first ? rows only
Hibernate: 
    select
        n1_0.id,
        n1_0.card_id,
        n1_0.created_at,
        n1_0.is_read,
        n1_0.message,
        n1_0.type,
        n1_0.user_id 
    from
        notifications n1_0 
    where
        n1_0.user_id=? 
    order by
        n1_0.created_at desc 
    fetch
        first ? rows only
2026-08-21T21:03:41.471+09:00 TRACE 3764 --- [Pokade] [nio-8080-exec-1] org.hibernate.orm.jdbc.bind              : binding parameter (1:BIGINT) <- [3]
2026-08-21T21:03:41.471+09:00 TRACE 3764 --- [Pokade] [nio-8080-exec-1] org.hibernate.orm.jdbc.bind              : binding parameter (2:INTEGER) <- [20]
2026-08-21T21:03:41.481+09:00 DEBUG 3764 --- [Pokade] [io-8080-exec-10] org.hibernate.SQL                        : 
    select
        n1_0.id,
        n1_0.card_id,
        n1_0.created_at,
        n1_0.is_read,
        n1_0.message,
        n1_0.type,
        n1_0.user_id 
    from
        notifications n1_0 
    where
        n1_0.user_id=? 
    order by
        n1_0.created_at desc 
    fetch
        first ? rows only
Hibernate: 
    select
        n1_0.id,
        n1_0.card_id,
        n1_0.created_at,
        n1_0.is_read,
        n1_0.message,
        n1_0.type,
        n1_0.user_id 
    from
        notifications n1_0 
    where
        n1_0.user_id=? 
    order by
        n1_0.created_at desc 
    fetch
        first ? rows only
2026-08-21T21:03:41.481+09:00 TRACE 3764 --- [Pokade] [io-8080-exec-10] org.hibernate.orm.jdbc.bind              : binding parameter (1:BIGINT) <- [3]
2026-08-21T21:03:41.481+09:00 TRACE 3764 --- [Pokade] [io-8080-exec-10] org.hibernate.orm.jdbc.bind              : binding parameter (2:INTEGER) <- [20]
2026-08-21T21:03:46.659+09:00 DEBUG 3764 --- [Pokade] [l-1:housekeeper] com.zaxxer.hikari.pool.HikariPool        : HikariPool-1 - keepalive: connection org.postgresql.jdbc.PgConnection@58521ebb is alive
2026-08-21T21:03:57.595+09:00 DEBUG 3764 --- [Pokade] [l-1:housekeeper] com.zaxxer.hikari.pool.HikariPool        : HikariPool-1 - keepalive: connection org.postgresql.jdbc.PgConnection@497ba549 is alive
2026-08-21T21:04:04.335+09:00 DEBUG 3764 --- [Pokade] [l-1:housekeeper] com.zaxxer.hikari.pool.HikariPool        : HikariPool-1 - keepalive: connection org.postgresql.jdbc.PgConnection@2925257d is alive
2026-08-21T21:04:10.202+09:00 DEBUG 3764 --- [Pokade] [l-1:housekeeper] com.zaxxer.hikari.pool.HikariPool        : HikariPool-1 - Pool stats (total=10/10, idle=10/10, active=0, waiting=0)
2026-08-21T21:04:10.202+09:00 DEBUG 3764 --- [Pokade] [l-1:housekeeper] com.zaxxer.hikari.pool.HikariPool        : HikariPool-1 - Fill pool skipped, pool has sufficient level or currently being filled.
2026-08-21T21:04:23.456+09:00 DEBUG 3764 --- [Pokade] [l-1:housekeeper] com.zaxxer.hikari.pool.HikariPool        : HikariPool-1 - keepalive: connection org.postgresql.jdbc.PgConnection@62c6ad9c is alive
2026-08-21T21:04:40.204+09:00 DEBUG 3764 --- [Pokade] [l-1:housekeeper] com.zaxxer.hikari.pool.HikariPool        : HikariPool-1 - Pool stats (total=10/10, idle=10/10, active=0, waiting=0)
2026-08-21T21:04:40.204+09:00 DEBUG 3764 --- [Pokade] [l-1:housekeeper] com.zaxxer.hikari.pool.HikariPool        : HikariPool-1 - Fill pool skipped, pool has sufficient level or currently being filled.
2026-08-21T21:04:41.470+09:00  INFO 3764 --- [Pokade] [nio-8080-exec-4] c.p.d.n.store.SseEmitterStore            : [SSE] Emitter 등록 userId=3, 현재 연결 수=1
2026-08-21T21:04:41.471+09:00 DEBUG 3764 --- [Pokade] [nio-8080-exec-7] org.hibernate.SQL                        : 
    select
        n1_0.id,
        n1_0.card_id,
        n1_0.created_at,
        n1_0.is_read,
        n1_0.message,
        n1_0.type,
        n1_0.user_id 
    from
        notifications n1_0 
    where
        n1_0.user_id=? 
    order by
        n1_0.created_at desc 
    fetch
        first ? rows only
Hibernate: 
    select
        n1_0.id,
        n1_0.card_id,
        n1_0.created_at,
        n1_0.is_read,
        n1_0.message,
        n1_0.type,
        n1_0.user_id 
    from
        notifications n1_0 
    where
        n1_0.user_id=? 
    order by
        n1_0.created_at desc 
    fetch
        first ? rows only
2026-08-21T21:04:41.471+09:00 TRACE 3764 --- [Pokade] [nio-8080-exec-7] org.hibernate.orm.jdbc.bind              : binding parameter (1:BIGINT) <- [3]
2026-08-21T21:04:41.471+09:00 TRACE 3764 --- [Pokade] [nio-8080-exec-7] org.hibernate.orm.jdbc.bind              : binding parameter (2:INTEGER) <- [20]
2026-08-21T21:04:41.476+09:00  INFO 3764 --- [Pokade] [nio-8080-exec-3] c.p.d.n.store.SseEmitterStore            : [SSE] Emitter 등록 userId=3, 현재 연결 수=2
2026-08-21T21:04:41.480+09:00 DEBUG 3764 --- [Pokade] [nio-8080-exec-9] org.hibernate.SQL                        : 
    select
        n1_0.id,
        n1_0.card_id,
        n1_0.created_at,
        n1_0.is_read,
        n1_0.message,
        n1_0.type,
        n1_0.user_id 
    from
        notifications n1_0 
    where
        n1_0.user_id=? 
    order by
        n1_0.created_at desc 
    fetch
        first ? rows only
Hibernate: 
    select
        n1_0.id,
        n1_0.card_id,
        n1_0.created_at,
        n1_0.is_read,
        n1_0.message,
        n1_0.type,
        n1_0.user_id 
    from
        notifications n1_0 
    where
        n1_0.user_id=? 
    order by
        n1_0.created_at desc 
    fetch
        first ? rows only
2026-08-21T21:04:41.480+09:00 TRACE 3764 --- [Pokade] [nio-8080-exec-9] org.hibernate.orm.jdbc.bind              : binding parameter (1:BIGINT) <- [3]
2026-08-21T21:04:41.480+09:00 TRACE 3764 --- [Pokade] [nio-8080-exec-9] org.hibernate.orm.jdbc.bind              : binding parameter (2:INTEGER) <- [20]
2026-08-21T21:04:43.516+09:00 DEBUG 3764 --- [Pokade] [l-1:housekeeper] com.zaxxer.hikari.pool.HikariPool        : HikariPool-1 - keepalive: connection org.postgresql.jdbc.PgConnection@12bf0668 is alive
2026-08-21T21:04:46.647+09:00 DEBUG 3764 --- [Pokade] [l-1:housekeeper] com.zaxxer.hikari.pool.HikariPool        : HikariPool-1 - keepalive: connection org.postgresql.jdbc.PgConnection@431d16c8 is alive
2026-08-21T21:04:54.553+09:00 DEBUG 3764 --- [Pokade] [l-1:housekeeper] com.zaxxer.hikari.pool.HikariPool        : HikariPool-1 - keepalive: connection org.postgresql.jdbc.PgConnection@1c18adf6 is alive
2026-08-21T21:04:55.190+09:00 DEBUG 3764 --- [Pokade] [l-1:housekeeper] com.zaxxer.hikari.pool.HikariPool        : HikariPool-1 - keepalive: connection org.postgresql.jdbc.PgConnection@79e303eb is alive
2026-08-21T21:05:10.216+09:00 DEBUG 3764 --- [Pokade] [l-1:housekeeper] com.zaxxer.hikari.pool.HikariPool        : HikariPool-1 - Pool stats (total=10/10, idle=10/10, active=0, waiting=0)
2026-08-21T21:05:10.216+09:00 DEBUG 3764 --- [Pokade] [l-1:housekeeper] com.zaxxer.hikari.pool.HikariPool        : HikariPool-1 - Fill pool skipped, pool has sufficient level or currently being filled.
2026-08-21T21:05:12.921+09:00 DEBUG 3764 --- [Pokade] [l-1:housekeeper] com.zaxxer.hikari.pool.HikariPool        : HikariPool-1 - keepalive: connection org.postgresql.jdbc.PgConnection@794f10fa is alive
2026-08-21T21:05:17.331+09:00 DEBUG 3764 --- [Pokade] [l-1:housekeeper] com.zaxxer.hikari.pool.HikariPool        : HikariPool-1 - keepalive: connection org.postgresql.jdbc.PgConnection@59f9374d is alive
2026-08-21T21:05:22.863+09:00 DEBUG 3764 --- [Pokade] [l-1:housekeeper] com.zaxxer.hikari.pool.HikariPool        : HikariPool-1 - keepalive: connection org.postgresql.jdbc.PgConnection@58521ebb is alive
2026-08-21T21:05:35.356+09:00 DEBUG 3764 --- [Pokade] [l-1:housekeeper] com.zaxxer.hikari.pool.HikariPool        : HikariPool-1 - keepalive: connection org.postgresql.jdbc.PgConnection@497ba549 is alive
2026-08-21T21:05:40.221+09:00 DEBUG 3764 --- [Pokade] [l-1:housekeeper] com.zaxxer.hikari.pool.HikariPool        : HikariPool-1 - Pool stats (total=10/10, idle=10/10, active=0, waiting=0)
2026-08-21T21:05:40.221+09:00 DEBUG 3764 --- [Pokade] [l-1:housekeeper] com.zaxxer.hikari.pool.HikariPool        : HikariPool-1 - Fill pool skipped, pool has sufficient level or currently being filled.
2026-08-21T21:05:50.331+09:00 DEBUG 3764 --- [Pokade] [l-1:housekeeper] com.zaxxer.hikari.pool.HikariPool        : HikariPool-1 - keepalive: connection org.postgresql.jdbc.PgConnection@2925257d is alive
2026-08-21T21:06:02.680+09:00 DEBUG 3764 --- [Pokade] [l-1:housekeeper] com.zaxxer.hikari.pool.HikariPool        : HikariPool-1 - keepalive: connection org.postgresql.jdbc.PgConnection@62c6ad9c is alive
2026-08-21T21:06:10.232+09:00 DEBUG 3764 --- [Pokade] [l-1:housekeeper] com.zaxxer.hikari.pool.HikariPool        : HikariPool-1 - Pool stats (total=10/10, idle=10/10, active=0, waiting=0)
2026-08-21T21:06:10.232+09:00 DEBUG 3764 --- [Pokade] [l-1:housekeeper] com.zaxxer.hikari.pool.HikariPool        : HikariPool-1 - Fill pool skipped, pool has sufficient level or currently being filled.
2026-08-21T21:06:26.406+09:00 DEBUG 3764 --- [Pokade] [l-1:housekeeper] com.zaxxer.hikari.pool.HikariPool        : HikariPool-1 - keepalive: connection org.postgresql.jdbc.PgConnection@431d16c8 is alive
2026-08-21T21:06:40.237+09:00 DEBUG 3764 --- [Pokade] [l-1:housekeeper] com.zaxxer.hikari.pool.HikariPool        : HikariPool-1 - Pool stats (total=10/10, idle=10/10, active=0, waiting=0)
2026-08-21T21:06:40.237+09:00 DEBUG 3764 --- [Pokade] [l-1:housekeeper] com.zaxxer.hikari.pool.HikariPool        : HikariPool-1 - Fill pool skipped, pool has sufficient level or currently being filled.
2026-08-21T21:06:41.694+09:00 DEBUG 3764 --- [Pokade] [l-1:housekeeper] com.zaxxer.hikari.pool.HikariPool        : HikariPool-1 - keepalive: connection org.postgresql.jdbc.PgConnection@12bf0668 is alive
2026-08-21T21:06:49.689+09:00 DEBUG 3764 --- [Pokade] [l-1:housekeeper] com.zaxxer.hikari.pool.HikariPool        : HikariPool-1 - keepalive: connection org.postgresql.jdbc.PgConnection@79e303eb is alive
2026-08-21T21:06:50.690+09:00 DEBUG 3764 --- [Pokade] [l-1:housekeeper] com.zaxxer.hikari.pool.HikariPool        : HikariPool-1 - keepalive: connection org.postgresql.jdbc.PgConnection@1c18adf6 is alive
2026-08-21T21:06:59.066+09:00 DEBUG 3764 --- [Pokade] [l-1:housekeeper] com.zaxxer.hikari.pool.HikariPool        : HikariPool-1 - keepalive: connection org.postgresql.jdbc.PgConnection@58521ebb is alive
2026-08-21T21:07:05.944+09:00 DEBUG 3764 --- [Pokade] [l-1:housekeeper] com.zaxxer.hikari.pool.HikariPool        : HikariPool-1 - keepalive: connection org.postgresql.jdbc.PgConnection@59f9374d is alive
2026-08-21T21:07:10.245+09:00 DEBUG 3764 --- [Pokade] [l-1:housekeeper] com.zaxxer.hikari.pool.HikariPool        : HikariPool-1 - Pool stats (total=10/10, idle=10/10, active=0, waiting=0)
2026-08-21T21:07:10.245+09:00 DEBUG 3764 --- [Pokade] [l-1:housekeeper] com.zaxxer.hikari.pool.HikariPool        : HikariPool-1 - Fill pool skipped, pool has sufficient level or currently being filled.
2026-08-21T21:07:12.207+09:00 DEBUG 3764 --- [Pokade] [l-1:housekeeper] com.zaxxer.hikari.pool.HikariPool        : HikariPool-1 - keepalive: connection org.postgresql.jdbc.PgConnection@794f10fa is alive
2026-08-21T21:07:13.108+09:00 DEBUG 3764 --- [Pokade] [l-1:housekeeper] com.zaxxer.hikari.pool.HikariPool        : HikariPool-1 - keepalive: connection org.postgresql.jdbc.PgConnection@497ba549 is alive
2026-08-21T21:07:36.320+09:00 DEBUG 3764 --- [Pokade] [l-1:housekeeper] com.zaxxer.hikari.pool.HikariPool        : HikariPool-1 - keepalive: connection org.postgresql.jdbc.PgConnection@2925257d is alive
2026-08-21T21:07:40.249+09:00 DEBUG 3764 --- [Pokade] [l-1:housekeeper] com.zaxxer.hikari.pool.HikariPool        : HikariPool-1 - Pool stats (total=10/10, idle=10/10, active=0, waiting=0)
2026-08-21T21:07:40.249+09:00 DEBUG 3764 --- [Pokade] [l-1:housekeeper] com.zaxxer.hikari.pool.HikariPool        : HikariPool-1 - Fill pool skipped, pool has sufficient level or currently being filled.
2026-08-21T21:07:41.902+09:00 DEBUG 3764 --- [Pokade] [l-1:housekeeper] com.zaxxer.hikari.pool.HikariPool        : HikariPool-1 - keepalive: connection org.postgresql.jdbc.PgConnection@62c6ad9c is alive
2026-08-21T21:08:06.171+09:00 DEBUG 3764 --- [Pokade] [l-1:housekeeper] com.zaxxer.hikari.pool.HikariPool        : HikariPool-1 - keepalive: connection org.postgresql.jdbc.PgConnection@431d16c8 is alive
2026-08-21T21:08:10.261+09:00 DEBUG 3764 --- [Pokade] [l-1:housekeeper] com.zaxxer.hikari.pool.HikariPool        : HikariPool-1 - Pool stats (total=10/10, idle=10/10, active=0, waiting=0)
2026-08-21T21:08:10.261+09:00 DEBUG 3764 --- [Pokade] [l-1:housekeeper] com.zaxxer.hikari.pool.HikariPool        : HikariPool-1 - Fill pool skipped, pool has sufficient level or currently being filled.
2026-08-21T21:08:35.268+09:00 DEBUG 3764 --- [Pokade] [l-1:housekeeper] com.zaxxer.hikari.pool.HikariPool        : HikariPool-1 - keepalive: connection org.postgresql.jdbc.PgConnection@58521ebb is alive
2026-08-21T21:08:39.861+09:00 DEBUG 3764 --- [Pokade] [l-1:housekeeper] com.zaxxer.hikari.pool.HikariPool        : HikariPool-1 - keepalive: connection org.postgresql.jdbc.PgConnection@12bf0668 is alive
2026-08-21T21:08:40.264+09:00 DEBUG 3764 --- [Pokade] [l-1:housekeeper] com.zaxxer.hikari.pool.HikariPool        : HikariPool-1 - Pool stats (total=10/10, idle=10/10, active=0, waiting=0)
2026-08-21T21:08:40.264+09:00 DEBUG 3764 --- [Pokade] [l-1:housekeeper] com.zaxxer.hikari.pool.HikariPool        : HikariPool-1 - Fill pool skipped, pool has sufficient level or currently being filled.
2026-08-21T21:08:44.189+09:00 DEBUG 3764 --- [Pokade] [l-1:housekeeper] com.zaxxer.hikari.pool.HikariPool        : HikariPool-1 - keepalive: connection org.postgresql.jdbc.PgConnection@79e303eb is alive
2026-08-21T21:08:46.817+09:00 DEBUG 3764 --- [Pokade] [l-1:housekeeper] com.zaxxer.hikari.pool.HikariPool        : HikariPool-1 - keepalive: connection org.postgresql.jdbc.PgConnection@1c18adf6 is alive
2026-08-21T21:08:50.863+09:00 DEBUG 3764 --- [Pokade] [l-1:housekeeper] com.zaxxer.hikari.pool.HikariPool        : HikariPool-1 - keepalive: connection org.postgresql.jdbc.PgConnection@497ba549 is alive
2026-08-21T21:08:54.546+09:00 DEBUG 3764 --- [Pokade] [l-1:housekeeper] com.zaxxer.hikari.pool.HikariPool        : HikariPool-1 - keepalive: connection org.postgresql.jdbc.PgConnection@59f9374d is alive
2026-08-21T21:09:10.275+09:00 DEBUG 3764 --- [Pokade] [l-1:housekeeper] com.zaxxer.hikari.pool.HikariPool        : HikariPool-1 - Pool stats (total=10/10, idle=10/10, active=0, waiting=0)
2026-08-21T21:09:10.275+09:00 DEBUG 3764 --- [Pokade] [l-1:housekeeper] com.zaxxer.hikari.pool.HikariPool        : HikariPool-1 - Fill pool skipped, pool has sufficient level or currently being filled.
2026-08-21T21:09:11.484+09:00 DEBUG 3764 --- [Pokade] [l-1:housekeeper] com.zaxxer.hikari.pool.HikariPool        : HikariPool-1 - keepalive: connection org.postgresql.jdbc.PgConnection@794f10fa is alive
2026-08-21T21:09:21.125+09:00 DEBUG 3764 --- [Pokade] [l-1:housekeeper] com.zaxxer.hikari.pool.HikariPool        : HikariPool-1 - keepalive: connection org.postgresql.jdbc.PgConnection@62c6ad9c is alive
2026-08-21T21:09:22.315+09:00 DEBUG 3764 --- [Pokade] [l-1:housekeeper] com.zaxxer.hikari.pool.HikariPool        : HikariPool-1 - keepalive: connection org.postgresql.jdbc.PgConnection@2925257d is alive
2026-08-21T21:09:40.283+09:00 DEBUG 3764 --- [Pokade] [l-1:housekeeper] com.zaxxer.hikari.pool.HikariPool        : HikariPool-1 - Pool stats (total=10/10, idle=10/10, active=0, waiting=0)
2026-08-21T21:09:40.283+09:00 DEBUG 3764 --- [Pokade] [l-1:housekeeper] com.zaxxer.hikari.pool.HikariPool        : HikariPool-1 - Fill pool skipped, pool has sufficient level or currently being filled.
2026-08-21T21:09:45.927+09:00 DEBUG 3764 --- [Pokade] [l-1:housekeeper] com.zaxxer.hikari.pool.HikariPool        : HikariPool-1 - keepalive: connection org.postgresql.jdbc.PgConnection@431d16c8 is alive
2026-08-21T21:10:10.291+09:00 DEBUG 3764 --- [Pokade] [l-1:housekeeper] com.zaxxer.hikari.pool.HikariPool        : HikariPool-1 - Pool stats (total=10/10, idle=10/10, active=0, waiting=0)
2026-08-21T21:10:10.291+09:00 DEBUG 3764 --- [Pokade] [l-1:housekeeper] com.zaxxer.hikari.pool.HikariPool        : HikariPool-1 - Fill pool skipped, pool has sufficient level or currently being filled.
2026-08-21T21:10:11.473+09:00 DEBUG 3764 --- [Pokade] [l-1:housekeeper] com.zaxxer.hikari.pool.HikariPool        : HikariPool-1 - keepalive: connection org.postgresql.jdbc.PgConnection@58521ebb is alive
2026-08-21T21:10:28.626+09:00 DEBUG 3764 --- [Pokade] [l-1:housekeeper] com.zaxxer.hikari.pool.HikariPool        : HikariPool-1 - keepalive: connection org.postgresql.jdbc.PgConnection@497ba549 is alive
2026-08-21T21:10:38.036+09:00 DEBUG 3764 --- [Pokade] [l-1:housekeeper] com.zaxxer.hikari.pool.HikariPool        : HikariPool-1 - keepalive: connection org.postgresql.jdbc.PgConnection@12bf0668 is alive
2026-08-21T21:10:38.690+09:00 DEBUG 3764 --- [Pokade] [l-1:housekeeper] com.zaxxer.hikari.pool.HikariPool        : HikariPool-1 - keepalive: connection org.postgresql.jdbc.PgConnection@79e303eb is alive
2026-08-21T21:10:40.295+09:00 DEBUG 3764 --- [Pokade] [l-1:housekeeper] com.zaxxer.hikari.pool.HikariPool        : HikariPool-1 - Pool stats (total=10/10, idle=10/10, active=0, waiting=0)
2026-08-21T21:10:40.295+09:00 DEBUG 3764 --- [Pokade] [l-1:housekeeper] com.zaxxer.hikari.pool.HikariPool        : HikariPool-1 - Fill pool skipped, pool has sufficient level or currently being filled.
2026-08-21T21:10:42.953+09:00 DEBUG 3764 --- [Pokade] [l-1:housekeeper] com.zaxxer.hikari.pool.HikariPool        : HikariPool-1 - keepalive: connection org.postgresql.jdbc.PgConnection@1c18adf6 is alive
2026-08-21T21:10:43.155+09:00 DEBUG 3764 --- [Pokade] [l-1:housekeeper] com.zaxxer.hikari.pool.HikariPool        : HikariPool-1 - keepalive: connection org.postgresql.jdbc.PgConnection@59f9374d is alive
2026-08-21T21:11:00.348+09:00 DEBUG 3764 --- [Pokade] [l-1:housekeeper] com.zaxxer.hikari.pool.HikariPool        : HikariPool-1 - keepalive: connection org.postgresql.jdbc.PgConnection@62c6ad9c is alive
2026-08-21T21:11:08.302+09:00 DEBUG 3764 --- [Pokade] [l-1:housekeeper] com.zaxxer.hikari.pool.HikariPool        : HikariPool-1 - keepalive: connection org.postgresql.jdbc.PgConnection@2925257d is alive
2026-08-21T21:11:10.309+09:00 DEBUG 3764 --- [Pokade] [l-1:housekeeper] com.zaxxer.hikari.pool.HikariPool        : HikariPool-1 - Pool stats (total=10/10, idle=10/10, active=0, waiting=0)
2026-08-21T21:11:10.309+09:00 DEBUG 3764 --- [Pokade] [l-1:housekeeper] com.zaxxer.hikari.pool.HikariPool        : HikariPool-1 - Fill pool skipped, pool has sufficient level or currently being filled.
2026-08-21T21:11:10.774+09:00 DEBUG 3764 --- [Pokade] [l-1:housekeeper] com.zaxxer.hikari.pool.HikariPool        : HikariPool-1 - keepalive: connection org.postgresql.jdbc.PgConnection@794f10fa is alive
2026-08-21T21:11:25.694+09:00 DEBUG 3764 --- [Pokade] [l-1:housekeeper] com.zaxxer.hikari.pool.HikariPool        : HikariPool-1 - keepalive: connection org.postgresql.jdbc.PgConnection@431d16c8 is alive
2026-08-21T21:11:40.317+09:00 DEBUG 3764 --- [Pokade] [l-1:housekeeper] com.zaxxer.hikari.pool.HikariPool        : HikariPool-1 - Pool stats (total=10/10, idle=10/10, active=0, waiting=0)
2026-08-21T21:11:40.318+09:00 DEBUG 3764 --- [Pokade] [l-1:housekeeper] com.zaxxer.hikari.pool.HikariPool        : HikariPool-1 - Fill pool skipped, pool has sufficient level or currently being filled.
2026-08-21T21:11:47.663+09:00 DEBUG 3764 --- [Pokade] [l-1:housekeeper] com.zaxxer.hikari.pool.HikariPool        : HikariPool-1 - keepalive: connection org.postgresql.jdbc.PgConnection@58521ebb is alive
2026-08-21T21:12:01.874+09:00 DEBUG 3764 --- [Pokade] [nnection-closer] com.zaxxer.hikari.pool.PoolBase          : HikariPool-1 - Closing connection org.postgresql.jdbc.PgConnection@497ba549: (connection has passed maxLifetime)
2026-08-21T21:12:01.876+09:00 DEBUG 3764 --- [Pokade] [onnection-adder] com.zaxxer.hikari.pool.PoolBase          : HikariPool-1 - Attempting to create/setup new connection (dfc33b3d-a9d7-4994-af3f-c7aea1106e84)
2026-08-21T21:12:01.894+09:00 DEBUG 3764 --- [Pokade] [onnection-adder] com.zaxxer.hikari.pool.PoolBase          : HikariPool-1 - Established new connection (dfc33b3d-a9d7-4994-af3f-c7aea1106e84)
2026-08-21T21:12:01.894+09:00 DEBUG 3764 --- [Pokade] [onnection-adder] com.zaxxer.hikari.pool.HikariPool        : HikariPool-1 - Added connection org.postgresql.jdbc.PgConnection@1caceb72
2026-08-21T21:12:10.326+09:00 DEBUG 3764 --- [Pokade] [l-1:housekeeper] com.zaxxer.hikari.pool.HikariPool        : HikariPool-1 - Pool stats (total=10/10, idle=10/10, active=0, waiting=0)
2026-08-21T21:12:10.326+09:00 DEBUG 3764 --- [Pokade] [l-1:housekeeper] com.zaxxer.hikari.pool.HikariPool        : HikariPool-1 - Fill pool skipped, pool has sufficient level or currently being filled.
2026-08-21T21:12:31.762+09:00 DEBUG 3764 --- [Pokade] [l-1:housekeeper] com.zaxxer.hikari.pool.HikariPool        : HikariPool-1 - keepalive: connection org.postgresql.jdbc.PgConnection@59f9374d is alive
2026-08-21T21:12:33.182+09:00 DEBUG 3764 --- [Pokade] [l-1:housekeeper] com.zaxxer.hikari.pool.HikariPool        : HikariPool-1 - keepalive: connection org.postgresql.jdbc.PgConnection@79e303eb is alive
2026-08-21T21:12:36.209+09:00 DEBUG 3764 --- [Pokade] [l-1:housekeeper] com.zaxxer.hikari.pool.HikariPool        : HikariPool-1 - keepalive: connection org.postgresql.jdbc.PgConnection@12bf0668 is alive
2026-08-21T21:12:39.088+09:00 DEBUG 3764 --- [Pokade] [l-1:housekeeper] com.zaxxer.hikari.pool.HikariPool        : HikariPool-1 - keepalive: connection org.postgresql.jdbc.PgConnection@1c18adf6 is alive
2026-08-21T21:12:39.569+09:00 DEBUG 3764 --- [Pokade] [l-1:housekeeper] com.zaxxer.hikari.pool.HikariPool        : HikariPool-1 - keepalive: connection org.postgresql.jdbc.PgConnection@62c6ad9c is alive
2026-08-21T21:12:40.328+09:00 DEBUG 3764 --- [Pokade] [l-1:housekeeper] com.zaxxer.hikari.pool.HikariPool        : HikariPool-1 - Pool stats (total=10/10, idle=10/10, active=0, waiting=0)
2026-08-21T21:12:40.329+09:00 DEBUG 3764 --- [Pokade] [l-1:housekeeper] com.zaxxer.hikari.pool.HikariPool        : HikariPool-1 - Fill pool skipped, pool has sufficient level or currently being filled.
2026-08-21T21:12:54.294+09:00 DEBUG 3764 --- [Pokade] [l-1:housekeeper] com.zaxxer.hikari.pool.HikariPool        : HikariPool-1 - keepalive: connection org.postgresql.jdbc.PgConnection@2925257d is alive
2026-08-21T21:13:05.458+09:00 DEBUG 3764 --- [Pokade] [l-1:housekeeper] com.zaxxer.hikari.pool.HikariPool        : HikariPool-1 - keepalive: connection org.postgresql.jdbc.PgConnection@431d16c8 is alive
2026-08-21T21:13:10.062+09:00 DEBUG 3764 --- [Pokade] [l-1:housekeeper] com.zaxxer.hikari.pool.HikariPool        : HikariPool-1 - keepalive: connection org.postgresql.jdbc.PgConnection@794f10fa is alive
2026-08-21T21:13:10.340+09:00 DEBUG 3764 --- [Pokade] [l-1:housekeeper] com.zaxxer.hikari.pool.HikariPool        : HikariPool-1 - Pool stats (total=10/10, idle=10/10, active=0, waiting=0)
2026-08-21T21:13:10.340+09:00 DEBUG 3764 --- [Pokade] [l-1:housekeeper] com.zaxxer.hikari.pool.HikariPool        : HikariPool-1 - Fill pool skipped, pool has sufficient level or currently being filled.
2026-08-21T21:13:23.859+09:00 DEBUG 3764 --- [Pokade] [l-1:housekeeper] com.zaxxer.hikari.pool.HikariPool        : HikariPool-1 - keepalive: connection org.postgresql.jdbc.PgConnection@58521ebb is alive
2026-08-21T21:13:40.349+09:00 DEBUG 3764 --- [Pokade] [l-1:housekeeper] com.zaxxer.hikari.pool.HikariPool        : HikariPool-1 - Pool stats (total=10/10, idle=10/10, active=0, waiting=0)
2026-08-21T21:13:40.349+09:00 DEBUG 3764 --- [Pokade] [l-1:housekeeper] com.zaxxer.hikari.pool.HikariPool        : HikariPool-1 - Fill pool skipped, pool has sufficient level or currently being filled.
2026-08-21T21:13:48.767+09:00 DEBUG 3764 --- [Pokade] [l-1:housekeeper] com.zaxxer.hikari.pool.HikariPool        : HikariPool-1 - keepalive: connection org.postgresql.jdbc.PgConnection@1caceb72 is alive
2026-08-21T21:13:49.943+09:00 DEBUG 3764 --- [Pokade] [nnection-closer] com.zaxxer.hikari.pool.PoolBase          : HikariPool-1 - Closing connection org.postgresql.jdbc.PgConnection@794f10fa: (connection has passed maxLifetime)
2026-08-21T21:13:49.944+09:00 DEBUG 3764 --- [Pokade] [onnection-adder] com.zaxxer.hikari.pool.PoolBase          : HikariPool-1 - Attempting to create/setup new connection (dc396c4a-fa18-4223-ad48-96ad5c6ddc3e)
2026-08-21T21:13:49.967+09:00 DEBUG 3764 --- [Pokade] [onnection-adder] com.zaxxer.hikari.pool.PoolBase          : HikariPool-1 - Established new connection (dc396c4a-fa18-4223-ad48-96ad5c6ddc3e)
2026-08-21T21:13:49.967+09:00 DEBUG 3764 --- [Pokade] [onnection-adder] com.zaxxer.hikari.pool.HikariPool        : HikariPool-1 - Added connection org.postgresql.jdbc.PgConnection@7c351814
2026-08-21T21:14:10.365+09:00 DEBUG 3764 --- [Pokade] [l-1:housekeeper] com.zaxxer.hikari.pool.HikariPool        : HikariPool-1 - Pool stats (total=10/10, idle=10/10, active=0, waiting=0)
2026-08-21T21:14:10.365+09:00 DEBUG 3764 --- [Pokade] [l-1:housekeeper] com.zaxxer.hikari.pool.HikariPool        : HikariPool-1 - Fill pool skipped, pool has sufficient level or currently being filled.
2026-08-21T21:14:18.781+09:00 DEBUG 3764 --- [Pokade] [l-1:housekeeper] com.zaxxer.hikari.pool.HikariPool        : HikariPool-1 - keepalive: connection org.postgresql.jdbc.PgConnection@62c6ad9c is alive
2026-08-21T21:14:20.374+09:00 DEBUG 3764 --- [Pokade] [l-1:housekeeper] com.zaxxer.hikari.pool.HikariPool        : HikariPool-1 - keepalive: connection org.postgresql.jdbc.PgConnection@59f9374d is alive
2026-08-21T21:14:27.686+09:00 DEBUG 3764 --- [Pokade] [l-1:housekeeper] com.zaxxer.hikari.pool.HikariPool        : HikariPool-1 - keepalive: connection org.postgresql.jdbc.PgConnection@79e303eb is alive
2026-08-21T21:14:34.383+09:00 DEBUG 3764 --- [Pokade] [l-1:housekeeper] com.zaxxer.hikari.pool.HikariPool        : HikariPool-1 - keepalive: connection org.postgresql.jdbc.PgConnection@12bf0668 is alive
2026-08-21T21:14:35.222+09:00 DEBUG 3764 --- [Pokade] [l-1:housekeeper] com.zaxxer.hikari.pool.HikariPool        : HikariPool-1 - keepalive: connection org.postgresql.jdbc.PgConnection@1c18adf6 is alive
2026-08-21T21:14:40.293+09:00 DEBUG 3764 --- [Pokade] [l-1:housekeeper] com.zaxxer.hikari.pool.HikariPool        : HikariPool-1 - keepalive: connection org.postgresql.jdbc.PgConnection@2925257d is alive
2026-08-21T21:14:40.371+09:00 DEBUG 3764 --- [Pokade] [l-1:housekeeper] com.zaxxer.hikari.pool.HikariPool        : HikariPool-1 - Pool stats (total=10/10, idle=10/10, active=0, waiting=0)
2026-08-21T21:14:40.371+09:00 DEBUG 3764 --- [Pokade] [l-1:housekeeper] com.zaxxer.hikari.pool.HikariPool        : HikariPool-1 - Fill pool skipped, pool has sufficient level or currently being filled.
2026-08-21T21:14:45.216+09:00 DEBUG 3764 --- [Pokade] [l-1:housekeeper] com.zaxxer.hikari.pool.HikariPool        : HikariPool-1 - keepalive: connection org.postgresql.jdbc.PgConnection@431d16c8 is alive
2026-08-21T21:14:48.468+09:00 DEBUG 3764 --- [Pokade] [nnection-closer] com.zaxxer.hikari.pool.PoolBase          : HikariPool-1 - Closing connection org.postgresql.jdbc.PgConnection@59f9374d: (connection has passed maxLifetime)
2026-08-21T21:14:48.469+09:00 DEBUG 3764 --- [Pokade] [onnection-adder] com.zaxxer.hikari.pool.PoolBase          : HikariPool-1 - Attempting to create/setup new connection (f7d3e727-2d81-48f2-9617-4ef100d4f31d)
2026-08-21T21:14:48.491+09:00 DEBUG 3764 --- [Pokade] [onnection-adder] com.zaxxer.hikari.pool.PoolBase          : HikariPool-1 - Established new connection (f7d3e727-2d81-48f2-9617-4ef100d4f31d)
2026-08-21T21:14:48.491+09:00 DEBUG 3764 --- [Pokade] [onnection-adder] com.zaxxer.hikari.pool.HikariPool        : HikariPool-1 - Added connection org.postgresql.jdbc.PgConnection@2798dc59
2026-08-21T21:14:52.617+09:00 DEBUG 3764 --- [Pokade] [nnection-closer] com.zaxxer.hikari.pool.PoolBase          : HikariPool-1 - Closing connection org.postgresql.jdbc.PgConnection@79e303eb: (connection has passed maxLifetime)
2026-08-21T21:14:52.618+09:00 DEBUG 3764 --- [Pokade] [onnection-adder] com.zaxxer.hikari.pool.PoolBase          : HikariPool-1 - Attempting to create/setup new connection (0cbc6c6f-5a24-4890-9f73-1fbea60c0061)
2026-08-21T21:14:52.637+09:00 DEBUG 3764 --- [Pokade] [onnection-adder] com.zaxxer.hikari.pool.PoolBase          : HikariPool-1 - Established new connection (0cbc6c6f-5a24-4890-9f73-1fbea60c0061)
2026-08-21T21:14:52.637+09:00 DEBUG 3764 --- [Pokade] [onnection-adder] com.zaxxer.hikari.pool.HikariPool        : HikariPool-1 - Added connection org.postgresql.jdbc.PgConnection@295f36da
2026-08-21T21:15:00.016+09:00 DEBUG 3764 --- [Pokade] [   scheduling-1] org.hibernate.SQL                        : 
    select
        w1_0.id,
        w1_0.card_id,
        w1_0.created_at,
        w1_0.is_notified,
        w1_0.listing_notified,
        w1_0.target_buy_price,
        w1_0.target_sell_price,
        w1_0.user_id,
        w1_0.variant_id 
    from
        watchlist w1_0 
    where
        w1_0.is_notified=false
Hibernate: 
    select
        w1_0.id,
        w1_0.card_id,
        w1_0.created_at,
        w1_0.is_notified,
        w1_0.listing_notified,
        w1_0.target_buy_price,
        w1_0.target_sell_price,
        w1_0.user_id,
        w1_0.variant_id 
    from
        watchlist w1_0 
    where
        w1_0.is_notified=false
2026-08-21T21:15:00.057+09:00 DEBUG 3764 --- [Pokade] [l-1:housekeeper] com.zaxxer.hikari.pool.HikariPool        : HikariPool-1 - keepalive: connection org.postgresql.jdbc.PgConnection@58521ebb is alive
2026-08-21T21:15:10.386+09:00 DEBUG 3764 --- [Pokade] [l-1:housekeeper] com.zaxxer.hikari.pool.HikariPool        : HikariPool-1 - Pool stats (total=10/10, idle=10/10, active=0, waiting=0)
2026-08-21T21:15:10.386+09:00 DEBUG 3764 --- [Pokade] [l-1:housekeeper] com.zaxxer.hikari.pool.HikariPool        : HikariPool-1 - Fill pool skipped, pool has sufficient level or currently being filled.
2026-08-21T21:15:12.245+09:00 DEBUG 3764 --- [Pokade] [nnection-closer] com.zaxxer.hikari.pool.PoolBase          : HikariPool-1 - Closing connection org.postgresql.jdbc.PgConnection@62c6ad9c: (connection has passed maxLifetime)
2026-08-21T21:15:12.246+09:00 DEBUG 3764 --- [Pokade] [onnection-adder] com.zaxxer.hikari.pool.PoolBase          : HikariPool-1 - Attempting to create/setup new connection (542d1fc9-0fce-497e-a1fe-d0db2c3119ba)
2026-08-21T21:15:12.264+09:00 DEBUG 3764 --- [Pokade] [onnection-adder] com.zaxxer.hikari.pool.PoolBase          : HikariPool-1 - Established new connection (542d1fc9-0fce-497e-a1fe-d0db2c3119ba)
2026-08-21T21:15:12.264+09:00 DEBUG 3764 --- [Pokade] [onnection-adder] com.zaxxer.hikari.pool.HikariPool        : HikariPool-1 - Added connection org.postgresql.jdbc.PgConnection@218a4ce0
2026-08-21T21:15:24.191+09:00 DEBUG 3764 --- [Pokade] [nnection-closer] com.zaxxer.hikari.pool.PoolBase          : HikariPool-1 - Closing connection org.postgresql.jdbc.PgConnection@1c18adf6: (connection has passed maxLifetime)
2026-08-21T21:15:24.191+09:00 DEBUG 3764 --- [Pokade] [onnection-adder] com.zaxxer.hikari.pool.PoolBase          : HikariPool-1 - Attempting to create/setup new connection (f8302148-581c-4728-ba17-a3391371f3d7)
2026-08-21T21:15:24.223+09:00 DEBUG 3764 --- [Pokade] [onnection-adder] com.zaxxer.hikari.pool.PoolBase          : HikariPool-1 - Established new connection (f8302148-581c-4728-ba17-a3391371f3d7)
2026-08-21T21:15:24.223+09:00 DEBUG 3764 --- [Pokade] [onnection-adder] com.zaxxer.hikari.pool.HikariPool        : HikariPool-1 - Added connection org.postgresql.jdbc.PgConnection@209d7ad9
2026-08-21T21:15:35.640+09:00 DEBUG 3764 --- [Pokade] [l-1:housekeeper] com.zaxxer.hikari.pool.HikariPool        : HikariPool-1 - keepalive: connection org.postgresql.jdbc.PgConnection@1caceb72 is alive
2026-08-21T21:15:39.271+09:00 DEBUG 3764 --- [Pokade] [l-1:housekeeper] com.zaxxer.hikari.pool.HikariPool        : HikariPool-1 - keepalive: connection org.postgresql.jdbc.PgConnection@7c351814 is alive
2026-08-21T21:15:40.398+09:00 DEBUG 3764 --- [Pokade] [l-1:housekeeper] com.zaxxer.hikari.pool.HikariPool        : HikariPool-1 - Pool stats (total=10/10, idle=10/10, active=0, waiting=0)
2026-08-21T21:15:40.398+09:00 DEBUG 3764 --- [Pokade] [l-1:housekeeper] com.zaxxer.hikari.pool.HikariPool        : HikariPool-1 - Fill pool skipped, pool has sufficient level or currently being filled.
2026-08-21T21:16:03.018+09:00 DEBUG 3764 --- [Pokade] [nnection-closer] com.zaxxer.hikari.pool.PoolBase          : HikariPool-1 - Closing connection org.postgresql.jdbc.PgConnection@431d16c8: (connection has passed maxLifetime)
2026-08-21T21:16:03.020+09:00 DEBUG 3764 --- [Pokade] [onnection-adder] com.zaxxer.hikari.pool.PoolBase          : HikariPool-1 - Attempting to create/setup new connection (664b6a66-0411-4168-a1ae-32d5872bf03e)
2026-08-21T21:16:03.043+09:00 DEBUG 3764 --- [Pokade] [onnection-adder] com.zaxxer.hikari.pool.PoolBase          : HikariPool-1 - Established new connection (664b6a66-0411-4168-a1ae-32d5872bf03e)
2026-08-21T21:16:03.043+09:00 DEBUG 3764 --- [Pokade] [onnection-adder] com.zaxxer.hikari.pool.HikariPool        : HikariPool-1 - Added connection org.postgresql.jdbc.PgConnection@15fb36e2
2026-08-21T21:16:10.407+09:00 DEBUG 3764 --- [Pokade] [l-1:housekeeper] com.zaxxer.hikari.pool.HikariPool        : HikariPool-1 - Pool stats (total=10/10, idle=10/10, active=0, waiting=0)
2026-08-21T21:16:10.408+09:00 DEBUG 3764 --- [Pokade] [l-1:housekeeper] com.zaxxer.hikari.pool.HikariPool        : HikariPool-1 - Fill pool skipped, pool has sufficient level or currently being filled.
2026-08-21T21:16:14.959+09:00 DEBUG 3764 --- [Pokade] [nnection-closer] com.zaxxer.hikari.pool.PoolBase          : HikariPool-1 - Closing connection org.postgresql.jdbc.PgConnection@12bf0668: (connection has passed maxLifetime)
2026-08-21T21:16:14.961+09:00 DEBUG 3764 --- [Pokade] [onnection-adder] com.zaxxer.hikari.pool.PoolBase          : HikariPool-1 - Attempting to create/setup new connection (aec6228b-944d-4786-b295-d53cc9c2f07c)
2026-08-21T21:16:14.977+09:00 DEBUG 3764 --- [Pokade] [onnection-adder] com.zaxxer.hikari.pool.PoolBase          : HikariPool-1 - Established new connection (aec6228b-944d-4786-b295-d53cc9c2f07c)
2026-08-21T21:16:14.977+09:00 DEBUG 3764 --- [Pokade] [onnection-adder] com.zaxxer.hikari.pool.HikariPool        : HikariPool-1 - Added connection org.postgresql.jdbc.PgConnection@1bc52269
2026-08-21T21:16:26.290+09:00 DEBUG 3764 --- [Pokade] [l-1:housekeeper] com.zaxxer.hikari.pool.HikariPool        : HikariPool-1 - keepalive: connection org.postgresql.jdbc.PgConnection@2925257d is alive
2026-08-21T21:16:30.034+09:00 DEBUG 3764 --- [Pokade] [l-1:housekeeper] com.zaxxer.hikari.pool.HikariPool        : HikariPool-1 - keepalive: connection org.postgresql.jdbc.PgConnection@295f36da is alive
2026-08-21T21:16:36.261+09:00 DEBUG 3764 --- [Pokade] [l-1:housekeeper] com.zaxxer.hikari.pool.HikariPool        : HikariPool-1 - keepalive: connection org.postgresql.jdbc.PgConnection@58521ebb is alive
2026-08-21T21:16:36.772+09:00 DEBUG 3764 --- [Pokade] [l-1:housekeeper] com.zaxxer.hikari.pool.HikariPool        : HikariPool-1 - keepalive: connection org.postgresql.jdbc.PgConnection@2798dc59 is alive
2026-08-21T21:16:40.413+09:00 DEBUG 3764 --- [Pokade] [l-1:housekeeper] com.zaxxer.hikari.pool.HikariPool        : HikariPool-1 - Pool stats (total=10/10, idle=10/10, active=0, waiting=0)
2026-08-21T21:16:40.413+09:00 DEBUG 3764 --- [Pokade] [l-1:housekeeper] com.zaxxer.hikari.pool.HikariPool        : HikariPool-1 - Fill pool skipped, pool has sufficient level or currently being filled.
2026-08-21T21:17:03.133+09:00 DEBUG 3764 --- [Pokade] [l-1:housekeeper] com.zaxxer.hikari.pool.HikariPool        : HikariPool-1 - keepalive: connection org.postgresql.jdbc.PgConnection@218a4ce0 is alive
2026-08-21T21:17:10.414+09:00 DEBUG 3764 --- [Pokade] [l-1:housekeeper] com.zaxxer.hikari.pool.HikariPool        : HikariPool-1 - Pool stats (total=10/10, idle=10/10, active=0, waiting=0)
2026-08-21T21:17:10.414+09:00 DEBUG 3764 --- [Pokade] [l-1:housekeeper] com.zaxxer.hikari.pool.HikariPool        : HikariPool-1 - Fill pool skipped, pool has sufficient level or currently being filled.
2026-08-21T21:17:11.122+09:00 DEBUG 3764 --- [Pokade] [l-1:housekeeper] com.zaxxer.hikari.pool.HikariPool        : HikariPool-1 - keepalive: connection org.postgresql.jdbc.PgConnection@209d7ad9 is alive
2026-08-21T21:17:18.737+09:00 DEBUG 3764 --- [Pokade] [nnection-closer] com.zaxxer.hikari.pool.PoolBase          : HikariPool-1 - Closing connection org.postgresql.jdbc.PgConnection@2925257d: (connection has passed maxLifetime)
2026-08-21T21:17:18.738+09:00 DEBUG 3764 --- [Pokade] [onnection-adder] com.zaxxer.hikari.pool.PoolBase          : HikariPool-1 - Attempting to create/setup new connection (8b0f6ac1-76d1-411e-94cf-88ddd713e0b2)
2026-08-21T21:17:18.759+09:00 DEBUG 3764 --- [Pokade] [onnection-adder] com.zaxxer.hikari.pool.PoolBase          : HikariPool-1 - Established new connection (8b0f6ac1-76d1-411e-94cf-88ddd713e0b2)
2026-08-21T21:17:18.759+09:00 DEBUG 3764 --- [Pokade] [onnection-adder] com.zaxxer.hikari.pool.HikariPool        : HikariPool-1 - Added connection org.postgresql.jdbc.PgConnection@62fc9a3a
2026-08-21T21:17:22.516+09:00 DEBUG 3764 --- [Pokade] [l-1:housekeeper] com.zaxxer.hikari.pool.HikariPool        : HikariPool-1 - keepalive: connection org.postgresql.jdbc.PgConnection@1caceb72 is alive
2026-08-21T21:17:28.583+09:00 DEBUG 3764 --- [Pokade] [l-1:housekeeper] com.zaxxer.hikari.pool.HikariPool        : HikariPool-1 - keepalive: connection org.postgresql.jdbc.PgConnection@7c351814 is alive
2026-08-21T21:17:40.420+09:00 DEBUG 3764 --- [Pokade] [l-1:housekeeper] com.zaxxer.hikari.pool.HikariPool        : HikariPool-1 - Pool stats (total=10/10, idle=10/10, active=0, waiting=0)
2026-08-21T21:17:40.420+09:00 DEBUG 3764 --- [Pokade] [l-1:housekeeper] com.zaxxer.hikari.pool.HikariPool        : HikariPool-1 - Fill pool skipped, pool has sufficient level or currently being filled.
2026-08-21T21:17:55.808+09:00 DEBUG 3764 --- [Pokade] [l-1:housekeeper] com.zaxxer.hikari.pool.HikariPool        : HikariPool-1 - keepalive: connection org.postgresql.jdbc.PgConnection@15fb36e2 is alive
2026-08-21T21:17:59.919+09:00 DEBUG 3764 --- [Pokade] [l-1:housekeeper] com.zaxxer.hikari.pool.HikariPool        : HikariPool-1 - keepalive: connection org.postgresql.jdbc.PgConnection@1bc52269 is alive
2026-08-21T21:18:07.442+09:00 DEBUG 3764 --- [Pokade] [l-1:housekeeper] com.zaxxer.hikari.pool.HikariPool        : HikariPool-1 - keepalive: connection org.postgresql.jdbc.PgConnection@295f36da is alive
2026-08-21T21:18:10.422+09:00 DEBUG 3764 --- [Pokade] [l-1:housekeeper] com.zaxxer.hikari.pool.HikariPool        : HikariPool-1 - Pool stats (total=10/10, idle=10/10, active=0, waiting=0)
2026-08-21T21:18:10.422+09:00 DEBUG 3764 --- [Pokade] [l-1:housekeeper] com.zaxxer.hikari.pool.HikariPool        : HikariPool-1 - Fill pool skipped, pool has sufficient level or currently being filled.
2026-08-21T21:18:12.457+09:00 DEBUG 3764 --- [Pokade] [l-1:housekeeper] com.zaxxer.hikari.pool.HikariPool        : HikariPool-1 - keepalive: connection org.postgresql.jdbc.PgConnection@58521ebb is alive
2026-08-21T21:18:25.043+09:00 DEBUG 3764 --- [Pokade] [l-1:housekeeper] com.zaxxer.hikari.pool.HikariPool        : HikariPool-1 - keepalive: connection org.postgresql.jdbc.PgConnection@2798dc59 is alive
2026-08-21T21:18:40.422+09:00 DEBUG 3764 --- [Pokade] [l-1:housekeeper] com.zaxxer.hikari.pool.HikariPool        : HikariPool-1 - Pool stats (total=10/10, idle=10/10, active=0, waiting=0)
2026-08-21T21:18:40.422+09:00 DEBUG 3764 --- [Pokade] [l-1:housekeeper] com.zaxxer.hikari.pool.HikariPool        : HikariPool-1 - Fill pool skipped, pool has sufficient level or currently being filled.
2026-08-21T21:18:54.005+09:00 DEBUG 3764 --- [Pokade] [l-1:housekeeper] com.zaxxer.hikari.pool.HikariPool        : HikariPool-1 - keepalive: connection org.postgresql.jdbc.PgConnection@218a4ce0 is alive
2026-08-21T21:18:58.024+09:00 DEBUG 3764 --- [Pokade] [l-1:housekeeper] com.zaxxer.hikari.pool.HikariPool        : HikariPool-1 - keepalive: connection org.postgresql.jdbc.PgConnection@209d7ad9 is alive
2026-08-21T21:19:09.389+09:00 DEBUG 3764 --- [Pokade] [l-1:housekeeper] com.zaxxer.hikari.pool.HikariPool        : HikariPool-1 - keepalive: connection org.postgresql.jdbc.PgConnection@1caceb72 is alive
2026-08-21T21:19:10.331+09:00 DEBUG 3764 --- [Pokade] [l-1:housekeeper] com.zaxxer.hikari.pool.HikariPool        : HikariPool-1 - keepalive: connection org.postgresql.jdbc.PgConnection@62fc9a3a is alive
2026-08-21T21:19:10.437+09:00 DEBUG 3764 --- [Pokade] [l-1:housekeeper] com.zaxxer.hikari.pool.HikariPool        : HikariPool-1 - Pool stats (total=10/10, idle=10/10, active=0, waiting=0)
2026-08-21T21:19:10.437+09:00 DEBUG 3764 --- [Pokade] [l-1:housekeeper] com.zaxxer.hikari.pool.HikariPool        : HikariPool-1 - Fill pool skipped, pool has sufficient level or currently being filled.
2026-08-21T21:19:12.286+09:00 DEBUG 3764 --- [Pokade] [nnection-closer] com.zaxxer.hikari.pool.PoolBase          : HikariPool-1 - Closing connection org.postgresql.jdbc.PgConnection@58521ebb: (connection has passed maxLifetime)
2026-08-21T21:19:12.288+09:00 DEBUG 3764 --- [Pokade] [onnection-adder] com.zaxxer.hikari.pool.PoolBase          : HikariPool-1 - Attempting to create/setup new connection (bba7007c-f73b-4765-bf25-8e7ab321a4f1)
2026-08-21T21:19:12.309+09:00 DEBUG 3764 --- [Pokade] [onnection-adder] com.zaxxer.hikari.pool.PoolBase          : HikariPool-1 - Established new connection (bba7007c-f73b-4765-bf25-8e7ab321a4f1)
2026-08-21T21:19:12.309+09:00 DEBUG 3764 --- [Pokade] [onnection-adder] com.zaxxer.hikari.pool.HikariPool        : HikariPool-1 - Added connection org.postgresql.jdbc.PgConnection@46660948
2026-08-21T21:19:17.889+09:00 DEBUG 3764 --- [Pokade] [l-1:housekeeper] com.zaxxer.hikari.pool.HikariPool        : HikariPool-1 - keepalive: connection org.postgresql.jdbc.PgConnection@7c351814 is alive
2026-08-21T21:19:40.438+09:00 DEBUG 3764 --- [Pokade] [l-1:housekeeper] com.zaxxer.hikari.pool.HikariPool        : HikariPool-1 - Pool stats (total=10/10, idle=10/10, active=0, waiting=0)
2026-08-21T21:19:40.438+09:00 DEBUG 3764 --- [Pokade] [l-1:housekeeper] com.zaxxer.hikari.pool.HikariPool        : HikariPool-1 - Fill pool skipped, pool has sufficient level or currently being filled.
2026-08-21T21:19:44.842+09:00 DEBUG 3764 --- [Pokade] [l-1:housekeeper] com.zaxxer.hikari.pool.HikariPool        : HikariPool-1 - keepalive: connection org.postgresql.jdbc.PgConnection@295f36da is alive
2026-08-21T21:19:44.874+09:00 DEBUG 3764 --- [Pokade] [l-1:housekeeper] com.zaxxer.hikari.pool.HikariPool        : HikariPool-1 - keepalive: connection org.postgresql.jdbc.PgConnection@1bc52269 is alive
2026-08-21T21:19:48.574+09:00 DEBUG 3764 --- [Pokade] [l-1:housekeeper] com.zaxxer.hikari.pool.HikariPool        : HikariPool-1 - keepalive: connection org.postgresql.jdbc.PgConnection@15fb36e2 is alive
2026-08-21T21:20:10.442+09:00 DEBUG 3764 --- [Pokade] [l-1:housekeeper] com.zaxxer.hikari.pool.HikariPool        : HikariPool-1 - Pool stats (total=10/10, idle=10/10, active=0, waiting=0)
2026-08-21T21:20:10.442+09:00 DEBUG 3764 --- [Pokade] [l-1:housekeeper] com.zaxxer.hikari.pool.HikariPool        : HikariPool-1 - Fill pool skipped, pool has sufficient level or currently being filled.
2026-08-21T21:20:13.313+09:00 DEBUG 3764 --- [Pokade] [l-1:housekeeper] com.zaxxer.hikari.pool.HikariPool        : HikariPool-1 - keepalive: connection org.postgresql.jdbc.PgConnection@2798dc59 is alive
2026-08-21T21:20:40.452+09:00 DEBUG 3764 --- [Pokade] [l-1:housekeeper] com.zaxxer.hikari.pool.HikariPool        : HikariPool-1 - Pool stats (total=10/10, idle=10/10, active=0, waiting=0)
2026-08-21T21:20:40.452+09:00 DEBUG 3764 --- [Pokade] [l-1:housekeeper] com.zaxxer.hikari.pool.HikariPool        : HikariPool-1 - Fill pool skipped, pool has sufficient level or currently being filled.
2026-08-21T21:20:44.877+09:00 DEBUG 3764 --- [Pokade] [l-1:housekeeper] com.zaxxer.hikari.pool.HikariPool        : HikariPool-1 - keepalive: connection org.postgresql.jdbc.PgConnection@218a4ce0 is alive
2026-08-21T21:20:44.923+09:00 DEBUG 3764 --- [Pokade] [l-1:housekeeper] com.zaxxer.hikari.pool.HikariPool        : HikariPool-1 - keepalive: connection org.postgresql.jdbc.PgConnection@209d7ad9 is alive
2026-08-21T21:20:56.270+09:00 DEBUG 3764 --- [Pokade] [l-1:housekeeper] com.zaxxer.hikari.pool.HikariPool        : HikariPool-1 - keepalive: connection org.postgresql.jdbc.PgConnection@1caceb72 is alive
2026-08-21T21:21:00.703+09:00 DEBUG 3764 --- [Pokade] [l-1:housekeeper] com.zaxxer.hikari.pool.HikariPool        : HikariPool-1 - keepalive: connection org.postgresql.jdbc.PgConnection@46660948 is alive
2026-08-21T21:21:01.914+09:00 DEBUG 3764 --- [Pokade] [l-1:housekeeper] com.zaxxer.hikari.pool.HikariPool        : HikariPool-1 - keepalive: connection org.postgresql.jdbc.PgConnection@62fc9a3a is alive
2026-08-21T21:21:07.194+09:00 DEBUG 3764 --- [Pokade] [l-1:housekeeper] com.zaxxer.hikari.pool.HikariPool        : HikariPool-1 - keepalive: connection org.postgresql.jdbc.PgConnection@7c351814 is alive
2026-08-21T21:21:10.465+09:00 DEBUG 3764 --- [Pokade] [l-1:housekeeper] com.zaxxer.hikari.pool.HikariPool        : HikariPool-1 - Pool stats (total=10/10, idle=10/10, active=0, waiting=0)
2026-08-21T21:21:10.465+09:00 DEBUG 3764 --- [Pokade] [l-1:housekeeper] com.zaxxer.hikari.pool.HikariPool        : HikariPool-1 - Fill pool skipped, pool has sufficient level or currently being filled.
2026-08-21T21:21:22.253+09:00 DEBUG 3764 --- [Pokade] [l-1:housekeeper] com.zaxxer.hikari.pool.HikariPool        : HikariPool-1 - keepalive: connection org.postgresql.jdbc.PgConnection@295f36da is alive
2026-08-21T21:21:29.824+09:00 DEBUG 3764 --- [Pokade] [l-1:housekeeper] com.zaxxer.hikari.pool.HikariPool        : HikariPool-1 - keepalive: connection org.postgresql.jdbc.PgConnection@1bc52269 is alive
2026-08-21T21:21:40.480+09:00 DEBUG 3764 --- [Pokade] [l-1:housekeeper] com.zaxxer.hikari.pool.HikariPool        : HikariPool-1 - Pool stats (total=10/10, idle=10/10, active=0, waiting=0)
2026-08-21T21:21:40.480+09:00 DEBUG 3764 --- [Pokade] [l-1:housekeeper] com.zaxxer.hikari.pool.HikariPool        : HikariPool-1 - Fill pool skipped, pool has sufficient level or currently being filled.
2026-08-21T21:21:41.344+09:00 DEBUG 3764 --- [Pokade] [l-1:housekeeper] com.zaxxer.hikari.pool.HikariPool        : HikariPool-1 - keepalive: connection org.postgresql.jdbc.PgConnection@15fb36e2 is alive
2026-08-21T21:22:01.581+09:00 DEBUG 3764 --- [Pokade] [l-1:housekeeper] com.zaxxer.hikari.pool.HikariPool        : HikariPool-1 - keepalive: connection org.postgresql.jdbc.PgConnection@2798dc59 is alive
2026-08-21T21:22:10.490+09:00 DEBUG 3764 --- [Pokade] [l-1:housekeeper] com.zaxxer.hikari.pool.HikariPool        : HikariPool-1 - Pool stats (total=10/10, idle=10/10, active=0, waiting=0)
2026-08-21T21:22:10.490+09:00 DEBUG 3764 --- [Pokade] [l-1:housekeeper] com.zaxxer.hikari.pool.HikariPool        : HikariPool-1 - Fill pool skipped, pool has sufficient level or currently being filled.
2026-08-21T21:22:31.817+09:00 DEBUG 3764 --- [Pokade] [l-1:housekeeper] com.zaxxer.hikari.pool.HikariPool        : HikariPool-1 - keepalive: connection org.postgresql.jdbc.PgConnection@209d7ad9 is alive
2026-08-21T21:22:35.748+09:00 DEBUG 3764 --- [Pokade] [l-1:housekeeper] com.zaxxer.hikari.pool.HikariPool        : HikariPool-1 - keepalive: connection org.postgresql.jdbc.PgConnection@218a4ce0 is alive
2026-08-21T21:22:40.501+09:00 DEBUG 3764 --- [Pokade] [l-1:housekeeper] com.zaxxer.hikari.pool.HikariPool        : HikariPool-1 - Pool stats (total=10/10, idle=10/10, active=0, waiting=0)
2026-08-21T21:22:40.501+09:00 DEBUG 3764 --- [Pokade] [l-1:housekeeper] com.zaxxer.hikari.pool.HikariPool        : HikariPool-1 - Fill pool skipped, pool has sufficient level or currently being filled.
2026-08-21T21:22:43.138+09:00 DEBUG 3764 --- [Pokade] [l-1:housekeeper] com.zaxxer.hikari.pool.HikariPool        : HikariPool-1 - keepalive: connection org.postgresql.jdbc.PgConnection@1caceb72 is alive
2026-08-21T21:22:49.101+09:00 DEBUG 3764 --- [Pokade] [l-1:housekeeper] com.zaxxer.hikari.pool.HikariPool        : HikariPool-1 - keepalive: connection org.postgresql.jdbc.PgConnection@46660948 is alive
2026-08-21T21:22:53.498+09:00 DEBUG 3764 --- [Pokade] [l-1:housekeeper] com.zaxxer.hikari.pool.HikariPool        : HikariPool-1 - keepalive: connection org.postgresql.jdbc.PgConnection@62fc9a3a is alive
2026-08-21T21:22:56.499+09:00 DEBUG 3764 --- [Pokade] [l-1:housekeeper] com.zaxxer.hikari.pool.HikariPool        : HikariPool-1 - keepalive: connection org.postgresql.jdbc.PgConnection@7c351814 is alive
2026-08-21T21:22:59.656+09:00 DEBUG 3764 --- [Pokade] [l-1:housekeeper] com.zaxxer.hikari.pool.HikariPool        : HikariPool-1 - keepalive: connection org.postgresql.jdbc.PgConnection@295f36da is alive
2026-08-21T21:23:10.511+09:00 DEBUG 3764 --- [Pokade] [l-1:housekeeper] com.zaxxer.hikari.pool.HikariPool        : HikariPool-1 - Pool stats (total=10/10, idle=10/10, active=0, waiting=0)
2026-08-21T21:23:10.511+09:00 DEBUG 3764 --- [Pokade] [l-1:housekeeper] com.zaxxer.hikari.pool.HikariPool        : HikariPool-1 - Fill pool skipped, pool has sufficient level or currently being filled.
2026-08-21T21:23:14.765+09:00 DEBUG 3764 --- [Pokade] [l-1:housekeeper] com.zaxxer.hikari.pool.HikariPool        : HikariPool-1 - keepalive: connection org.postgresql.jdbc.PgConnection@1bc52269 is alive
2026-08-21T21:23:34.109+09:00 DEBUG 3764 --- [Pokade] [l-1:housekeeper] com.zaxxer.hikari.pool.HikariPool        : HikariPool-1 - keepalive: connection org.postgresql.jdbc.PgConnection@15fb36e2 is alive
2026-08-21T21:23:40.514+09:00 DEBUG 3764 --- [Pokade] [l-1:housekeeper] com.zaxxer.hikari.pool.HikariPool        : HikariPool-1 - Pool stats (total=10/10, idle=10/10, active=0, waiting=0)
2026-08-21T21:23:40.514+09:00 DEBUG 3764 --- [Pokade] [l-1:housekeeper] com.zaxxer.hikari.pool.HikariPool        : HikariPool-1 - Fill pool skipped, pool has sufficient level or currently being filled.
2026-08-21T21:23:49.856+09:00 DEBUG 3764 --- [Pokade] [l-1:housekeeper] com.zaxxer.hikari.pool.HikariPool        : HikariPool-1 - keepalive: connection org.postgresql.jdbc.PgConnection@2798dc59 is alive
2026-08-21T21:24:10.526+09:00 DEBUG 3764 --- [Pokade] [l-1:housekeeper] com.zaxxer.hikari.pool.HikariPool        : HikariPool-1 - Pool stats (total=10/10, idle=10/10, active=0, waiting=0)
2026-08-21T21:24:10.526+09:00 DEBUG 3764 --- [Pokade] [l-1:housekeeper] com.zaxxer.hikari.pool.HikariPool        : HikariPool-1 - Fill pool skipped, pool has sufficient level or currently being filled.
2026-08-21T21:24:18.713+09:00 DEBUG 3764 --- [Pokade] [l-1:housekeeper] com.zaxxer.hikari.pool.HikariPool        : HikariPool-1 - keepalive: connection org.postgresql.jdbc.PgConnection@209d7ad9 is alive
2026-08-21T21:24:26.610+09:00 DEBUG 3764 --- [Pokade] [l-1:housekeeper] com.zaxxer.hikari.pool.HikariPool        : HikariPool-1 - keepalive: connection org.postgresql.jdbc.PgConnection@218a4ce0 is alive
2026-08-21T21:24:30.017+09:00 DEBUG 3764 --- [Pokade] [l-1:housekeeper] com.zaxxer.hikari.pool.HikariPool        : HikariPool-1 - keepalive: connection org.postgresql.jdbc.PgConnection@1caceb72 is alive
2026-08-21T21:24:37.058+09:00 DEBUG 3764 --- [Pokade] [l-1:housekeeper] com.zaxxer.hikari.pool.HikariPool        : HikariPool-1 - keepalive: connection org.postgresql.jdbc.PgConnection@295f36da is alive
2026-08-21T21:24:37.487+09:00 DEBUG 3764 --- [Pokade] [l-1:housekeeper] com.zaxxer.hikari.pool.HikariPool        : HikariPool-1 - keepalive: connection org.postgresql.jdbc.PgConnection@46660948 is alive
2026-08-21T21:24:40.537+09:00 DEBUG 3764 --- [Pokade] [l-1:housekeeper] com.zaxxer.hikari.pool.HikariPool        : HikariPool-1 - Pool stats (total=10/10, idle=10/10, active=0, waiting=0)
2026-08-21T21:24:40.537+09:00 DEBUG 3764 --- [Pokade] [l-1:housekeeper] com.zaxxer.hikari.pool.HikariPool        : HikariPool-1 - Fill pool skipped, pool has sufficient level or currently being filled.
2026-08-21T21:24:45.079+09:00 DEBUG 3764 --- [Pokade] [l-1:housekeeper] com.zaxxer.hikari.pool.HikariPool        : HikariPool-1 - keepalive: connection org.postgresql.jdbc.PgConnection@62fc9a3a is alive
2026-08-21T21:24:45.811+09:00 DEBUG 3764 --- [Pokade] [l-1:housekeeper] com.zaxxer.hikari.pool.HikariPool        : HikariPool-1 - keepalive: connection org.postgresql.jdbc.PgConnection@7c351814 is alive
2026-08-21T21:24:59.716+09:00 DEBUG 3764 --- [Pokade] [l-1:housekeeper] com.zaxxer.hikari.pool.HikariPool        : HikariPool-1 - keepalive: connection org.postgresql.jdbc.PgConnection@1bc52269 is alive
2026-08-21T21:25:10.541+09:00 DEBUG 3764 --- [Pokade] [l-1:housekeeper] com.zaxxer.hikari.pool.HikariPool        : HikariPool-1 - Pool stats (total=10/10, idle=10/10, active=0, waiting=0)
2026-08-21T21:25:10.541+09:00 DEBUG 3764 --- [Pokade] [l-1:housekeeper] com.zaxxer.hikari.pool.HikariPool        : HikariPool-1 - Fill pool skipped, pool has sufficient level or currently being filled.
2026-08-21T21:25:26.874+09:00 DEBUG 3764 --- [Pokade] [l-1:housekeeper] com.zaxxer.hikari.pool.HikariPool        : HikariPool-1 - keepalive: connection org.postgresql.jdbc.PgConnection@15fb36e2 is alive
2026-08-21T21:25:38.124+09:00 DEBUG 3764 --- [Pokade] [l-1:housekeeper] com.zaxxer.hikari.pool.HikariPool        : HikariPool-1 - keepalive: connection org.postgresql.jdbc.PgConnection@2798dc59 is alive
2026-08-21T21:25:40.553+09:00 DEBUG 3764 --- [Pokade] [l-1:housekeeper] com.zaxxer.hikari.pool.HikariPool        : HikariPool-1 - Pool stats (total=10/10, idle=10/10, active=0, waiting=0)
2026-08-21T21:25:40.553+09:00 DEBUG 3764 --- [Pokade] [l-1:housekeeper] com.zaxxer.hikari.pool.HikariPool        : HikariPool-1 - Fill pool skipped, pool has sufficient level or currently being filled.
2026-08-21T21:26:03.515+09:00 DEBUG 3764 --- [Pokade] [nio-8080-exec-8] org.hibernate.SQL                        : 
    select
        l1_0.card_id,
        avg(t1_0.price) 
    from
        trades t1_0 
    join
        listings l1_0 
            on l1_0.id=t1_0.listing_id 
    where
        l1_0.grade=? 
        and t1_0.status=? 
        and t1_0.confirmed_at>=? 
    group by
        l1_0.card_id
Hibernate: 
    select
        l1_0.card_id,
        avg(t1_0.price) 
    from
        trades t1_0 
    join
        listings l1_0 
            on l1_0.id=t1_0.listing_id 
    where
        l1_0.grade=? 
        and t1_0.status=? 
        and t1_0.confirmed_at>=? 
    group by
        l1_0.card_id
2026-08-21T21:26:03.515+09:00 TRACE 3764 --- [Pokade] [nio-8080-exec-8] org.hibernate.orm.jdbc.bind              : binding parameter (1:VARCHAR) <- [S]
2026-08-21T21:26:03.515+09:00 TRACE 3764 --- [Pokade] [nio-8080-exec-8] org.hibernate.orm.jdbc.bind              : binding parameter (2:VARCHAR) <- [COMPLETED]
2026-08-21T21:26:03.515+09:00 TRACE 3764 --- [Pokade] [nio-8080-exec-8] org.hibernate.orm.jdbc.bind              : binding parameter (3:TIMESTAMP) <- [2026-08-14T21:26:03.514701300]
2026-08-21T21:26:03.526+09:00 DEBUG 3764 --- [Pokade] [nio-8080-exec-8] org.hibernate.SQL                        : 
    select
        l1_0.card_id,
        avg(t1_0.price) 
    from
        trades t1_0 
    join
        listings l1_0 
            on l1_0.id=t1_0.listing_id 
    where
        l1_0.grade=? 
        and t1_0.status=? 
        and t1_0.confirmed_at>=? 
        and t1_0.confirmed_at<? 
    group by
        l1_0.card_id
Hibernate: 
    select
        l1_0.card_id,
        avg(t1_0.price) 
    from
        trades t1_0 
    join
        listings l1_0 
            on l1_0.id=t1_0.listing_id 
    where
        l1_0.grade=? 
        and t1_0.status=? 
        and t1_0.confirmed_at>=? 
        and t1_0.confirmed_at<? 
    group by
        l1_0.card_id
2026-08-21T21:26:03.526+09:00 TRACE 3764 --- [Pokade] [nio-8080-exec-8] org.hibernate.orm.jdbc.bind              : binding parameter (1:VARCHAR) <- [S]
2026-08-21T21:26:03.526+09:00 TRACE 3764 --- [Pokade] [nio-8080-exec-8] org.hibernate.orm.jdbc.bind              : binding parameter (2:VARCHAR) <- [COMPLETED]
2026-08-21T21:26:03.526+09:00 TRACE 3764 --- [Pokade] [nio-8080-exec-8] org.hibernate.orm.jdbc.bind              : binding parameter (3:TIMESTAMP) <- [2026-08-07T21:26:03.514701300]
2026-08-21T21:26:03.526+09:00 TRACE 3764 --- [Pokade] [nio-8080-exec-8] org.hibernate.orm.jdbc.bind              : binding parameter (4:TIMESTAMP) <- [2026-08-14T21:26:03.514701300]
2026-08-21T21:26:03.532+09:00 DEBUG 3764 --- [Pokade] [nio-8080-exec-8] org.hibernate.SQL                        : 
    select
        c1_0.id,
        c1_0.artist,
        c1_0.evolves_from,
        c1_0.expansion_id,
        c1_0.expansion_sort_order,
        c1_0.external_id,
        c1_0.hp,
        c1_0.image_large,
        c1_0.image_medium,
        c1_0.image_small,
        c1_0.language_code,
        c1_0.name,
        c1_0.national_pokedex_numbers,
        c1_0.printed_number,
        c1_0.rarity,
        c1_0.rarity_code,
        c1_0.set_name,
        c1_0.subtypes,
        c1_0.supertype,
        c1_0.synced_at,
        c1_0.types,
        c1_0.view_count 
    from
        cards c1_0 
    where
        c1_0.id in (?, ?, ?, ?, ?)
Hibernate: 
    select
        c1_0.id,
        c1_0.artist,
        c1_0.evolves_from,
        c1_0.expansion_id,
        c1_0.expansion_sort_order,
        c1_0.external_id,
        c1_0.hp,
        c1_0.image_large,
        c1_0.image_medium,
        c1_0.image_small,
        c1_0.language_code,
        c1_0.name,
        c1_0.national_pokedex_numbers,
        c1_0.printed_number,
        c1_0.rarity,
        c1_0.rarity_code,
        c1_0.set_name,
        c1_0.subtypes,
        c1_0.supertype,
        c1_0.synced_at,
        c1_0.types,
        c1_0.view_count 
    from
        cards c1_0 
    where
        c1_0.id in (?, ?, ?, ?, ?)
2026-08-21T21:26:03.532+09:00 TRACE 3764 --- [Pokade] [nio-8080-exec-8] org.hibernate.orm.jdbc.bind              : binding parameter (1:BIGINT) <- [10]
2026-08-21T21:26:03.532+09:00 TRACE 3764 --- [Pokade] [nio-8080-exec-8] org.hibernate.orm.jdbc.bind              : binding parameter (2:BIGINT) <- [2]
2026-08-21T21:26:03.532+09:00 TRACE 3764 --- [Pokade] [nio-8080-exec-8] org.hibernate.orm.jdbc.bind              : binding parameter (3:BIGINT) <- [1]
2026-08-21T21:26:03.532+09:00 TRACE 3764 --- [Pokade] [nio-8080-exec-8] org.hibernate.orm.jdbc.bind              : binding parameter (4:BIGINT) <- [4]
2026-08-21T21:26:03.533+09:00 TRACE 3764 --- [Pokade] [nio-8080-exec-8] org.hibernate.orm.jdbc.bind              : binding parameter (5:BIGINT) <- [9]
2026-08-21T21:26:03.547+09:00 DEBUG 3764 --- [Pokade] [nio-8080-exec-4] org.hibernate.SQL                        : 
    select
        l1_0.card_id,
        avg(t1_0.price) 
    from
        trades t1_0 
    join
        listings l1_0 
            on l1_0.id=t1_0.listing_id 
    where
        l1_0.grade=? 
        and t1_0.status=? 
        and t1_0.confirmed_at>=? 
    group by
        l1_0.card_id
Hibernate: 
    select
        l1_0.card_id,
        avg(t1_0.price) 
    from
        trades t1_0 
    join
        listings l1_0 
            on l1_0.id=t1_0.listing_id 
    where
        l1_0.grade=? 
        and t1_0.status=? 
        and t1_0.confirmed_at>=? 
    group by
        l1_0.card_id
2026-08-21T21:26:03.547+09:00 TRACE 3764 --- [Pokade] [nio-8080-exec-4] org.hibernate.orm.jdbc.bind              : binding parameter (1:VARCHAR) <- [S]
2026-08-21T21:26:03.547+09:00 TRACE 3764 --- [Pokade] [nio-8080-exec-4] org.hibernate.orm.jdbc.bind              : binding parameter (2:VARCHAR) <- [COMPLETED]
2026-08-21T21:26:03.547+09:00 TRACE 3764 --- [Pokade] [nio-8080-exec-4] org.hibernate.orm.jdbc.bind              : binding parameter (3:TIMESTAMP) <- [2026-08-14T21:26:03.546044800]
2026-08-21T21:26:03.550+09:00 DEBUG 3764 --- [Pokade] [nio-8080-exec-4] org.hibernate.SQL                        : 
    select
        l1_0.card_id,
        avg(t1_0.price) 
    from
        trades t1_0 
    join
        listings l1_0 
            on l1_0.id=t1_0.listing_id 
    where
        l1_0.grade=? 
        and t1_0.status=? 
        and t1_0.confirmed_at>=? 
        and t1_0.confirmed_at<? 
    group by
        l1_0.card_id
Hibernate: 
    select
        l1_0.card_id,
        avg(t1_0.price) 
    from
        trades t1_0 
    join
        listings l1_0 
            on l1_0.id=t1_0.listing_id 
    where
        l1_0.grade=? 
        and t1_0.status=? 
        and t1_0.confirmed_at>=? 
        and t1_0.confirmed_at<? 
    group by
        l1_0.card_id
2026-08-21T21:26:03.550+09:00 TRACE 3764 --- [Pokade] [nio-8080-exec-4] org.hibernate.orm.jdbc.bind              : binding parameter (1:VARCHAR) <- [S]
2026-08-21T21:26:03.550+09:00 TRACE 3764 --- [Pokade] [nio-8080-exec-4] org.hibernate.orm.jdbc.bind              : binding parameter (2:VARCHAR) <- [COMPLETED]
2026-08-21T21:26:03.550+09:00 TRACE 3764 --- [Pokade] [nio-8080-exec-4] org.hibernate.orm.jdbc.bind              : binding parameter (3:TIMESTAMP) <- [2026-08-07T21:26:03.546044800]
2026-08-21T21:26:03.550+09:00 TRACE 3764 --- [Pokade] [nio-8080-exec-4] org.hibernate.orm.jdbc.bind              : binding parameter (4:TIMESTAMP) <- [2026-08-14T21:26:03.546044800]
2026-08-21T21:26:03.555+09:00 DEBUG 3764 --- [Pokade] [nio-8080-exec-4] org.hibernate.SQL                        : 
    select
        c1_0.id,
        c1_0.artist,
        c1_0.evolves_from,
        c1_0.expansion_id,
        c1_0.expansion_sort_order,
        c1_0.external_id,
        c1_0.hp,
        c1_0.image_large,
        c1_0.image_medium,
        c1_0.image_small,
        c1_0.language_code,
        c1_0.name,
        c1_0.national_pokedex_numbers,
        c1_0.printed_number,
        c1_0.rarity,
        c1_0.rarity_code,
        c1_0.set_name,
        c1_0.subtypes,
        c1_0.supertype,
        c1_0.synced_at,
        c1_0.types,
        c1_0.view_count 
    from
        cards c1_0 
    where
        c1_0.id in (?, ?, ?, ?, ?)
Hibernate: 
    select
        c1_0.id,
        c1_0.artist,
        c1_0.evolves_from,
        c1_0.expansion_id,
        c1_0.expansion_sort_order,
        c1_0.external_id,
        c1_0.hp,
        c1_0.image_large,
        c1_0.image_medium,
        c1_0.image_small,
        c1_0.language_code,
        c1_0.name,
        c1_0.national_pokedex_numbers,
        c1_0.printed_number,
        c1_0.rarity,
        c1_0.rarity_code,
        c1_0.set_name,
        c1_0.subtypes,
        c1_0.supertype,
        c1_0.synced_at,
        c1_0.types,
        c1_0.view_count 
    from
        cards c1_0 
    where
        c1_0.id in (?, ?, ?, ?, ?)
2026-08-21T21:26:03.555+09:00 TRACE 3764 --- [Pokade] [nio-8080-exec-4] org.hibernate.orm.jdbc.bind              : binding parameter (1:BIGINT) <- [10]
2026-08-21T21:26:03.555+09:00 TRACE 3764 --- [Pokade] [nio-8080-exec-4] org.hibernate.orm.jdbc.bind              : binding parameter (2:BIGINT) <- [2]
2026-08-21T21:26:03.555+09:00 TRACE 3764 --- [Pokade] [nio-8080-exec-4] org.hibernate.orm.jdbc.bind              : binding parameter (3:BIGINT) <- [1]
2026-08-21T21:26:03.555+09:00 TRACE 3764 --- [Pokade] [nio-8080-exec-4] org.hibernate.orm.jdbc.bind              : binding parameter (4:BIGINT) <- [4]
2026-08-21T21:26:03.555+09:00 TRACE 3764 --- [Pokade] [nio-8080-exec-4] org.hibernate.orm.jdbc.bind              : binding parameter (5:BIGINT) <- [9]
2026-08-21T21:26:03.587+09:00 DEBUG 3764 --- [Pokade] [nio-8080-exec-3] org.hibernate.SQL                        : 
    select
        cv1_0.card_id,
        cv1_0.id 
    from
        card_variants cv1_0 
    where
        cv1_0.card_id in (?, ?, ?, ?, ?) 
        and cv1_0.is_primary=true
Hibernate: 
    select
        cv1_0.card_id,
        cv1_0.id 
    from
        card_variants cv1_0 
    where
        cv1_0.card_id in (?, ?, ?, ?, ?) 
        and cv1_0.is_primary=true
2026-08-21T21:26:03.587+09:00 TRACE 3764 --- [Pokade] [nio-8080-exec-3] org.hibernate.orm.jdbc.bind              : binding parameter (1:BIGINT) <- [10]
2026-08-21T21:26:03.587+09:00 TRACE 3764 --- [Pokade] [nio-8080-exec-3] org.hibernate.orm.jdbc.bind              : binding parameter (2:BIGINT) <- [2]
2026-08-21T21:26:03.587+09:00 TRACE 3764 --- [Pokade] [nio-8080-exec-3] org.hibernate.orm.jdbc.bind              : binding parameter (3:BIGINT) <- [1]
2026-08-21T21:26:03.587+09:00 TRACE 3764 --- [Pokade] [nio-8080-exec-3] org.hibernate.orm.jdbc.bind              : binding parameter (4:BIGINT) <- [4]
2026-08-21T21:26:03.587+09:00 TRACE 3764 --- [Pokade] [nio-8080-exec-3] org.hibernate.orm.jdbc.bind              : binding parameter (5:BIGINT) <- [9]
2026-08-21T21:26:03.602+09:00 DEBUG 3764 --- [Pokade] [nio-8080-exec-3] org.hibernate.SQL                        : 
    select
        l1_0.variant_id,
        min(l1_0.price) 
    from
        listings l1_0 
    where
        l1_0.variant_id in (?, ?, ?, ?, ?) 
        and l1_0.status=? 
        and (
            ? is null 
            or l1_0.grade=?
        ) 
    group by
        l1_0.variant_id
Hibernate: 
    select
        l1_0.variant_id,
        min(l1_0.price) 
    from
        listings l1_0 
    where
        l1_0.variant_id in (?, ?, ?, ?, ?) 
        and l1_0.status=? 
        and (
            ? is null 
            or l1_0.grade=?
        ) 
    group by
        l1_0.variant_id
2026-08-21T21:26:03.602+09:00 TRACE 3764 --- [Pokade] [nio-8080-exec-3] org.hibernate.orm.jdbc.bind              : binding parameter (1:BIGINT) <- [1]
2026-08-21T21:26:03.602+09:00 TRACE 3764 --- [Pokade] [nio-8080-exec-3] org.hibernate.orm.jdbc.bind              : binding parameter (2:BIGINT) <- [2]
2026-08-21T21:26:03.602+09:00 TRACE 3764 --- [Pokade] [nio-8080-exec-3] org.hibernate.orm.jdbc.bind              : binding parameter (3:BIGINT) <- [4]
2026-08-21T21:26:03.602+09:00 TRACE 3764 --- [Pokade] [nio-8080-exec-3] org.hibernate.orm.jdbc.bind              : binding parameter (4:BIGINT) <- [9]
2026-08-21T21:26:03.602+09:00 TRACE 3764 --- [Pokade] [nio-8080-exec-3] org.hibernate.orm.jdbc.bind              : binding parameter (5:BIGINT) <- [10]
2026-08-21T21:26:03.602+09:00 TRACE 3764 --- [Pokade] [nio-8080-exec-3] org.hibernate.orm.jdbc.bind              : binding parameter (6:VARCHAR) <- [ACTIVE]
2026-08-21T21:26:03.602+09:00 TRACE 3764 --- [Pokade] [nio-8080-exec-3] org.hibernate.orm.jdbc.bind              : binding parameter (7:VARCHAR) <- [S]
2026-08-21T21:26:03.602+09:00 TRACE 3764 --- [Pokade] [nio-8080-exec-3] org.hibernate.orm.jdbc.bind              : binding parameter (8:VARCHAR) <- [S]
2026-08-21T21:26:03.610+09:00 DEBUG 3764 --- [Pokade] [nio-8080-exec-3] org.hibernate.SQL                        : 
    select
        bo1_0.variant_id,
        max(bo1_0.price) 
    from
        buy_offers bo1_0 
    where
        bo1_0.variant_id in (?, ?, ?, ?, ?) 
        and bo1_0.status='ACTIVE' 
    group by
        bo1_0.variant_id
Hibernate: 
    select
        bo1_0.variant_id,
        max(bo1_0.price) 
    from
        buy_offers bo1_0 
    where
        bo1_0.variant_id in (?, ?, ?, ?, ?) 
        and bo1_0.status='ACTIVE' 
    group by
        bo1_0.variant_id
2026-08-21T21:26:03.610+09:00 TRACE 3764 --- [Pokade] [nio-8080-exec-3] org.hibernate.orm.jdbc.bind              : binding parameter (1:BIGINT) <- [1]
2026-08-21T21:26:03.610+09:00 TRACE 3764 --- [Pokade] [nio-8080-exec-3] org.hibernate.orm.jdbc.bind              : binding parameter (2:BIGINT) <- [2]
2026-08-21T21:26:03.610+09:00 TRACE 3764 --- [Pokade] [nio-8080-exec-3] org.hibernate.orm.jdbc.bind              : binding parameter (3:BIGINT) <- [4]
2026-08-21T21:26:03.610+09:00 TRACE 3764 --- [Pokade] [nio-8080-exec-3] org.hibernate.orm.jdbc.bind              : binding parameter (4:BIGINT) <- [9]
2026-08-21T21:26:03.610+09:00 TRACE 3764 --- [Pokade] [nio-8080-exec-3] org.hibernate.orm.jdbc.bind              : binding parameter (5:BIGINT) <- [10]
2026-08-21T21:26:03.619+09:00 DEBUG 3764 --- [Pokade] [nio-8080-exec-3] org.hibernate.SQL                        : 
    select
        cp1_0.variant_id,
        cp1_0.market,
        cp1_0.currency 
    from
        card_prices cp1_0 
    where
        cp1_0.variant_id in (?, ?, ?, ?, ?) 
        and cp1_0.price_type=? 
        and cp1_0.grade=? 
        and cp1_0.company=?
Hibernate: 
    select
        cp1_0.variant_id,
        cp1_0.market,
        cp1_0.currency 
    from
        card_prices cp1_0 
    where
        cp1_0.variant_id in (?, ?, ?, ?, ?) 
        and cp1_0.price_type=? 
        and cp1_0.grade=? 
        and cp1_0.company=?
2026-08-21T21:26:03.619+09:00 TRACE 3764 --- [Pokade] [nio-8080-exec-3] org.hibernate.orm.jdbc.bind              : binding parameter (1:BIGINT) <- [1]
2026-08-21T21:26:03.619+09:00 TRACE 3764 --- [Pokade] [nio-8080-exec-3] org.hibernate.orm.jdbc.bind              : binding parameter (2:BIGINT) <- [2]
2026-08-21T21:26:03.619+09:00 TRACE 3764 --- [Pokade] [nio-8080-exec-3] org.hibernate.orm.jdbc.bind              : binding parameter (3:BIGINT) <- [4]
2026-08-21T21:26:03.619+09:00 TRACE 3764 --- [Pokade] [nio-8080-exec-3] org.hibernate.orm.jdbc.bind              : binding parameter (4:BIGINT) <- [9]
2026-08-21T21:26:03.619+09:00 TRACE 3764 --- [Pokade] [nio-8080-exec-3] org.hibernate.orm.jdbc.bind              : binding parameter (5:BIGINT) <- [10]
2026-08-21T21:26:03.619+09:00 TRACE 3764 --- [Pokade] [nio-8080-exec-3] org.hibernate.orm.jdbc.bind              : binding parameter (6:VARCHAR) <- [raw]
2026-08-21T21:26:03.619+09:00 TRACE 3764 --- [Pokade] [nio-8080-exec-3] org.hibernate.orm.jdbc.bind              : binding parameter (7:VARCHAR) <- []
2026-08-21T21:26:03.619+09:00 TRACE 3764 --- [Pokade] [nio-8080-exec-3] org.hibernate.orm.jdbc.bind              : binding parameter (8:VARCHAR) <- []
2026-08-21T21:26:05.125+09:00 DEBUG 3764 --- [Pokade] [nio-8080-exec-1] org.hibernate.SQL                        : 
    select
        l1_0.card_id,
        avg(t1_0.price) 
    from
        trades t1_0 
    join
        listings l1_0 
            on l1_0.id=t1_0.listing_id 
    where
        l1_0.grade=? 
        and t1_0.status=? 
        and t1_0.confirmed_at>=? 
    group by
        l1_0.card_id
Hibernate: 
    select
        l1_0.card_id,
        avg(t1_0.price) 
    from
        trades t1_0 
    join
        listings l1_0 
            on l1_0.id=t1_0.listing_id 
    where
        l1_0.grade=? 
        and t1_0.status=? 
        and t1_0.confirmed_at>=? 
    group by
        l1_0.card_id
2026-08-21T21:26:05.125+09:00 TRACE 3764 --- [Pokade] [nio-8080-exec-1] org.hibernate.orm.jdbc.bind              : binding parameter (1:VARCHAR) <- [S]
2026-08-21T21:26:05.125+09:00 TRACE 3764 --- [Pokade] [nio-8080-exec-1] org.hibernate.orm.jdbc.bind              : binding parameter (2:VARCHAR) <- [COMPLETED]
2026-08-21T21:26:05.125+09:00 TRACE 3764 --- [Pokade] [nio-8080-exec-1] org.hibernate.orm.jdbc.bind              : binding parameter (3:TIMESTAMP) <- [2026-08-14T21:26:05.125021500]
2026-08-21T21:26:05.127+09:00 DEBUG 3764 --- [Pokade] [nio-8080-exec-1] org.hibernate.SQL                        : 
    select
        l1_0.card_id,
        avg(t1_0.price) 
    from
        trades t1_0 
    join
        listings l1_0 
            on l1_0.id=t1_0.listing_id 
    where
        l1_0.grade=? 
        and t1_0.status=? 
        and t1_0.confirmed_at>=? 
        and t1_0.confirmed_at<? 
    group by
        l1_0.card_id
Hibernate: 
    select
        l1_0.card_id,
        avg(t1_0.price) 
    from
        trades t1_0 
    join
        listings l1_0 
            on l1_0.id=t1_0.listing_id 
    where
        l1_0.grade=? 
        and t1_0.status=? 
        and t1_0.confirmed_at>=? 
        and t1_0.confirmed_at<? 
    group by
        l1_0.card_id
2026-08-21T21:26:05.127+09:00 TRACE 3764 --- [Pokade] [nio-8080-exec-1] org.hibernate.orm.jdbc.bind              : binding parameter (1:VARCHAR) <- [S]
2026-08-21T21:26:05.127+09:00 TRACE 3764 --- [Pokade] [nio-8080-exec-1] org.hibernate.orm.jdbc.bind              : binding parameter (2:VARCHAR) <- [COMPLETED]
2026-08-21T21:26:05.127+09:00 TRACE 3764 --- [Pokade] [nio-8080-exec-1] org.hibernate.orm.jdbc.bind              : binding parameter (3:TIMESTAMP) <- [2026-08-07T21:26:05.125021500]
2026-08-21T21:26:05.127+09:00 TRACE 3764 --- [Pokade] [nio-8080-exec-1] org.hibernate.orm.jdbc.bind              : binding parameter (4:TIMESTAMP) <- [2026-08-14T21:26:05.125021500]
2026-08-21T21:26:05.131+09:00 DEBUG 3764 --- [Pokade] [nio-8080-exec-1] org.hibernate.SQL                        : 
    select
        c1_0.id,
        c1_0.artist,
        c1_0.evolves_from,
        c1_0.expansion_id,
        c1_0.expansion_sort_order,
        c1_0.external_id,
        c1_0.hp,
        c1_0.image_large,
        c1_0.image_medium,
        c1_0.image_small,
        c1_0.language_code,
        c1_0.name,
        c1_0.national_pokedex_numbers,
        c1_0.printed_number,
        c1_0.rarity,
        c1_0.rarity_code,
        c1_0.set_name,
        c1_0.subtypes,
        c1_0.supertype,
        c1_0.synced_at,
        c1_0.types,
        c1_0.view_count 
    from
        cards c1_0 
    where
        c1_0.id in (?, ?, ?, ?, ?)
Hibernate: 
    select
        c1_0.id,
        c1_0.artist,
        c1_0.evolves_from,
        c1_0.expansion_id,
        c1_0.expansion_sort_order,
        c1_0.external_id,
        c1_0.hp,
        c1_0.image_large,
        c1_0.image_medium,
        c1_0.image_small,
        c1_0.language_code,
        c1_0.name,
        c1_0.national_pokedex_numbers,
        c1_0.printed_number,
        c1_0.rarity,
        c1_0.rarity_code,
        c1_0.set_name,
        c1_0.subtypes,
        c1_0.supertype,
        c1_0.synced_at,
        c1_0.types,
        c1_0.view_count 
    from
        cards c1_0 
    where
        c1_0.id in (?, ?, ?, ?, ?)
2026-08-21T21:26:05.131+09:00 TRACE 3764 --- [Pokade] [nio-8080-exec-1] org.hibernate.orm.jdbc.bind              : binding parameter (1:BIGINT) <- [9]
2026-08-21T21:26:05.132+09:00 TRACE 3764 --- [Pokade] [nio-8080-exec-1] org.hibernate.orm.jdbc.bind              : binding parameter (2:BIGINT) <- [4]
2026-08-21T21:26:05.132+09:00 TRACE 3764 --- [Pokade] [nio-8080-exec-1] org.hibernate.orm.jdbc.bind              : binding parameter (3:BIGINT) <- [1]
2026-08-21T21:26:05.132+09:00 TRACE 3764 --- [Pokade] [nio-8080-exec-1] org.hibernate.orm.jdbc.bind              : binding parameter (4:BIGINT) <- [2]
2026-08-21T21:26:05.132+09:00 TRACE 3764 --- [Pokade] [nio-8080-exec-1] org.hibernate.orm.jdbc.bind              : binding parameter (5:BIGINT) <- [10]
2026-08-21T21:26:05.146+09:00 DEBUG 3764 --- [Pokade] [io-8080-exec-10] org.hibernate.SQL                        : 
    select
        cv1_0.card_id,
        cv1_0.id 
    from
        card_variants cv1_0 
    where
        cv1_0.card_id in (?, ?, ?, ?, ?) 
        and cv1_0.is_primary=true
Hibernate: 
    select
        cv1_0.card_id,
        cv1_0.id 
    from
        card_variants cv1_0 
    where
        cv1_0.card_id in (?, ?, ?, ?, ?) 
        and cv1_0.is_primary=true
2026-08-21T21:26:05.147+09:00 TRACE 3764 --- [Pokade] [io-8080-exec-10] org.hibernate.orm.jdbc.bind              : binding parameter (1:BIGINT) <- [9]
2026-08-21T21:26:05.147+09:00 TRACE 3764 --- [Pokade] [io-8080-exec-10] org.hibernate.orm.jdbc.bind              : binding parameter (2:BIGINT) <- [4]
2026-08-21T21:26:05.147+09:00 TRACE 3764 --- [Pokade] [io-8080-exec-10] org.hibernate.orm.jdbc.bind              : binding parameter (3:BIGINT) <- [1]
2026-08-21T21:26:05.147+09:00 TRACE 3764 --- [Pokade] [io-8080-exec-10] org.hibernate.orm.jdbc.bind              : binding parameter (4:BIGINT) <- [2]
2026-08-21T21:26:05.147+09:00 TRACE 3764 --- [Pokade] [io-8080-exec-10] org.hibernate.orm.jdbc.bind              : binding parameter (5:BIGINT) <- [10]
2026-08-21T21:26:05.150+09:00 DEBUG 3764 --- [Pokade] [io-8080-exec-10] org.hibernate.SQL                        : 
    select
        l1_0.variant_id,
        min(l1_0.price) 
    from
        listings l1_0 
    where
        l1_0.variant_id in (?, ?, ?, ?, ?) 
        and l1_0.status=? 
        and (
            ? is null 
            or l1_0.grade=?
        ) 
    group by
        l1_0.variant_id
Hibernate: 
    select
        l1_0.variant_id,
        min(l1_0.price) 
    from
        listings l1_0 
    where
        l1_0.variant_id in (?, ?, ?, ?, ?) 
        and l1_0.status=? 
        and (
            ? is null 
            or l1_0.grade=?
        ) 
    group by
        l1_0.variant_id
2026-08-21T21:26:05.150+09:00 TRACE 3764 --- [Pokade] [io-8080-exec-10] org.hibernate.orm.jdbc.bind              : binding parameter (1:BIGINT) <- [1]
2026-08-21T21:26:05.150+09:00 TRACE 3764 --- [Pokade] [io-8080-exec-10] org.hibernate.orm.jdbc.bind              : binding parameter (2:BIGINT) <- [2]
2026-08-21T21:26:05.150+09:00 TRACE 3764 --- [Pokade] [io-8080-exec-10] org.hibernate.orm.jdbc.bind              : binding parameter (3:BIGINT) <- [4]
2026-08-21T21:26:05.150+09:00 TRACE 3764 --- [Pokade] [io-8080-exec-10] org.hibernate.orm.jdbc.bind              : binding parameter (4:BIGINT) <- [9]
2026-08-21T21:26:05.150+09:00 TRACE 3764 --- [Pokade] [io-8080-exec-10] org.hibernate.orm.jdbc.bind              : binding parameter (5:BIGINT) <- [10]
2026-08-21T21:26:05.150+09:00 TRACE 3764 --- [Pokade] [io-8080-exec-10] org.hibernate.orm.jdbc.bind              : binding parameter (6:VARCHAR) <- [ACTIVE]
2026-08-21T21:26:05.150+09:00 TRACE 3764 --- [Pokade] [io-8080-exec-10] org.hibernate.orm.jdbc.bind              : binding parameter (7:VARCHAR) <- [S]
2026-08-21T21:26:05.150+09:00 TRACE 3764 --- [Pokade] [io-8080-exec-10] org.hibernate.orm.jdbc.bind              : binding parameter (8:VARCHAR) <- [S]
2026-08-21T21:26:05.153+09:00 DEBUG 3764 --- [Pokade] [io-8080-exec-10] org.hibernate.SQL                        : 
    select
        bo1_0.variant_id,
        max(bo1_0.price) 
    from
        buy_offers bo1_0 
    where
        bo1_0.variant_id in (?, ?, ?, ?, ?) 
        and bo1_0.status='ACTIVE' 
    group by
        bo1_0.variant_id
Hibernate: 
    select
        bo1_0.variant_id,
        max(bo1_0.price) 
    from
        buy_offers bo1_0 
    where
        bo1_0.variant_id in (?, ?, ?, ?, ?) 
        and bo1_0.status='ACTIVE' 
    group by
        bo1_0.variant_id
2026-08-21T21:26:05.153+09:00 TRACE 3764 --- [Pokade] [io-8080-exec-10] org.hibernate.orm.jdbc.bind              : binding parameter (1:BIGINT) <- [1]
2026-08-21T21:26:05.153+09:00 TRACE 3764 --- [Pokade] [io-8080-exec-10] org.hibernate.orm.jdbc.bind              : binding parameter (2:BIGINT) <- [2]
2026-08-21T21:26:05.153+09:00 TRACE 3764 --- [Pokade] [io-8080-exec-10] org.hibernate.orm.jdbc.bind              : binding parameter (3:BIGINT) <- [4]
2026-08-21T21:26:05.153+09:00 TRACE 3764 --- [Pokade] [io-8080-exec-10] org.hibernate.orm.jdbc.bind              : binding parameter (4:BIGINT) <- [9]
2026-08-21T21:26:05.153+09:00 TRACE 3764 --- [Pokade] [io-8080-exec-10] org.hibernate.orm.jdbc.bind              : binding parameter (5:BIGINT) <- [10]
2026-08-21T21:26:05.155+09:00 DEBUG 3764 --- [Pokade] [io-8080-exec-10] org.hibernate.SQL                        : 
    select
        cp1_0.variant_id,
        cp1_0.market,
        cp1_0.currency 
    from
        card_prices cp1_0 
    where
        cp1_0.variant_id in (?, ?, ?, ?, ?) 
        and cp1_0.price_type=? 
        and cp1_0.grade=? 
        and cp1_0.company=?
Hibernate: 
    select
        cp1_0.variant_id,
        cp1_0.market,
        cp1_0.currency 
    from
        card_prices cp1_0 
    where
        cp1_0.variant_id in (?, ?, ?, ?, ?) 
        and cp1_0.price_type=? 
        and cp1_0.grade=? 
        and cp1_0.company=?
2026-08-21T21:26:05.155+09:00 TRACE 3764 --- [Pokade] [io-8080-exec-10] org.hibernate.orm.jdbc.bind              : binding parameter (1:BIGINT) <- [1]
2026-08-21T21:26:05.155+09:00 TRACE 3764 --- [Pokade] [io-8080-exec-10] org.hibernate.orm.jdbc.bind              : binding parameter (2:BIGINT) <- [2]
2026-08-21T21:26:05.155+09:00 TRACE 3764 --- [Pokade] [io-8080-exec-10] org.hibernate.orm.jdbc.bind              : binding parameter (3:BIGINT) <- [4]
2026-08-21T21:26:05.155+09:00 TRACE 3764 --- [Pokade] [io-8080-exec-10] org.hibernate.orm.jdbc.bind              : binding parameter (4:BIGINT) <- [9]
2026-08-21T21:26:05.155+09:00 TRACE 3764 --- [Pokade] [io-8080-exec-10] org.hibernate.orm.jdbc.bind              : binding parameter (5:BIGINT) <- [10]
2026-08-21T21:26:05.155+09:00 TRACE 3764 --- [Pokade] [io-8080-exec-10] org.hibernate.orm.jdbc.bind              : binding parameter (6:VARCHAR) <- [raw]
2026-08-21T21:26:05.155+09:00 TRACE 3764 --- [Pokade] [io-8080-exec-10] org.hibernate.orm.jdbc.bind              : binding parameter (7:VARCHAR) <- []
2026-08-21T21:26:05.155+09:00 TRACE 3764 --- [Pokade] [io-8080-exec-10] org.hibernate.orm.jdbc.bind              : binding parameter (8:VARCHAR) <- []
2026-08-21T21:26:05.609+09:00 DEBUG 3764 --- [Pokade] [l-1:housekeeper] com.zaxxer.hikari.pool.HikariPool        : HikariPool-1 - keepalive: connection org.postgresql.jdbc.PgConnection@209d7ad9 is alive
2026-08-21T21:26:06.549+09:00 DEBUG 3764 --- [Pokade] [nio-8080-exec-6] org.hibernate.SQL                        : 
    select
        l1_0.card_id,
        avg(t1_0.price) 
    from
        trades t1_0 
    join
        listings l1_0 
            on l1_0.id=t1_0.listing_id 
    where
        l1_0.grade=? 
        and t1_0.status=? 
        and t1_0.confirmed_at>=? 
    group by
        l1_0.card_id
Hibernate: 
    select
        l1_0.card_id,
        avg(t1_0.price) 
    from
        trades t1_0 
    join
        listings l1_0 
            on l1_0.id=t1_0.listing_id 
    where
        l1_0.grade=? 
        and t1_0.status=? 
        and t1_0.confirmed_at>=? 
    group by
        l1_0.card_id
2026-08-21T21:26:06.549+09:00 TRACE 3764 --- [Pokade] [nio-8080-exec-6] org.hibernate.orm.jdbc.bind              : binding parameter (1:VARCHAR) <- [S]
2026-08-21T21:26:06.549+09:00 TRACE 3764 --- [Pokade] [nio-8080-exec-6] org.hibernate.orm.jdbc.bind              : binding parameter (2:VARCHAR) <- [COMPLETED]
2026-08-21T21:26:06.549+09:00 TRACE 3764 --- [Pokade] [nio-8080-exec-6] org.hibernate.orm.jdbc.bind              : binding parameter (3:TIMESTAMP) <- [2026-08-14T21:26:06.548657900]
2026-08-21T21:26:06.552+09:00 DEBUG 3764 --- [Pokade] [nio-8080-exec-6] org.hibernate.SQL                        : 
    select
        l1_0.card_id,
        avg(t1_0.price) 
    from
        trades t1_0 
    join
        listings l1_0 
            on l1_0.id=t1_0.listing_id 
    where
        l1_0.grade=? 
        and t1_0.status=? 
        and t1_0.confirmed_at>=? 
        and t1_0.confirmed_at<? 
    group by
        l1_0.card_id
Hibernate: 
    select
        l1_0.card_id,
        avg(t1_0.price) 
    from
        trades t1_0 
    join
        listings l1_0 
            on l1_0.id=t1_0.listing_id 
    where
        l1_0.grade=? 
        and t1_0.status=? 
        and t1_0.confirmed_at>=? 
        and t1_0.confirmed_at<? 
    group by
        l1_0.card_id
2026-08-21T21:26:06.552+09:00 TRACE 3764 --- [Pokade] [nio-8080-exec-6] org.hibernate.orm.jdbc.bind              : binding parameter (1:VARCHAR) <- [S]
2026-08-21T21:26:06.552+09:00 TRACE 3764 --- [Pokade] [nio-8080-exec-6] org.hibernate.orm.jdbc.bind              : binding parameter (2:VARCHAR) <- [COMPLETED]
2026-08-21T21:26:06.552+09:00 TRACE 3764 --- [Pokade] [nio-8080-exec-6] org.hibernate.orm.jdbc.bind              : binding parameter (3:TIMESTAMP) <- [2026-08-07T21:26:06.548657900]
2026-08-21T21:26:06.552+09:00 TRACE 3764 --- [Pokade] [nio-8080-exec-6] org.hibernate.orm.jdbc.bind              : binding parameter (4:TIMESTAMP) <- [2026-08-14T21:26:06.548657900]
2026-08-21T21:26:06.556+09:00 DEBUG 3764 --- [Pokade] [nio-8080-exec-6] org.hibernate.SQL                        : 
    select
        c1_0.id,
        c1_0.artist,
        c1_0.evolves_from,
        c1_0.expansion_id,
        c1_0.expansion_sort_order,
        c1_0.external_id,
        c1_0.hp,
        c1_0.image_large,
        c1_0.image_medium,
        c1_0.image_small,
        c1_0.language_code,
        c1_0.name,
        c1_0.national_pokedex_numbers,
        c1_0.printed_number,
        c1_0.rarity,
        c1_0.rarity_code,
        c1_0.set_name,
        c1_0.subtypes,
        c1_0.supertype,
        c1_0.synced_at,
        c1_0.types,
        c1_0.view_count 
    from
        cards c1_0 
    where
        c1_0.id in (?, ?, ?, ?, ?)
Hibernate: 
    select
        c1_0.id,
        c1_0.artist,
        c1_0.evolves_from,
        c1_0.expansion_id,
        c1_0.expansion_sort_order,
        c1_0.external_id,
        c1_0.hp,
        c1_0.image_large,
        c1_0.image_medium,
        c1_0.image_small,
        c1_0.language_code,
        c1_0.name,
        c1_0.national_pokedex_numbers,
        c1_0.printed_number,
        c1_0.rarity,
        c1_0.rarity_code,
        c1_0.set_name,
        c1_0.subtypes,
        c1_0.supertype,
        c1_0.synced_at,
        c1_0.types,
        c1_0.view_count 
    from
        cards c1_0 
    where
        c1_0.id in (?, ?, ?, ?, ?)
2026-08-21T21:26:06.556+09:00 TRACE 3764 --- [Pokade] [nio-8080-exec-6] org.hibernate.orm.jdbc.bind              : binding parameter (1:BIGINT) <- [10]
2026-08-21T21:26:06.556+09:00 TRACE 3764 --- [Pokade] [nio-8080-exec-6] org.hibernate.orm.jdbc.bind              : binding parameter (2:BIGINT) <- [2]
2026-08-21T21:26:06.556+09:00 TRACE 3764 --- [Pokade] [nio-8080-exec-6] org.hibernate.orm.jdbc.bind              : binding parameter (3:BIGINT) <- [1]
2026-08-21T21:26:06.556+09:00 TRACE 3764 --- [Pokade] [nio-8080-exec-6] org.hibernate.orm.jdbc.bind              : binding parameter (4:BIGINT) <- [4]
2026-08-21T21:26:06.556+09:00 TRACE 3764 --- [Pokade] [nio-8080-exec-6] org.hibernate.orm.jdbc.bind              : binding parameter (5:BIGINT) <- [9]
2026-08-21T21:26:06.569+09:00 DEBUG 3764 --- [Pokade] [nio-8080-exec-2] org.hibernate.SQL                        : 
    select
        cv1_0.card_id,
        cv1_0.id 
    from
        card_variants cv1_0 
    where
        cv1_0.card_id in (?, ?, ?, ?, ?) 
        and cv1_0.is_primary=true
Hibernate: 
    select
        cv1_0.card_id,
        cv1_0.id 
    from
        card_variants cv1_0 
    where
        cv1_0.card_id in (?, ?, ?, ?, ?) 
        and cv1_0.is_primary=true
2026-08-21T21:26:06.570+09:00 TRACE 3764 --- [Pokade] [nio-8080-exec-2] org.hibernate.orm.jdbc.bind              : binding parameter (1:BIGINT) <- [10]
2026-08-21T21:26:06.570+09:00 TRACE 3764 --- [Pokade] [nio-8080-exec-2] org.hibernate.orm.jdbc.bind              : binding parameter (2:BIGINT) <- [2]
2026-08-21T21:26:06.570+09:00 TRACE 3764 --- [Pokade] [nio-8080-exec-2] org.hibernate.orm.jdbc.bind              : binding parameter (3:BIGINT) <- [1]
2026-08-21T21:26:06.570+09:00 TRACE 3764 --- [Pokade] [nio-8080-exec-2] org.hibernate.orm.jdbc.bind              : binding parameter (4:BIGINT) <- [4]
2026-08-21T21:26:06.570+09:00 TRACE 3764 --- [Pokade] [nio-8080-exec-2] org.hibernate.orm.jdbc.bind              : binding parameter (5:BIGINT) <- [9]
2026-08-21T21:26:06.573+09:00 DEBUG 3764 --- [Pokade] [nio-8080-exec-2] org.hibernate.SQL                        : 
    select
        l1_0.variant_id,
        min(l1_0.price) 
    from
        listings l1_0 
    where
        l1_0.variant_id in (?, ?, ?, ?, ?) 
        and l1_0.status=? 
        and (
            ? is null 
            or l1_0.grade=?
        ) 
    group by
        l1_0.variant_id
Hibernate: 
    select
        l1_0.variant_id,
        min(l1_0.price) 
    from
        listings l1_0 
    where
        l1_0.variant_id in (?, ?, ?, ?, ?) 
        and l1_0.status=? 
        and (
            ? is null 
            or l1_0.grade=?
        ) 
    group by
        l1_0.variant_id
2026-08-21T21:26:06.573+09:00 TRACE 3764 --- [Pokade] [nio-8080-exec-2] org.hibernate.orm.jdbc.bind              : binding parameter (1:BIGINT) <- [1]
2026-08-21T21:26:06.573+09:00 TRACE 3764 --- [Pokade] [nio-8080-exec-2] org.hibernate.orm.jdbc.bind              : binding parameter (2:BIGINT) <- [2]
2026-08-21T21:26:06.573+09:00 TRACE 3764 --- [Pokade] [nio-8080-exec-2] org.hibernate.orm.jdbc.bind              : binding parameter (3:BIGINT) <- [4]
2026-08-21T21:26:06.573+09:00 TRACE 3764 --- [Pokade] [nio-8080-exec-2] org.hibernate.orm.jdbc.bind              : binding parameter (4:BIGINT) <- [9]
2026-08-21T21:26:06.573+09:00 TRACE 3764 --- [Pokade] [nio-8080-exec-2] org.hibernate.orm.jdbc.bind              : binding parameter (5:BIGINT) <- [10]
2026-08-21T21:26:06.573+09:00 TRACE 3764 --- [Pokade] [nio-8080-exec-2] org.hibernate.orm.jdbc.bind              : binding parameter (6:VARCHAR) <- [ACTIVE]
2026-08-21T21:26:06.573+09:00 TRACE 3764 --- [Pokade] [nio-8080-exec-2] org.hibernate.orm.jdbc.bind              : binding parameter (7:VARCHAR) <- [S]
2026-08-21T21:26:06.573+09:00 TRACE 3764 --- [Pokade] [nio-8080-exec-2] org.hibernate.orm.jdbc.bind              : binding parameter (8:VARCHAR) <- [S]
2026-08-21T21:26:06.577+09:00 DEBUG 3764 --- [Pokade] [nio-8080-exec-2] org.hibernate.SQL                        : 
    select
        bo1_0.variant_id,
        max(bo1_0.price) 
    from
        buy_offers bo1_0 
    where
        bo1_0.variant_id in (?, ?, ?, ?, ?) 
        and bo1_0.status='ACTIVE' 
    group by
        bo1_0.variant_id
Hibernate: 
    select
        bo1_0.variant_id,
        max(bo1_0.price) 
    from
        buy_offers bo1_0 
    where
        bo1_0.variant_id in (?, ?, ?, ?, ?) 
        and bo1_0.status='ACTIVE' 
    group by
        bo1_0.variant_id
2026-08-21T21:26:06.577+09:00 TRACE 3764 --- [Pokade] [nio-8080-exec-2] org.hibernate.orm.jdbc.bind              : binding parameter (1:BIGINT) <- [1]
2026-08-21T21:26:06.577+09:00 TRACE 3764 --- [Pokade] [nio-8080-exec-2] org.hibernate.orm.jdbc.bind              : binding parameter (2:BIGINT) <- [2]
2026-08-21T21:26:06.577+09:00 TRACE 3764 --- [Pokade] [nio-8080-exec-2] org.hibernate.orm.jdbc.bind              : binding parameter (3:BIGINT) <- [4]
2026-08-21T21:26:06.577+09:00 TRACE 3764 --- [Pokade] [nio-8080-exec-2] org.hibernate.orm.jdbc.bind              : binding parameter (4:BIGINT) <- [9]
2026-08-21T21:26:06.577+09:00 TRACE 3764 --- [Pokade] [nio-8080-exec-2] org.hibernate.orm.jdbc.bind              : binding parameter (5:BIGINT) <- [10]
2026-08-21T21:26:06.580+09:00 DEBUG 3764 --- [Pokade] [nio-8080-exec-2] org.hibernate.SQL                        : 
    select
        cp1_0.variant_id,
        cp1_0.market,
        cp1_0.currency 
    from
        card_prices cp1_0 
    where
        cp1_0.variant_id in (?, ?, ?, ?, ?) 
        and cp1_0.price_type=? 
        and cp1_0.grade=? 
        and cp1_0.company=?
Hibernate: 
    select
        cp1_0.variant_id,
        cp1_0.market,
        cp1_0.currency 
    from
        card_prices cp1_0 
    where
        cp1_0.variant_id in (?, ?, ?, ?, ?) 
        and cp1_0.price_type=? 
        and cp1_0.grade=? 
        and cp1_0.company=?
2026-08-21T21:26:06.580+09:00 TRACE 3764 --- [Pokade] [nio-8080-exec-2] org.hibernate.orm.jdbc.bind              : binding parameter (1:BIGINT) <- [1]
2026-08-21T21:26:06.581+09:00 TRACE 3764 --- [Pokade] [nio-8080-exec-2] org.hibernate.orm.jdbc.bind              : binding parameter (2:BIGINT) <- [2]
2026-08-21T21:26:06.581+09:00 TRACE 3764 --- [Pokade] [nio-8080-exec-2] org.hibernate.orm.jdbc.bind              : binding parameter (3:BIGINT) <- [4]
2026-08-21T21:26:06.581+09:00 TRACE 3764 --- [Pokade] [nio-8080-exec-2] org.hibernate.orm.jdbc.bind              : binding parameter (4:BIGINT) <- [9]
2026-08-21T21:26:06.581+09:00 TRACE 3764 --- [Pokade] [nio-8080-exec-2] org.hibernate.orm.jdbc.bind              : binding parameter (5:BIGINT) <- [10]
2026-08-21T21:26:06.581+09:00 TRACE 3764 --- [Pokade] [nio-8080-exec-2] org.hibernate.orm.jdbc.bind              : binding parameter (6:VARCHAR) <- [raw]
2026-08-21T21:26:06.581+09:00 TRACE 3764 --- [Pokade] [nio-8080-exec-2] org.hibernate.orm.jdbc.bind              : binding parameter (7:VARCHAR) <- []
2026-08-21T21:26:06.581+09:00 TRACE 3764 --- [Pokade] [nio-8080-exec-2] org.hibernate.orm.jdbc.bind              : binding parameter (8:VARCHAR) <- []
2026-08-21T21:26:07.499+09:00 DEBUG 3764 --- [Pokade] [nio-8080-exec-8] org.hibernate.SQL                        : 
    select
        u1_0.id,
        u1_0.created_at,
        u1_0.deleted_at,
        u1_0.email,
        u1_0.nickname,
        u1_0.nickname_changed_at,
        u1_0.password,
        u1_0.point_balance,
        u1_0.profile_image_url,
        u1_0.provider,
        u1_0.role,
        u1_0.status,
        u1_0.updated_at,
        u1_0.version,
        u1_0.withdrawal_requested_at 
    from
        users u1_0 
    where
        u1_0.id=?
Hibernate: 
    select
        u1_0.id,
        u1_0.created_at,
        u1_0.deleted_at,
        u1_0.email,
        u1_0.nickname,
        u1_0.nickname_changed_at,
        u1_0.password,
        u1_0.point_balance,
        u1_0.profile_image_url,
        u1_0.provider,
        u1_0.role,
        u1_0.status,
        u1_0.updated_at,
        u1_0.version,
        u1_0.withdrawal_requested_at 
    from
        users u1_0 
    where
        u1_0.id=?
2026-08-21T21:26:07.500+09:00 TRACE 3764 --- [Pokade] [nio-8080-exec-8] org.hibernate.orm.jdbc.bind              : binding parameter (1:BIGINT) <- [3]
2026-08-21T21:26:07.525+09:00 DEBUG 3764 --- [Pokade] [nio-8080-exec-3] org.hibernate.SQL                        : 
    select
        u1_0.id,
        u1_0.created_at,
        u1_0.deleted_at,
        u1_0.email,
        u1_0.nickname,
        u1_0.nickname_changed_at,
        u1_0.password,
        u1_0.point_balance,
        u1_0.profile_image_url,
        u1_0.provider,
        u1_0.role,
        u1_0.status,
        u1_0.updated_at,
        u1_0.version,
        u1_0.withdrawal_requested_at 
    from
        users u1_0 
    where
        u1_0.id=?
Hibernate: 
    select
        u1_0.id,
        u1_0.created_at,
        u1_0.deleted_at,
        u1_0.email,
        u1_0.nickname,
        u1_0.nickname_changed_at,
        u1_0.password,
        u1_0.point_balance,
        u1_0.profile_image_url,
        u1_0.provider,
        u1_0.role,
        u1_0.status,
        u1_0.updated_at,
        u1_0.version,
        u1_0.withdrawal_requested_at 
    from
        users u1_0 
    where
        u1_0.id=?
2026-08-21T21:26:07.526+09:00 TRACE 3764 --- [Pokade] [nio-8080-exec-3] org.hibernate.orm.jdbc.bind              : binding parameter (1:BIGINT) <- [3]
2026-08-21T21:26:07.562+09:00  INFO 3764 --- [Pokade] [nio-8080-exec-6] c.p.d.n.store.SseEmitterStore            : [SSE] Emitter 등록 userId=3, 현재 연결 수=3
2026-08-21T21:26:07.564+09:00 DEBUG 3764 --- [Pokade] [nio-8080-exec-5] org.hibernate.SQL                        : 
    select
        l1_0.card_id,
        avg(t1_0.price) 
    from
        trades t1_0 
    join
        listings l1_0 
            on l1_0.id=t1_0.listing_id 
    where
        l1_0.grade=? 
        and t1_0.status=? 
        and t1_0.confirmed_at>=? 
    group by
        l1_0.card_id
Hibernate: 
    select
        l1_0.card_id,
        avg(t1_0.price) 
    from
        trades t1_0 
    join
        listings l1_0 
            on l1_0.id=t1_0.listing_id 
    where
        l1_0.grade=? 
        and t1_0.status=? 
        and t1_0.confirmed_at>=? 
    group by
        l1_0.card_id
2026-08-21T21:26:07.564+09:00 TRACE 3764 --- [Pokade] [nio-8080-exec-5] org.hibernate.orm.jdbc.bind              : binding parameter (1:VARCHAR) <- [S]
2026-08-21T21:26:07.564+09:00 TRACE 3764 --- [Pokade] [nio-8080-exec-5] org.hibernate.orm.jdbc.bind              : binding parameter (2:VARCHAR) <- [COMPLETED]
2026-08-21T21:26:07.564+09:00 TRACE 3764 --- [Pokade] [nio-8080-exec-5] org.hibernate.orm.jdbc.bind              : binding parameter (3:TIMESTAMP) <- [2026-08-14T21:26:07.562163600]
2026-08-21T21:26:07.568+09:00 DEBUG 3764 --- [Pokade] [nio-8080-exec-2] org.hibernate.SQL                        : 
    select
        n1_0.id,
        n1_0.card_id,
        n1_0.created_at,
        n1_0.is_read,
        n1_0.message,
        n1_0.type,
        n1_0.user_id 
    from
        notifications n1_0 
    where
        n1_0.user_id=? 
    order by
        n1_0.created_at desc 
    fetch
        first ? rows only
Hibernate: 
    select
        n1_0.id,
        n1_0.card_id,
        n1_0.created_at,
        n1_0.is_read,
        n1_0.message,
        n1_0.type,
        n1_0.user_id 
    from
        notifications n1_0 
    where
        n1_0.user_id=? 
    order by
        n1_0.created_at desc 
    fetch
        first ? rows only
2026-08-21T21:26:07.568+09:00 TRACE 3764 --- [Pokade] [nio-8080-exec-2] org.hibernate.orm.jdbc.bind              : binding parameter (1:BIGINT) <- [3]
2026-08-21T21:26:07.568+09:00 TRACE 3764 --- [Pokade] [nio-8080-exec-2] org.hibernate.orm.jdbc.bind              : binding parameter (2:INTEGER) <- [20]
2026-08-21T21:26:07.569+09:00  INFO 3764 --- [Pokade] [nio-8080-exec-8] c.p.d.n.store.SseEmitterStore            : [SSE] Emitter 등록 userId=3, 현재 연결 수=4
2026-08-21T21:26:07.580+09:00 DEBUG 3764 --- [Pokade] [nio-8080-exec-5] org.hibernate.SQL                        : 
    select
        l1_0.card_id,
        avg(t1_0.price) 
    from
        trades t1_0 
    join
        listings l1_0 
            on l1_0.id=t1_0.listing_id 
    where
        l1_0.grade=? 
        and t1_0.status=? 
        and t1_0.confirmed_at>=? 
        and t1_0.confirmed_at<? 
    group by
        l1_0.card_id
Hibernate: 
    select
        l1_0.card_id,
        avg(t1_0.price) 
    from
        trades t1_0 
    join
        listings l1_0 
            on l1_0.id=t1_0.listing_id 
    where
        l1_0.grade=? 
        and t1_0.status=? 
        and t1_0.confirmed_at>=? 
        and t1_0.confirmed_at<? 
    group by
        l1_0.card_id
2026-08-21T21:26:07.580+09:00 TRACE 3764 --- [Pokade] [nio-8080-exec-5] org.hibernate.orm.jdbc.bind              : binding parameter (1:VARCHAR) <- [S]
2026-08-21T21:26:07.581+09:00 TRACE 3764 --- [Pokade] [nio-8080-exec-5] org.hibernate.orm.jdbc.bind              : binding parameter (2:VARCHAR) <- [COMPLETED]
2026-08-21T21:26:07.581+09:00 TRACE 3764 --- [Pokade] [nio-8080-exec-5] org.hibernate.orm.jdbc.bind              : binding parameter (3:TIMESTAMP) <- [2026-08-07T21:26:07.562163600]
2026-08-21T21:26:07.581+09:00 TRACE 3764 --- [Pokade] [nio-8080-exec-5] org.hibernate.orm.jdbc.bind              : binding parameter (4:TIMESTAMP) <- [2026-08-14T21:26:07.562163600]
2026-08-21T21:26:07.590+09:00 DEBUG 3764 --- [Pokade] [nio-8080-exec-4] org.hibernate.SQL                        : 
    select
        n1_0.id,
        n1_0.card_id,
        n1_0.created_at,
        n1_0.is_read,
        n1_0.message,
        n1_0.type,
        n1_0.user_id 
    from
        notifications n1_0 
    where
        n1_0.user_id=? 
    order by
        n1_0.created_at desc 
    fetch
        first ? rows only
Hibernate: 
    select
        n1_0.id,
        n1_0.card_id,
        n1_0.created_at,
        n1_0.is_read,
        n1_0.message,
        n1_0.type,
        n1_0.user_id 
    from
        notifications n1_0 
    where
        n1_0.user_id=? 
    order by
        n1_0.created_at desc 
    fetch
        first ? rows only
2026-08-21T21:26:07.591+09:00 TRACE 3764 --- [Pokade] [nio-8080-exec-4] org.hibernate.orm.jdbc.bind              : binding parameter (1:BIGINT) <- [3]
2026-08-21T21:26:07.591+09:00 TRACE 3764 --- [Pokade] [nio-8080-exec-4] org.hibernate.orm.jdbc.bind              : binding parameter (2:INTEGER) <- [20]
2026-08-21T21:26:07.593+09:00 DEBUG 3764 --- [Pokade] [nio-8080-exec-5] org.hibernate.SQL                        : 
    select
        c1_0.id,
        c1_0.artist,
        c1_0.evolves_from,
        c1_0.expansion_id,
        c1_0.expansion_sort_order,
        c1_0.external_id,
        c1_0.hp,
        c1_0.image_large,
        c1_0.image_medium,
        c1_0.image_small,
        c1_0.language_code,
        c1_0.name,
        c1_0.national_pokedex_numbers,
        c1_0.printed_number,
        c1_0.rarity,
        c1_0.rarity_code,
        c1_0.set_name,
        c1_0.subtypes,
        c1_0.supertype,
        c1_0.synced_at,
        c1_0.types,
        c1_0.view_count 
    from
        cards c1_0 
    where
        c1_0.id in (?, ?, ?, ?, ?)
Hibernate: 
    select
        c1_0.id,
        c1_0.artist,
        c1_0.evolves_from,
        c1_0.expansion_id,
        c1_0.expansion_sort_order,
        c1_0.external_id,
        c1_0.hp,
        c1_0.image_large,
        c1_0.image_medium,
        c1_0.image_small,
        c1_0.language_code,
        c1_0.name,
        c1_0.national_pokedex_numbers,
        c1_0.printed_number,
        c1_0.rarity,
        c1_0.rarity_code,
        c1_0.set_name,
        c1_0.subtypes,
        c1_0.supertype,
        c1_0.synced_at,
        c1_0.types,
        c1_0.view_count 
    from
        cards c1_0 
    where
        c1_0.id in (?, ?, ?, ?, ?)
2026-08-21T21:26:07.593+09:00 TRACE 3764 --- [Pokade] [nio-8080-exec-5] org.hibernate.orm.jdbc.bind              : binding parameter (1:BIGINT) <- [10]
2026-08-21T21:26:07.593+09:00 TRACE 3764 --- [Pokade] [nio-8080-exec-5] org.hibernate.orm.jdbc.bind              : binding parameter (2:BIGINT) <- [2]
2026-08-21T21:26:07.593+09:00 TRACE 3764 --- [Pokade] [nio-8080-exec-5] org.hibernate.orm.jdbc.bind              : binding parameter (3:BIGINT) <- [1]
2026-08-21T21:26:07.593+09:00 TRACE 3764 --- [Pokade] [nio-8080-exec-5] org.hibernate.orm.jdbc.bind              : binding parameter (4:BIGINT) <- [4]
2026-08-21T21:26:07.593+09:00 TRACE 3764 --- [Pokade] [nio-8080-exec-5] org.hibernate.orm.jdbc.bind              : binding parameter (5:BIGINT) <- [9]
2026-08-21T21:26:07.668+09:00 DEBUG 3764 --- [Pokade] [nio-8080-exec-7] org.hibernate.SQL                        : 
    select
        cv1_0.card_id,
        cv1_0.id 
    from
        card_variants cv1_0 
    where
        cv1_0.card_id in (?, ?, ?, ?, ?) 
        and cv1_0.is_primary=true
Hibernate: 
    select
        cv1_0.card_id,
        cv1_0.id 
    from
        card_variants cv1_0 
    where
        cv1_0.card_id in (?, ?, ?, ?, ?) 
        and cv1_0.is_primary=true
2026-08-21T21:26:07.668+09:00 TRACE 3764 --- [Pokade] [nio-8080-exec-7] org.hibernate.orm.jdbc.bind              : binding parameter (1:BIGINT) <- [10]
2026-08-21T21:26:07.668+09:00 TRACE 3764 --- [Pokade] [nio-8080-exec-7] org.hibernate.orm.jdbc.bind              : binding parameter (2:BIGINT) <- [2]
2026-08-21T21:26:07.668+09:00 TRACE 3764 --- [Pokade] [nio-8080-exec-7] org.hibernate.orm.jdbc.bind              : binding parameter (3:BIGINT) <- [1]
2026-08-21T21:26:07.668+09:00 TRACE 3764 --- [Pokade] [nio-8080-exec-7] org.hibernate.orm.jdbc.bind              : binding parameter (4:BIGINT) <- [4]
2026-08-21T21:26:07.668+09:00 TRACE 3764 --- [Pokade] [nio-8080-exec-7] org.hibernate.orm.jdbc.bind              : binding parameter (5:BIGINT) <- [9]
2026-08-21T21:26:07.675+09:00 DEBUG 3764 --- [Pokade] [nio-8080-exec-7] org.hibernate.SQL                        : 
    select
        l1_0.variant_id,
        min(l1_0.price) 
    from
        listings l1_0 
    where
        l1_0.variant_id in (?, ?, ?, ?, ?) 
        and l1_0.status=? 
        and (
            ? is null 
            or l1_0.grade=?
        ) 
    group by
        l1_0.variant_id
Hibernate: 
    select
        l1_0.variant_id,
        min(l1_0.price) 
    from
        listings l1_0 
    where
        l1_0.variant_id in (?, ?, ?, ?, ?) 
        and l1_0.status=? 
        and (
            ? is null 
            or l1_0.grade=?
        ) 
    group by
        l1_0.variant_id
2026-08-21T21:26:07.675+09:00 TRACE 3764 --- [Pokade] [nio-8080-exec-7] org.hibernate.orm.jdbc.bind              : binding parameter (1:BIGINT) <- [1]
2026-08-21T21:26:07.675+09:00 TRACE 3764 --- [Pokade] [nio-8080-exec-7] org.hibernate.orm.jdbc.bind              : binding parameter (2:BIGINT) <- [2]
2026-08-21T21:26:07.675+09:00 TRACE 3764 --- [Pokade] [nio-8080-exec-7] org.hibernate.orm.jdbc.bind              : binding parameter (3:BIGINT) <- [4]
2026-08-21T21:26:07.675+09:00 TRACE 3764 --- [Pokade] [nio-8080-exec-7] org.hibernate.orm.jdbc.bind              : binding parameter (4:BIGINT) <- [9]
2026-08-21T21:26:07.675+09:00 TRACE 3764 --- [Pokade] [nio-8080-exec-7] org.hibernate.orm.jdbc.bind              : binding parameter (5:BIGINT) <- [10]
2026-08-21T21:26:07.675+09:00 TRACE 3764 --- [Pokade] [nio-8080-exec-7] org.hibernate.orm.jdbc.bind              : binding parameter (6:VARCHAR) <- [ACTIVE]
2026-08-21T21:26:07.675+09:00 TRACE 3764 --- [Pokade] [nio-8080-exec-7] org.hibernate.orm.jdbc.bind              : binding parameter (7:VARCHAR) <- [S]
2026-08-21T21:26:07.675+09:00 TRACE 3764 --- [Pokade] [nio-8080-exec-7] org.hibernate.orm.jdbc.bind              : binding parameter (8:VARCHAR) <- [S]
2026-08-21T21:26:07.679+09:00 DEBUG 3764 --- [Pokade] [nio-8080-exec-7] org.hibernate.SQL                        : 
    select
        bo1_0.variant_id,
        max(bo1_0.price) 
    from
        buy_offers bo1_0 
    where
        bo1_0.variant_id in (?, ?, ?, ?, ?) 
        and bo1_0.status='ACTIVE' 
    group by
        bo1_0.variant_id
Hibernate: 
    select
        bo1_0.variant_id,
        max(bo1_0.price) 
    from
        buy_offers bo1_0 
    where
        bo1_0.variant_id in (?, ?, ?, ?, ?) 
        and bo1_0.status='ACTIVE' 
    group by
        bo1_0.variant_id
2026-08-21T21:26:07.679+09:00 TRACE 3764 --- [Pokade] [nio-8080-exec-7] org.hibernate.orm.jdbc.bind              : binding parameter (1:BIGINT) <- [1]
2026-08-21T21:26:07.679+09:00 TRACE 3764 --- [Pokade] [nio-8080-exec-7] org.hibernate.orm.jdbc.bind              : binding parameter (2:BIGINT) <- [2]
2026-08-21T21:26:07.679+09:00 TRACE 3764 --- [Pokade] [nio-8080-exec-7] org.hibernate.orm.jdbc.bind              : binding parameter (3:BIGINT) <- [4]
2026-08-21T21:26:07.679+09:00 TRACE 3764 --- [Pokade] [nio-8080-exec-7] org.hibernate.orm.jdbc.bind              : binding parameter (4:BIGINT) <- [9]
2026-08-21T21:26:07.679+09:00 TRACE 3764 --- [Pokade] [nio-8080-exec-7] org.hibernate.orm.jdbc.bind              : binding parameter (5:BIGINT) <- [10]
2026-08-21T21:26:07.684+09:00 DEBUG 3764 --- [Pokade] [nio-8080-exec-7] org.hibernate.SQL                        : 
    select
        cp1_0.variant_id,
        cp1_0.market,
        cp1_0.currency 
    from
        card_prices cp1_0 
    where
        cp1_0.variant_id in (?, ?, ?, ?, ?) 
        and cp1_0.price_type=? 
        and cp1_0.grade=? 
        and cp1_0.company=?
Hibernate: 
    select
        cp1_0.variant_id,
        cp1_0.market,
        cp1_0.currency 
    from
        card_prices cp1_0 
    where
        cp1_0.variant_id in (?, ?, ?, ?, ?) 
        and cp1_0.price_type=? 
        and cp1_0.grade=? 
        and cp1_0.company=?
2026-08-21T21:26:07.684+09:00 TRACE 3764 --- [Pokade] [nio-8080-exec-7] org.hibernate.orm.jdbc.bind              : binding parameter (1:BIGINT) <- [1]
2026-08-21T21:26:07.684+09:00 TRACE 3764 --- [Pokade] [nio-8080-exec-7] org.hibernate.orm.jdbc.bind              : binding parameter (2:BIGINT) <- [2]
2026-08-21T21:26:07.684+09:00 TRACE 3764 --- [Pokade] [nio-8080-exec-7] org.hibernate.orm.jdbc.bind              : binding parameter (3:BIGINT) <- [4]
2026-08-21T21:26:07.684+09:00 TRACE 3764 --- [Pokade] [nio-8080-exec-7] org.hibernate.orm.jdbc.bind              : binding parameter (4:BIGINT) <- [9]
2026-08-21T21:26:07.684+09:00 TRACE 3764 --- [Pokade] [nio-8080-exec-7] org.hibernate.orm.jdbc.bind              : binding parameter (5:BIGINT) <- [10]
2026-08-21T21:26:07.684+09:00 TRACE 3764 --- [Pokade] [nio-8080-exec-7] org.hibernate.orm.jdbc.bind              : binding parameter (6:VARCHAR) <- [raw]
2026-08-21T21:26:07.684+09:00 TRACE 3764 --- [Pokade] [nio-8080-exec-7] org.hibernate.orm.jdbc.bind              : binding parameter (7:VARCHAR) <- []
2026-08-21T21:26:07.684+09:00 TRACE 3764 --- [Pokade] [nio-8080-exec-7] org.hibernate.orm.jdbc.bind              : binding parameter (8:VARCHAR) <- []
2026-08-21T21:26:10.560+09:00 DEBUG 3764 --- [Pokade] [l-1:housekeeper] com.zaxxer.hikari.pool.HikariPool        : HikariPool-1 - Pool stats (total=10/10, idle=10/10, active=0, waiting=0)
2026-08-21T21:26:10.560+09:00 DEBUG 3764 --- [Pokade] [l-1:housekeeper] com.zaxxer.hikari.pool.HikariPool        : HikariPool-1 - Fill pool skipped, pool has sufficient level or currently being filled.
2026-08-21T21:26:14.457+09:00 DEBUG 3764 --- [Pokade] [l-1:housekeeper] com.zaxxer.hikari.pool.HikariPool        : HikariPool-1 - keepalive: connection org.postgresql.jdbc.PgConnection@295f36da is alive
2026-08-21T21:26:15.688+09:00  INFO 3764 --- [Pokade] [nio-8080-exec-9] c.p.d.n.store.SseEmitterStore            : [SSE] Emitter 제거 userId=3, 남은 연결 수=3
2026-08-21T21:26:15.688+09:00  INFO 3764 --- [Pokade] [   scheduling-1] c.p.d.n.service.NotificationService      : SSE 전송 실패로 연결을 종료합니다.

org.springframework.web.context.request.async.AsyncRequestNotUsableException: ServletResponse failed to flushBuffer: java.io.IOException: 현재 연결은 사용자의 호스트 시스템의 소프트웨어의 의해 중단되었습니다
	at org.springframework.web.context.request.async.StandardServletAsyncWebRequest$LifecycleHttpServletResponse.handleIOException(StandardServletAsyncWebRequest.java:340) ~[spring-web-7.0.8.jar:7.0.8]
	at org.springframework.web.context.request.async.StandardServletAsyncWebRequest$LifecycleHttpServletResponse.flushBuffer(StandardServletAsyncWebRequest.java:319) ~[spring-web-7.0.8.jar:7.0.8]
	at org.springframework.http.server.ServletServerHttpResponse.flush(ServletServerHttpResponse.java:126) ~[spring-web-7.0.8.jar:7.0.8]
	at org.springframework.http.server.DelegatingServerHttpResponse.flush(DelegatingServerHttpResponse.java:61) ~[spring-web-7.0.8.jar:7.0.8]
	at org.springframework.web.servlet.mvc.method.annotation.ResponseBodyEmitterReturnValueHandler$DefaultSseEmitterHandler.send(ResponseBodyEmitterReturnValueHandler.java:299) ~[spring-webmvc-7.0.8.jar:7.0.8]
	at org.springframework.web.servlet.mvc.method.annotation.ResponseBodyEmitter.sendInternal(ResponseBodyEmitter.java:253) ~[spring-webmvc-7.0.8.jar:7.0.8]
	at org.springframework.web.servlet.mvc.method.annotation.ResponseBodyEmitter.send(ResponseBodyEmitter.java:240) ~[spring-webmvc-7.0.8.jar:7.0.8]
	at org.springframework.web.servlet.mvc.method.annotation.SseEmitter.send(SseEmitter.java:131) ~[spring-webmvc-7.0.8.jar:7.0.8]
	at com.pokade.domain.notification.service.NotificationService.sendEvent(NotificationService.java:215) ~[main/:na]
	at com.pokade.domain.notification.service.NotificationService.sendHeartbeat(NotificationService.java:203) ~[main/:na]
	at java.base/jdk.internal.reflect.DirectMethodHandleAccessor.invoke(DirectMethodHandleAccessor.java:103) ~[na:na]
	at java.base/java.lang.reflect.Method.invoke(Method.java:580) ~[na:na]
	at org.springframework.aop.support.AopUtils.invokeJoinpointUsingReflection(AopUtils.java:359) ~[spring-aop-7.0.8.jar:7.0.8]
	at org.springframework.aop.framework.ReflectiveMethodInvocation.invokeJoinpoint(ReflectiveMethodInvocation.java:190) ~[spring-aop-7.0.8.jar:7.0.8]
	at org.springframework.aop.framework.ReflectiveMethodInvocation.proceed(ReflectiveMethodInvocation.java:158) ~[spring-aop-7.0.8.jar:7.0.8]
	at org.springframework.transaction.interceptor.TransactionInterceptor$1.proceedWithInvocation(TransactionInterceptor.java:133) ~[spring-tx-7.0.8.jar:7.0.8]
	at org.springframework.transaction.interceptor.TransactionAspectSupport.invokeWithinTransaction(TransactionAspectSupport.java:371) ~[spring-tx-7.0.8.jar:7.0.8]
	at org.springframework.transaction.interceptor.TransactionInterceptor.invoke(TransactionInterceptor.java:130) ~[spring-tx-7.0.8.jar:7.0.8]
	at org.springframework.aop.framework.ReflectiveMethodInvocation.proceed(ReflectiveMethodInvocation.java:179) ~[spring-aop-7.0.8.jar:7.0.8]
	at org.springframework.aop.aspectj.AspectJAfterThrowingAdvice.invoke(AspectJAfterThrowingAdvice.java:63) ~[spring-aop-7.0.8.jar:7.0.8]
	at org.springframework.aop.framework.ReflectiveMethodInvocation.proceed(ReflectiveMethodInvocation.java:179) ~[spring-aop-7.0.8.jar:7.0.8]
	at org.springframework.aop.aspectj.MethodInvocationProceedingJoinPoint.proceed(MethodInvocationProceedingJoinPoint.java:82) ~[spring-aop-7.0.8.jar:7.0.8]
	at com.pokade.global.aop.ExceptionTranslationAspect.translate(ExceptionTranslationAspect.java:28) ~[main/:na]
	at java.base/jdk.internal.reflect.DirectMethodHandleAccessor.invoke(DirectMethodHandleAccessor.java:103) ~[na:na]
	at java.base/java.lang.reflect.Method.invoke(Method.java:580) ~[na:na]
	at org.springframework.aop.aspectj.AbstractAspectJAdvice.invokeAdviceMethodWithGivenArgs(AbstractAspectJAdvice.java:648) ~[spring-aop-7.0.8.jar:7.0.8]
	at org.springframework.aop.aspectj.AbstractAspectJAdvice.invokeAdviceMethod(AbstractAspectJAdvice.java:630) ~[spring-aop-7.0.8.jar:7.0.8]
	at org.springframework.aop.aspectj.AspectJAroundAdvice.invoke(AspectJAroundAdvice.java:70) ~[spring-aop-7.0.8.jar:7.0.8]
	at org.springframework.aop.framework.ReflectiveMethodInvocation.proceed(ReflectiveMethodInvocation.java:179) ~[spring-aop-7.0.8.jar:7.0.8]
	at org.springframework.aop.interceptor.ExposeInvocationInterceptor.invoke(ExposeInvocationInterceptor.java:96) ~[spring-aop-7.0.8.jar:7.0.8]
	at org.springframework.aop.framework.ReflectiveMethodInvocation.proceed(ReflectiveMethodInvocation.java:179) ~[spring-aop-7.0.8.jar:7.0.8]
	at org.springframework.aop.framework.CglibAopProxy$DynamicAdvisedInterceptor.intercept(CglibAopProxy.java:719) ~[spring-aop-7.0.8.jar:7.0.8]
	at com.pokade.domain.notification.service.NotificationService$$SpringCGLIB$$0.sendHeartbeat(<generated>) ~[main/:na]
	at java.base/jdk.internal.reflect.DirectMethodHandleAccessor.invoke(DirectMethodHandleAccessor.java:103) ~[na:na]
	at java.base/java.lang.reflect.Method.invoke(Method.java:580) ~[na:na]
	at org.springframework.scheduling.support.ScheduledMethodRunnable.runInternal(ScheduledMethodRunnable.java:128) ~[spring-context-7.0.8.jar:7.0.8]
	at org.springframework.scheduling.support.ScheduledMethodRunnable.lambda$run$1(ScheduledMethodRunnable.java:122) ~[spring-context-7.0.8.jar:7.0.8]
	at io.micrometer.observation.Observation.observe(Observation.java:569) ~[micrometer-observation-1.16.6.jar:1.16.6]
	at org.springframework.scheduling.support.ScheduledMethodRunnable.run(ScheduledMethodRunnable.java:122) ~[spring-context-7.0.8.jar:7.0.8]
	at org.springframework.scheduling.config.Task$OutcomeTrackingRunnable.run(Task.java:88) ~[spring-context-7.0.8.jar:7.0.8]
	at org.springframework.scheduling.support.DelegatingErrorHandlingRunnable.run(DelegatingErrorHandlingRunnable.java:54) ~[spring-context-7.0.8.jar:7.0.8]
	at java.base/java.util.concurrent.Executors$RunnableAdapter.call(Executors.java:572) ~[na:na]
	at java.base/java.util.concurrent.FutureTask.runAndReset(FutureTask.java:358) ~[na:na]
	at java.base/java.util.concurrent.ScheduledThreadPoolExecutor$ScheduledFutureTask.run(ScheduledThreadPoolExecutor.java:305) ~[na:na]
	at java.base/java.util.concurrent.ThreadPoolExecutor.runWorker(ThreadPoolExecutor.java:1144) ~[na:na]
	at java.base/java.util.concurrent.ThreadPoolExecutor$Worker.run(ThreadPoolExecutor.java:642) ~[na:na]
	at java.base/java.lang.Thread.run(Thread.java:1583) ~[na:na]
Caused by: org.apache.catalina.connector.ClientAbortException: java.io.IOException: 현재 연결은 사용자의 호스트 시스템의 소프트웨어의 의해 중단되었습니다
	at org.apache.catalina.connector.OutputBuffer.doFlush(OutputBuffer.java:290) ~[tomcat-embed-core-11.0.22.jar:11.0.22]
	at org.apache.catalina.connector.OutputBuffer.flush(OutputBuffer.java:252) ~[tomcat-embed-core-11.0.22.jar:11.0.22]
	at org.apache.catalina.connector.Response.flushBuffer(Response.java:432) ~[tomcat-embed-core-11.0.22.jar:11.0.22]
	at org.apache.catalina.connector.ResponseFacade.flushBuffer(ResponseFacade.java:175) ~[tomcat-embed-core-11.0.22.jar:11.0.22]
	at jakarta.servlet.ServletResponseWrapper.flushBuffer(ServletResponseWrapper.java:180) ~[tomcat-embed-core-11.0.22.jar:6.1]
	at jakarta.servlet.ServletResponseWrapper.flushBuffer(ServletResponseWrapper.java:180) ~[tomcat-embed-core-11.0.22.jar:6.1]
	at jakarta.servlet.ServletResponseWrapper.flushBuffer(ServletResponseWrapper.java:180) ~[tomcat-embed-core-11.0.22.jar:6.1]
	at org.springframework.security.web.util.OnCommittedResponseWrapper.flushBuffer(OnCommittedResponseWrapper.java:195) ~[spring-security-web-7.0.6.jar:7.0.6]
	at org.springframework.web.context.request.async.StandardServletAsyncWebRequest$LifecycleHttpServletResponse.flushBuffer(StandardServletAsyncWebRequest.java:316) ~[spring-web-7.0.8.jar:7.0.8]
	... 45 common frames omitted
Caused by: java.io.IOException: 현재 연결은 사용자의 호스트 시스템의 소프트웨어의 의해 중단되었습니다
	at java.base/sun.nio.ch.SocketDispatcher.write0(Native Method) ~[na:na]
	at java.base/sun.nio.ch.SocketDispatcher.write(SocketDispatcher.java:54) ~[na:na]
	at java.base/sun.nio.ch.IOUtil.writeFromNativeBuffer(IOUtil.java:137) ~[na:na]
	at java.base/sun.nio.ch.IOUtil.write(IOUtil.java:102) ~[na:na]
	at java.base/sun.nio.ch.IOUtil.write(IOUtil.java:58) ~[na:na]
	at java.base/sun.nio.ch.SocketChannelImpl.write(SocketChannelImpl.java:542) ~[na:na]
	at org.apache.tomcat.util.net.NioChannel.write(NioChannel.java:129) ~[tomcat-embed-core-11.0.22.jar:11.0.22]
	at org.apache.tomcat.util.net.NioEndpoint$NioSocketWrapper.doWrite(NioEndpoint.java:1441) ~[tomcat-embed-core-11.0.22.jar:11.0.22]
	at org.apache.tomcat.util.net.SocketWrapperBase.doWrite(SocketWrapperBase.java:747) ~[tomcat-embed-core-11.0.22.jar:11.0.22]
	at org.apache.tomcat.util.net.SocketWrapperBase.flushBlocking(SocketWrapperBase.java:713) ~[tomcat-embed-core-11.0.22.jar:11.0.22]
	at org.apache.tomcat.util.net.SocketWrapperBase.flush(SocketWrapperBase.java:698) ~[tomcat-embed-core-11.0.22.jar:11.0.22]
	at org.apache.coyote.http11.Http11OutputBuffer$SocketOutputBuffer.flush(Http11OutputBuffer.java:563) ~[tomcat-embed-core-11.0.22.jar:11.0.22]
	at org.apache.coyote.http11.filters.ChunkedOutputFilter.flush(ChunkedOutputFilter.java:132) ~[tomcat-embed-core-11.0.22.jar:11.0.22]
	at org.apache.coyote.http11.Http11OutputBuffer.flush(Http11OutputBuffer.java:216) ~[tomcat-embed-core-11.0.22.jar:11.0.22]
	at org.apache.coyote.http11.Http11Processor.flush(Http11Processor.java:1271) ~[tomcat-embed-core-11.0.22.jar:11.0.22]
	at org.apache.coyote.AbstractProcessor.action(AbstractProcessor.java:407) ~[tomcat-embed-core-11.0.22.jar:11.0.22]
	at org.apache.coyote.Response.action(Response.java:197) ~[tomcat-embed-core-11.0.22.jar:11.0.22]
	at org.apache.catalina.connector.OutputBuffer.doFlush(OutputBuffer.java:286) ~[tomcat-embed-core-11.0.22.jar:11.0.22]
	... 53 common frames omitted

2026-08-21T21:26:15.690+09:00 ERROR 3764 --- [Pokade] [nio-8080-exec-9] o.a.c.c.C.[.[.[/].[dispatcherServlet]    : Servlet.service() for servlet [dispatcherServlet] threw exception

org.springframework.security.authorization.AuthorizationDeniedException: Access Denied
	at org.springframework.security.web.access.intercept.AuthorizationFilter.doFilter(AuthorizationFilter.java:99) ~[spring-security-web-7.0.6.jar:7.0.6]
	at org.springframework.security.web.ObservationFilterChainDecorator$ObservationFilter.wrapFilter(ObservationFilterChainDecorator.java:244) ~[spring-security-web-7.0.6.jar:7.0.6]
	at org.springframework.security.web.ObservationFilterChainDecorator$ObservationFilter.doFilter(ObservationFilterChainDecorator.java:231) ~[spring-security-web-7.0.6.jar:7.0.6]
	at org.springframework.security.web.ObservationFilterChainDecorator$VirtualFilterChain.doFilter(ObservationFilterChainDecorator.java:141) ~[spring-security-web-7.0.6.jar:7.0.6]
	at org.springframework.security.web.access.ExceptionTranslationFilter.doFilter(ExceptionTranslationFilter.java:126) ~[spring-security-web-7.0.6.jar:7.0.6]
	at org.springframework.security.web.access.ExceptionTranslationFilter.doFilter(ExceptionTranslationFilter.java:120) ~[spring-security-web-7.0.6.jar:7.0.6]
	at org.springframework.security.web.ObservationFilterChainDecorator$ObservationFilter.wrapFilter(ObservationFilterChainDecorator.java:244) ~[spring-security-web-7.0.6.jar:7.0.6]
	at org.springframework.security.web.ObservationFilterChainDecorator$ObservationFilter.doFilter(ObservationFilterChainDecorator.java:231) ~[spring-security-web-7.0.6.jar:7.0.6]
	at org.springframework.security.web.ObservationFilterChainDecorator$VirtualFilterChain.doFilter(ObservationFilterChainDecorator.java:141) ~[spring-security-web-7.0.6.jar:7.0.6]
	at org.springframework.security.web.session.SessionManagementFilter.doFilter(SessionManagementFilter.java:92) ~[spring-security-web-7.0.6.jar:7.0.6]
	at org.springframework.security.web.session.SessionManagementFilter.doFilter(SessionManagementFilter.java:86) ~[spring-security-web-7.0.6.jar:7.0.6]
	at org.springframework.security.web.ObservationFilterChainDecorator$ObservationFilter.wrapFilter(ObservationFilterChainDecorator.java:244) ~[spring-security-web-7.0.6.jar:7.0.6]
	at org.springframework.security.web.ObservationFilterChainDecorator$ObservationFilter.doFilter(ObservationFilterChainDecorator.java:231) ~[spring-security-web-7.0.6.jar:7.0.6]
	at org.springframework.security.web.ObservationFilterChainDecorator$VirtualFilterChain.doFilter(ObservationFilterChainDecorator.java:141) ~[spring-security-web-7.0.6.jar:7.0.6]
	at org.springframework.security.web.authentication.AnonymousAuthenticationFilter.doFilter(AnonymousAuthenticationFilter.java:100) ~[spring-security-web-7.0.6.jar:7.0.6]
	at org.springframework.security.web.ObservationFilterChainDecorator$ObservationFilter.wrapFilter(ObservationFilterChainDecorator.java:244) ~[spring-security-web-7.0.6.jar:7.0.6]
	at org.springframework.security.web.ObservationFilterChainDecorator$ObservationFilter.doFilter(ObservationFilterChainDecorator.java:231) ~[spring-security-web-7.0.6.jar:7.0.6]
	at org.springframework.security.web.ObservationFilterChainDecorator$VirtualFilterChain.doFilter(ObservationFilterChainDecorator.java:141) ~[spring-security-web-7.0.6.jar:7.0.6]
	at org.springframework.security.web.servletapi.SecurityContextHolderAwareRequestFilter.doFilter(SecurityContextHolderAwareRequestFilter.java:181) ~[spring-security-web-7.0.6.jar:7.0.6]
	at org.springframework.security.web.ObservationFilterChainDecorator$ObservationFilter.wrapFilter(ObservationFilterChainDecorator.java:244) ~[spring-security-web-7.0.6.jar:7.0.6]
	at org.springframework.security.web.ObservationFilterChainDecorator$ObservationFilter.doFilter(ObservationFilterChainDecorator.java:231) ~[spring-security-web-7.0.6.jar:7.0.6]
	at org.springframework.security.web.ObservationFilterChainDecorator$VirtualFilterChain.doFilter(ObservationFilterChainDecorator.java:141) ~[spring-security-web-7.0.6.jar:7.0.6]
	at org.springframework.security.web.savedrequest.RequestCacheAwareFilter.doFilter(RequestCacheAwareFilter.java:63) ~[spring-security-web-7.0.6.jar:7.0.6]
	at org.springframework.security.web.ObservationFilterChainDecorator$ObservationFilter.wrapFilter(ObservationFilterChainDecorator.java:244) ~[spring-security-web-7.0.6.jar:7.0.6]
	at org.springframework.security.web.ObservationFilterChainDecorator$ObservationFilter.doFilter(ObservationFilterChainDecorator.java:231) ~[spring-security-web-7.0.6.jar:7.0.6]
	at org.springframework.security.web.ObservationFilterChainDecorator$VirtualFilterChain.doFilter(ObservationFilterChainDecorator.java:141) ~[spring-security-web-7.0.6.jar:7.0.6]
	at org.springframework.web.filter.OncePerRequestFilter.doFilter(OncePerRequestFilter.java:101) ~[spring-web-7.0.8.jar:7.0.8]
	at org.springframework.security.web.ObservationFilterChainDecorator$ObservationFilter.wrapFilter(ObservationFilterChainDecorator.java:244) ~[spring-security-web-7.0.6.jar:7.0.6]
	at org.springframework.security.web.ObservationFilterChainDecorator$ObservationFilter.doFilter(ObservationFilterChainDecorator.java:231) ~[spring-security-web-7.0.6.jar:7.0.6]
	at org.springframework.security.web.ObservationFilterChainDecorator$VirtualFilterChain.doFilter(ObservationFilterChainDecorator.java:141) ~[spring-security-web-7.0.6.jar:7.0.6]
	at org.springframework.security.web.authentication.AbstractAuthenticationProcessingFilter.doFilter(AbstractAuthenticationProcessingFilter.java:245) ~[spring-security-web-7.0.6.jar:7.0.6]
	at org.springframework.security.web.authentication.AbstractAuthenticationProcessingFilter.doFilter(AbstractAuthenticationProcessingFilter.java:239) ~[spring-security-web-7.0.6.jar:7.0.6]
	at org.springframework.security.web.ObservationFilterChainDecorator$ObservationFilter.wrapFilter(ObservationFilterChainDecorator.java:244) ~[spring-security-web-7.0.6.jar:7.0.6]
	at org.springframework.security.web.ObservationFilterChainDecorator$ObservationFilter.doFilter(ObservationFilterChainDecorator.java:231) ~[spring-security-web-7.0.6.jar:7.0.6]
	at org.springframework.security.web.ObservationFilterChainDecorator$VirtualFilterChain.doFilter(ObservationFilterChainDecorator.java:141) ~[spring-security-web-7.0.6.jar:7.0.6]
	at org.springframework.web.filter.OncePerRequestFilter.doFilter(OncePerRequestFilter.java:101) ~[spring-web-7.0.8.jar:7.0.8]
	at org.springframework.security.web.ObservationFilterChainDecorator$ObservationFilter.wrapFilter(ObservationFilterChainDecorator.java:244) ~[spring-security-web-7.0.6.jar:7.0.6]
	at org.springframework.security.web.ObservationFilterChainDecorator$ObservationFilter.doFilter(ObservationFilterChainDecorator.java:231) ~[spring-security-web-7.0.6.jar:7.0.6]
	at org.springframework.security.web.ObservationFilterChainDecorator$VirtualFilterChain.doFilter(ObservationFilterChainDecorator.java:141) ~[spring-security-web-7.0.6.jar:7.0.6]
	at org.springframework.web.filter.OncePerRequestFilter.doFilter(OncePerRequestFilter.java:101) ~[spring-web-7.0.8.jar:7.0.8]
	at org.springframework.security.web.ObservationFilterChainDecorator$ObservationFilter.wrapFilter(ObservationFilterChainDecorator.java:244) ~[spring-security-web-7.0.6.jar:7.0.6]
	at org.springframework.security.web.ObservationFilterChainDecorator$ObservationFilter.doFilter(ObservationFilterChainDecorator.java:231) ~[spring-security-web-7.0.6.jar:7.0.6]
	at org.springframework.security.web.ObservationFilterChainDecorator$VirtualFilterChain.doFilter(ObservationFilterChainDecorator.java:141) ~[spring-security-web-7.0.6.jar:7.0.6]
	at org.springframework.web.filter.OncePerRequestFilter.doFilter(OncePerRequestFilter.java:101) ~[spring-web-7.0.8.jar:7.0.8]
	at org.springframework.security.web.ObservationFilterChainDecorator$ObservationFilter.wrapFilter(ObservationFilterChainDecorator.java:244) ~[spring-security-web-7.0.6.jar:7.0.6]
	at org.springframework.security.web.ObservationFilterChainDecorator$ObservationFilter.doFilter(ObservationFilterChainDecorator.java:231) ~[spring-security-web-7.0.6.jar:7.0.6]
	at org.springframework.security.web.ObservationFilterChainDecorator$VirtualFilterChain.doFilter(ObservationFilterChainDecorator.java:141) ~[spring-security-web-7.0.6.jar:7.0.6]
	at org.springframework.security.web.context.SecurityContextHolderFilter.doFilter(SecurityContextHolderFilter.java:82) ~[spring-security-web-7.0.6.jar:7.0.6]
	at org.springframework.security.web.context.SecurityContextHolderFilter.doFilter(SecurityContextHolderFilter.java:69) ~[spring-security-web-7.0.6.jar:7.0.6]
	at org.springframework.security.web.ObservationFilterChainDecorator$ObservationFilter.wrapFilter(ObservationFilterChainDecorator.java:244) ~[spring-security-web-7.0.6.jar:7.0.6]
	at org.springframework.security.web.ObservationFilterChainDecorator$ObservationFilter.doFilter(ObservationFilterChainDecorator.java:231) ~[spring-security-web-7.0.6.jar:7.0.6]
	at org.springframework.security.web.ObservationFilterChainDecorator$VirtualFilterChain.doFilter(ObservationFilterChainDecorator.java:141) ~[spring-security-web-7.0.6.jar:7.0.6]
	at org.springframework.web.filter.OncePerRequestFilter.doFilter(OncePerRequestFilter.java:101) ~[spring-web-7.0.8.jar:7.0.8]
	at org.springframework.security.web.ObservationFilterChainDecorator$ObservationFilter.wrapFilter(ObservationFilterChainDecorator.java:244) ~[spring-security-web-7.0.6.jar:7.0.6]
	at org.springframework.security.web.ObservationFilterChainDecorator$ObservationFilter.doFilter(ObservationFilterChainDecorator.java:231) ~[spring-security-web-7.0.6.jar:7.0.6]
	at org.springframework.security.web.ObservationFilterChainDecorator$VirtualFilterChain.doFilter(ObservationFilterChainDecorator.java:141) ~[spring-security-web-7.0.6.jar:7.0.6]
	at org.springframework.web.filter.OncePerRequestFilter.doFilter(OncePerRequestFilter.java:101) ~[spring-web-7.0.8.jar:7.0.8]
	at org.springframework.security.web.ObservationFilterChainDecorator$ObservationFilter.wrapFilter(ObservationFilterChainDecorator.java:244) ~[spring-security-web-7.0.6.jar:7.0.6]
	at org.springframework.security.web.ObservationFilterChainDecorator$AroundFilterObservation$SimpleAroundFilterObservation.lambda$wrap$0(ObservationFilterChainDecorator.java:337) ~[spring-security-web-7.0.6.jar:7.0.6]
	at org.springframework.security.web.ObservationFilterChainDecorator$ObservationFilter.doFilter(ObservationFilterChainDecorator.java:228) ~[spring-security-web-7.0.6.jar:7.0.6]
	at org.springframework.security.web.ObservationFilterChainDecorator$VirtualFilterChain.doFilter(ObservationFilterChainDecorator.java:141) ~[spring-security-web-7.0.6.jar:7.0.6]
	at org.springframework.security.web.FilterChainProxy.doFilterInternal(FilterChainProxy.java:237) ~[spring-security-web-7.0.6.jar:7.0.6]
	at org.springframework.security.web.FilterChainProxy.doFilter(FilterChainProxy.java:195) ~[spring-security-web-7.0.6.jar:7.0.6]
	at org.springframework.web.filter.CompositeFilter$VirtualFilterChain.doFilter(CompositeFilter.java:113) ~[spring-web-7.0.8.jar:7.0.8]
	at org.springframework.web.filter.ServletRequestPathFilter.doFilter(ServletRequestPathFilter.java:52) ~[spring-web-7.0.8.jar:7.0.8]
	at org.springframework.web.filter.CompositeFilter$VirtualFilterChain.doFilter(CompositeFilter.java:113) ~[spring-web-7.0.8.jar:7.0.8]
	at org.springframework.web.filter.CompositeFilter.doFilter(CompositeFilter.java:74) ~[spring-web-7.0.8.jar:7.0.8]
	at org.springframework.security.config.annotation.web.configuration.WebSecurityConfiguration$CompositeFilterChainProxy.doFilter(WebSecurityConfiguration.java:317) ~[spring-security-config-7.0.6.jar:7.0.6]
	at org.springframework.web.filter.DelegatingFilterProxy.invokeDelegate(DelegatingFilterProxy.java:355) ~[spring-web-7.0.8.jar:7.0.8]
	at org.springframework.web.filter.DelegatingFilterProxy.doFilter(DelegatingFilterProxy.java:272) ~[spring-web-7.0.8.jar:7.0.8]
	at org.apache.catalina.core.ApplicationFilterChain.doFilter(ApplicationFilterChain.java:107) ~[tomcat-embed-core-11.0.22.jar:11.0.22]
	at org.springframework.web.filter.RequestContextFilter.doFilterInternal(RequestContextFilter.java:100) ~[spring-web-7.0.8.jar:7.0.8]
	at org.springframework.web.filter.OncePerRequestFilter.doFilter(OncePerRequestFilter.java:116) ~[spring-web-7.0.8.jar:7.0.8]
	at org.apache.catalina.core.ApplicationFilterChain.doFilter(ApplicationFilterChain.java:107) ~[tomcat-embed-core-11.0.22.jar:11.0.22]
	at org.springframework.web.filter.OncePerRequestFilter.doFilter(OncePerRequestFilter.java:101) ~[spring-web-7.0.8.jar:7.0.8]
	at org.apache.catalina.core.ApplicationFilterChain.doFilter(ApplicationFilterChain.java:107) ~[tomcat-embed-core-11.0.22.jar:11.0.22]
	at org.springframework.web.filter.ServerHttpObservationFilter.doFilterInternal(ServerHttpObservationFilter.java:110) ~[spring-web-7.0.8.jar:7.0.8]
	at org.springframework.web.filter.OncePerRequestFilter.doFilter(OncePerRequestFilter.java:116) ~[spring-web-7.0.8.jar:7.0.8]
	at org.apache.catalina.core.ApplicationFilterChain.doFilter(ApplicationFilterChain.java:107) ~[tomcat-embed-core-11.0.22.jar:11.0.22]
	at org.springframework.web.filter.OncePerRequestFilter.doFilter(OncePerRequestFilter.java:101) ~[spring-web-7.0.8.jar:7.0.8]
	at org.apache.catalina.core.ApplicationFilterChain.doFilter(ApplicationFilterChain.java:107) ~[tomcat-embed-core-11.0.22.jar:11.0.22]
	at org.springframework.web.filter.OncePerRequestFilter.doFilter(OncePerRequestFilter.java:101) ~[spring-web-7.0.8.jar:7.0.8]
	at org.apache.catalina.core.ApplicationFilterChain.doFilter(ApplicationFilterChain.java:107) ~[tomcat-embed-core-11.0.22.jar:11.0.22]
	at org.apache.catalina.core.ApplicationDispatcher.invoke(ApplicationDispatcher.java:513) ~[tomcat-embed-core-11.0.22.jar:11.0.22]
	at org.apache.catalina.core.ApplicationDispatcher.dispatch(ApplicationDispatcher.java:441) ~[tomcat-embed-core-11.0.22.jar:11.0.22]
	at org.apache.catalina.core.AsyncContextImpl$AsyncRunnable.run(AsyncContextImpl.java:585) ~[tomcat-embed-core-11.0.22.jar:11.0.22]
	at org.apache.catalina.core.AsyncContextImpl.doInternalDispatch(AsyncContextImpl.java:340) ~[tomcat-embed-core-11.0.22.jar:11.0.22]
	at org.apache.catalina.core.StandardWrapperValve.invoke(StandardWrapperValve.java:163) ~[tomcat-embed-core-11.0.22.jar:11.0.22]
	at org.apache.catalina.core.StandardContextValve.invoke(StandardContextValve.java:77) ~[tomcat-embed-core-11.0.22.jar:11.0.22]
	at org.apache.catalina.authenticator.AuthenticatorBase.invoke(AuthenticatorBase.java:492) ~[tomcat-embed-core-11.0.22.jar:11.0.22]
	at org.apache.catalina.core.StandardHostValve.invoke(StandardHostValve.java:113) ~[tomcat-embed-core-11.0.22.jar:11.0.22]
	at org.apache.catalina.valves.ErrorReportValve.invoke(ErrorReportValve.java:83) ~[tomcat-embed-core-11.0.22.jar:11.0.22]
	at org.apache.catalina.core.StandardEngineValve.invoke(StandardEngineValve.java:72) ~[tomcat-embed-core-11.0.22.jar:11.0.22]
	at org.apache.catalina.connector.CoyoteAdapter.asyncDispatch(CoyoteAdapter.java:238) ~[tomcat-embed-core-11.0.22.jar:11.0.22]
	at org.apache.coyote.AbstractProcessor.dispatch(AbstractProcessor.java:242) ~[tomcat-embed-core-11.0.22.jar:11.0.22]
	at org.apache.coyote.AbstractProcessorLight.process(AbstractProcessorLight.java:57) ~[tomcat-embed-core-11.0.22.jar:11.0.22]
	at org.apache.coyote.AbstractProtocol$ConnectionHandler.process(AbstractProtocol.java:1272) ~[tomcat-embed-core-11.0.22.jar:11.0.22]
	at org.apache.tomcat.util.net.NioEndpoint$SocketProcessor.doRun(NioEndpoint.java:1801) ~[tomcat-embed-core-11.0.22.jar:11.0.22]
	at org.apache.tomcat.util.net.SocketProcessorBase.run(SocketProcessorBase.java:52) ~[tomcat-embed-core-11.0.22.jar:11.0.22]
	at org.apache.tomcat.util.threads.ThreadPoolExecutor.runWorker(ThreadPoolExecutor.java:946) ~[tomcat-embed-core-11.0.22.jar:11.0.22]
	at org.apache.tomcat.util.threads.ThreadPoolExecutor$Worker.run(ThreadPoolExecutor.java:480) ~[tomcat-embed-core-11.0.22.jar:11.0.22]
	at org.apache.tomcat.util.threads.TaskThread$WrappingRunnable.run(TaskThread.java:57) ~[tomcat-embed-core-11.0.22.jar:11.0.22]
	at java.base/java.lang.Thread.run(Thread.java:1583) ~[na:na]

2026-08-21T21:26:15.695+09:00  INFO 3764 --- [Pokade] [nio-8080-exec-9] c.p.d.n.store.SseEmitterStore            : [SSE] Emitter 제거 userId=3, 남은 연결 수=3
2026-08-21T21:26:15.696+09:00 ERROR 3764 --- [Pokade] [nio-8080-exec-9] o.a.c.c.C.[.[.[/].[dispatcherServlet]    : Servlet.service() for servlet [dispatcherServlet] in context with path [] threw exception [Unable to handle the Spring Security Exception because the response is already committed.] with root cause

org.springframework.security.authorization.AuthorizationDeniedException: Access Denied
	at org.springframework.security.web.access.intercept.AuthorizationFilter.doFilter(AuthorizationFilter.java:99) ~[spring-security-web-7.0.6.jar:7.0.6]
	at org.springframework.security.web.ObservationFilterChainDecorator$ObservationFilter.wrapFilter(ObservationFilterChainDecorator.java:244) ~[spring-security-web-7.0.6.jar:7.0.6]
	at org.springframework.security.web.ObservationFilterChainDecorator$ObservationFilter.doFilter(ObservationFilterChainDecorator.java:231) ~[spring-security-web-7.0.6.jar:7.0.6]
	at org.springframework.security.web.ObservationFilterChainDecorator$VirtualFilterChain.doFilter(ObservationFilterChainDecorator.java:141) ~[spring-security-web-7.0.6.jar:7.0.6]
	at org.springframework.security.web.access.ExceptionTranslationFilter.doFilter(ExceptionTranslationFilter.java:126) ~[spring-security-web-7.0.6.jar:7.0.6]
	at org.springframework.security.web.access.ExceptionTranslationFilter.doFilter(ExceptionTranslationFilter.java:120) ~[spring-security-web-7.0.6.jar:7.0.6]
	at org.springframework.security.web.ObservationFilterChainDecorator$ObservationFilter.wrapFilter(ObservationFilterChainDecorator.java:244) ~[spring-security-web-7.0.6.jar:7.0.6]
	at org.springframework.security.web.ObservationFilterChainDecorator$ObservationFilter.doFilter(ObservationFilterChainDecorator.java:231) ~[spring-security-web-7.0.6.jar:7.0.6]
	at org.springframework.security.web.ObservationFilterChainDecorator$VirtualFilterChain.doFilter(ObservationFilterChainDecorator.java:141) ~[spring-security-web-7.0.6.jar:7.0.6]
	at org.springframework.security.web.session.SessionManagementFilter.doFilter(SessionManagementFilter.java:92) ~[spring-security-web-7.0.6.jar:7.0.6]
	at org.springframework.security.web.session.SessionManagementFilter.doFilter(SessionManagementFilter.java:86) ~[spring-security-web-7.0.6.jar:7.0.6]
	at org.springframework.security.web.ObservationFilterChainDecorator$ObservationFilter.wrapFilter(ObservationFilterChainDecorator.java:244) ~[spring-security-web-7.0.6.jar:7.0.6]
	at org.springframework.security.web.ObservationFilterChainDecorator$ObservationFilter.doFilter(ObservationFilterChainDecorator.java:231) ~[spring-security-web-7.0.6.jar:7.0.6]
	at org.springframework.security.web.ObservationFilterChainDecorator$VirtualFilterChain.doFilter(ObservationFilterChainDecorator.java:141) ~[spring-security-web-7.0.6.jar:7.0.6]
	at org.springframework.security.web.authentication.AnonymousAuthenticationFilter.doFilter(AnonymousAuthenticationFilter.java:100) ~[spring-security-web-7.0.6.jar:7.0.6]
	at org.springframework.security.web.ObservationFilterChainDecorator$ObservationFilter.wrapFilter(ObservationFilterChainDecorator.java:244) ~[spring-security-web-7.0.6.jar:7.0.6]
	at org.springframework.security.web.ObservationFilterChainDecorator$ObservationFilter.doFilter(ObservationFilterChainDecorator.java:231) ~[spring-security-web-7.0.6.jar:7.0.6]
	at org.springframework.security.web.ObservationFilterChainDecorator$VirtualFilterChain.doFilter(ObservationFilterChainDecorator.java:141) ~[spring-security-web-7.0.6.jar:7.0.6]
	at org.springframework.security.web.servletapi.SecurityContextHolderAwareRequestFilter.doFilter(SecurityContextHolderAwareRequestFilter.java:181) ~[spring-security-web-7.0.6.jar:7.0.6]
	at org.springframework.security.web.ObservationFilterChainDecorator$ObservationFilter.wrapFilter(ObservationFilterChainDecorator.java:244) ~[spring-security-web-7.0.6.jar:7.0.6]
	at org.springframework.security.web.ObservationFilterChainDecorator$ObservationFilter.doFilter(ObservationFilterChainDecorator.java:231) ~[spring-security-web-7.0.6.jar:7.0.6]
	at org.springframework.security.web.ObservationFilterChainDecorator$VirtualFilterChain.doFilter(ObservationFilterChainDecorator.java:141) ~[spring-security-web-7.0.6.jar:7.0.6]
	at org.springframework.security.web.savedrequest.RequestCacheAwareFilter.doFilter(RequestCacheAwareFilter.java:63) ~[spring-security-web-7.0.6.jar:7.0.6]
	at org.springframework.security.web.ObservationFilterChainDecorator$ObservationFilter.wrapFilter(ObservationFilterChainDecorator.java:244) ~[spring-security-web-7.0.6.jar:7.0.6]
	at org.springframework.security.web.ObservationFilterChainDecorator$ObservationFilter.doFilter(ObservationFilterChainDecorator.java:231) ~[spring-security-web-7.0.6.jar:7.0.6]
	at org.springframework.security.web.ObservationFilterChainDecorator$VirtualFilterChain.doFilter(ObservationFilterChainDecorator.java:141) ~[spring-security-web-7.0.6.jar:7.0.6]
	at org.springframework.web.filter.OncePerRequestFilter.doFilter(OncePerRequestFilter.java:101) ~[spring-web-7.0.8.jar:7.0.8]
	at org.springframework.security.web.ObservationFilterChainDecorator$ObservationFilter.wrapFilter(ObservationFilterChainDecorator.java:244) ~[spring-security-web-7.0.6.jar:7.0.6]
	at org.springframework.security.web.ObservationFilterChainDecorator$ObservationFilter.doFilter(ObservationFilterChainDecorator.java:231) ~[spring-security-web-7.0.6.jar:7.0.6]
	at org.springframework.security.web.ObservationFilterChainDecorator$VirtualFilterChain.doFilter(ObservationFilterChainDecorator.java:141) ~[spring-security-web-7.0.6.jar:7.0.6]
	at org.springframework.security.web.authentication.AbstractAuthenticationProcessingFilter.doFilter(AbstractAuthenticationProcessingFilter.java:245) ~[spring-security-web-7.0.6.jar:7.0.6]
	at org.springframework.security.web.authentication.AbstractAuthenticationProcessingFilter.doFilter(AbstractAuthenticationProcessingFilter.java:239) ~[spring-security-web-7.0.6.jar:7.0.6]
	at org.springframework.security.web.ObservationFilterChainDecorator$ObservationFilter.wrapFilter(ObservationFilterChainDecorator.java:244) ~[spring-security-web-7.0.6.jar:7.0.6]
	at org.springframework.security.web.ObservationFilterChainDecorator$ObservationFilter.doFilter(ObservationFilterChainDecorator.java:231) ~[spring-security-web-7.0.6.jar:7.0.6]
	at org.springframework.security.web.ObservationFilterChainDecorator$VirtualFilterChain.doFilter(ObservationFilterChainDecorator.java:141) ~[spring-security-web-7.0.6.jar:7.0.6]
	at org.springframework.web.filter.OncePerRequestFilter.doFilter(OncePerRequestFilter.java:101) ~[spring-web-7.0.8.jar:7.0.8]
	at org.springframework.security.web.ObservationFilterChainDecorator$ObservationFilter.wrapFilter(ObservationFilterChainDecorator.java:244) ~[spring-security-web-7.0.6.jar:7.0.6]
	at org.springframework.security.web.ObservationFilterChainDecorator$ObservationFilter.doFilter(ObservationFilterChainDecorator.java:231) ~[spring-security-web-7.0.6.jar:7.0.6]
	at org.springframework.security.web.ObservationFilterChainDecorator$VirtualFilterChain.doFilter(ObservationFilterChainDecorator.java:141) ~[spring-security-web-7.0.6.jar:7.0.6]
	at org.springframework.web.filter.OncePerRequestFilter.doFilter(OncePerRequestFilter.java:101) ~[spring-web-7.0.8.jar:7.0.8]
	at org.springframework.security.web.ObservationFilterChainDecorator$ObservationFilter.wrapFilter(ObservationFilterChainDecorator.java:244) ~[spring-security-web-7.0.6.jar:7.0.6]
	at org.springframework.security.web.ObservationFilterChainDecorator$ObservationFilter.doFilter(ObservationFilterChainDecorator.java:231) ~[spring-security-web-7.0.6.jar:7.0.6]
	at org.springframework.security.web.ObservationFilterChainDecorator$VirtualFilterChain.doFilter(ObservationFilterChainDecorator.java:141) ~[spring-security-web-7.0.6.jar:7.0.6]
	at org.springframework.web.filter.OncePerRequestFilter.doFilter(OncePerRequestFilter.java:101) ~[spring-web-7.0.8.jar:7.0.8]
	at org.springframework.security.web.ObservationFilterChainDecorator$ObservationFilter.wrapFilter(ObservationFilterChainDecorator.java:244) ~[spring-security-web-7.0.6.jar:7.0.6]
	at org.springframework.security.web.ObservationFilterChainDecorator$ObservationFilter.doFilter(ObservationFilterChainDecorator.java:231) ~[spring-security-web-7.0.6.jar:7.0.6]
	at org.springframework.security.web.ObservationFilterChainDecorator$VirtualFilterChain.doFilter(ObservationFilterChainDecorator.java:141) ~[spring-security-web-7.0.6.jar:7.0.6]
	at org.springframework.security.web.context.SecurityContextHolderFilter.doFilter(SecurityContextHolderFilter.java:82) ~[spring-security-web-7.0.6.jar:7.0.6]
	at org.springframework.security.web.context.SecurityContextHolderFilter.doFilter(SecurityContextHolderFilter.java:69) ~[spring-security-web-7.0.6.jar:7.0.6]
	at org.springframework.security.web.ObservationFilterChainDecorator$ObservationFilter.wrapFilter(ObservationFilterChainDecorator.java:244) ~[spring-security-web-7.0.6.jar:7.0.6]
	at org.springframework.security.web.ObservationFilterChainDecorator$ObservationFilter.doFilter(ObservationFilterChainDecorator.java:231) ~[spring-security-web-7.0.6.jar:7.0.6]
	at org.springframework.security.web.ObservationFilterChainDecorator$VirtualFilterChain.doFilter(ObservationFilterChainDecorator.java:141) ~[spring-security-web-7.0.6.jar:7.0.6]
	at org.springframework.web.filter.OncePerRequestFilter.doFilter(OncePerRequestFilter.java:101) ~[spring-web-7.0.8.jar:7.0.8]
	at org.springframework.security.web.ObservationFilterChainDecorator$ObservationFilter.wrapFilter(ObservationFilterChainDecorator.java:244) ~[spring-security-web-7.0.6.jar:7.0.6]
	at org.springframework.security.web.ObservationFilterChainDecorator$ObservationFilter.doFilter(ObservationFilterChainDecorator.java:231) ~[spring-security-web-7.0.6.jar:7.0.6]
	at org.springframework.security.web.ObservationFilterChainDecorator$VirtualFilterChain.doFilter(ObservationFilterChainDecorator.java:141) ~[spring-security-web-7.0.6.jar:7.0.6]
	at org.springframework.web.filter.OncePerRequestFilter.doFilter(OncePerRequestFilter.java:101) ~[spring-web-7.0.8.jar:7.0.8]
	at org.springframework.security.web.ObservationFilterChainDecorator$ObservationFilter.wrapFilter(ObservationFilterChainDecorator.java:244) ~[spring-security-web-7.0.6.jar:7.0.6]
	at org.springframework.security.web.ObservationFilterChainDecorator$AroundFilterObservation$SimpleAroundFilterObservation.lambda$wrap$0(ObservationFilterChainDecorator.java:337) ~[spring-security-web-7.0.6.jar:7.0.6]
	at org.springframework.security.web.ObservationFilterChainDecorator$ObservationFilter.doFilter(ObservationFilterChainDecorator.java:228) ~[spring-security-web-7.0.6.jar:7.0.6]
	at org.springframework.security.web.ObservationFilterChainDecorator$VirtualFilterChain.doFilter(ObservationFilterChainDecorator.java:141) ~[spring-security-web-7.0.6.jar:7.0.6]
	at org.springframework.security.web.FilterChainProxy.doFilterInternal(FilterChainProxy.java:237) ~[spring-security-web-7.0.6.jar:7.0.6]
	at org.springframework.security.web.FilterChainProxy.doFilter(FilterChainProxy.java:195) ~[spring-security-web-7.0.6.jar:7.0.6]
	at org.springframework.web.filter.CompositeFilter$VirtualFilterChain.doFilter(CompositeFilter.java:113) ~[spring-web-7.0.8.jar:7.0.8]
	at org.springframework.web.filter.ServletRequestPathFilter.doFilter(ServletRequestPathFilter.java:52) ~[spring-web-7.0.8.jar:7.0.8]
	at org.springframework.web.filter.CompositeFilter$VirtualFilterChain.doFilter(CompositeFilter.java:113) ~[spring-web-7.0.8.jar:7.0.8]
	at org.springframework.web.filter.CompositeFilter.doFilter(CompositeFilter.java:74) ~[spring-web-7.0.8.jar:7.0.8]
	at org.springframework.security.config.annotation.web.configuration.WebSecurityConfiguration$CompositeFilterChainProxy.doFilter(WebSecurityConfiguration.java:317) ~[spring-security-config-7.0.6.jar:7.0.6]
	at org.springframework.web.filter.DelegatingFilterProxy.invokeDelegate(DelegatingFilterProxy.java:355) ~[spring-web-7.0.8.jar:7.0.8]
	at org.springframework.web.filter.DelegatingFilterProxy.doFilter(DelegatingFilterProxy.java:272) ~[spring-web-7.0.8.jar:7.0.8]
	at org.apache.catalina.core.ApplicationFilterChain.doFilter(ApplicationFilterChain.java:107) ~[tomcat-embed-core-11.0.22.jar:11.0.22]
	at org.springframework.web.filter.RequestContextFilter.doFilterInternal(RequestContextFilter.java:100) ~[spring-web-7.0.8.jar:7.0.8]
	at org.springframework.web.filter.OncePerRequestFilter.doFilter(OncePerRequestFilter.java:116) ~[spring-web-7.0.8.jar:7.0.8]
	at org.apache.catalina.core.ApplicationFilterChain.doFilter(ApplicationFilterChain.java:107) ~[tomcat-embed-core-11.0.22.jar:11.0.22]
	at org.springframework.web.filter.OncePerRequestFilter.doFilter(OncePerRequestFilter.java:101) ~[spring-web-7.0.8.jar:7.0.8]
	at org.apache.catalina.core.ApplicationFilterChain.doFilter(ApplicationFilterChain.java:107) ~[tomcat-embed-core-11.0.22.jar:11.0.22]
	at org.springframework.web.filter.ServerHttpObservationFilter.doFilterInternal(ServerHttpObservationFilter.java:110) ~[spring-web-7.0.8.jar:7.0.8]
	at org.springframework.web.filter.OncePerRequestFilter.doFilter(OncePerRequestFilter.java:116) ~[spring-web-7.0.8.jar:7.0.8]
	at org.apache.catalina.core.ApplicationFilterChain.doFilter(ApplicationFilterChain.java:107) ~[tomcat-embed-core-11.0.22.jar:11.0.22]
	at org.springframework.web.filter.OncePerRequestFilter.doFilter(OncePerRequestFilter.java:101) ~[spring-web-7.0.8.jar:7.0.8]
	at org.apache.catalina.core.ApplicationFilterChain.doFilter(ApplicationFilterChain.java:107) ~[tomcat-embed-core-11.0.22.jar:11.0.22]
	at org.springframework.web.filter.OncePerRequestFilter.doFilter(OncePerRequestFilter.java:101) ~[spring-web-7.0.8.jar:7.0.8]
	at org.apache.catalina.core.ApplicationFilterChain.doFilter(ApplicationFilterChain.java:107) ~[tomcat-embed-core-11.0.22.jar:11.0.22]
	at org.apache.catalina.core.ApplicationDispatcher.invoke(ApplicationDispatcher.java:513) ~[tomcat-embed-core-11.0.22.jar:11.0.22]
	at org.apache.catalina.core.ApplicationDispatcher.dispatch(ApplicationDispatcher.java:441) ~[tomcat-embed-core-11.0.22.jar:11.0.22]
	at org.apache.catalina.core.AsyncContextImpl$AsyncRunnable.run(AsyncContextImpl.java:585) ~[tomcat-embed-core-11.0.22.jar:11.0.22]
	at org.apache.catalina.core.AsyncContextImpl.doInternalDispatch(AsyncContextImpl.java:340) ~[tomcat-embed-core-11.0.22.jar:11.0.22]
	at org.apache.catalina.core.StandardWrapperValve.invoke(StandardWrapperValve.java:163) ~[tomcat-embed-core-11.0.22.jar:11.0.22]
	at org.apache.catalina.core.StandardContextValve.invoke(StandardContextValve.java:77) ~[tomcat-embed-core-11.0.22.jar:11.0.22]
	at org.apache.catalina.authenticator.AuthenticatorBase.invoke(AuthenticatorBase.java:492) ~[tomcat-embed-core-11.0.22.jar:11.0.22]
	at org.apache.catalina.core.StandardHostValve.invoke(StandardHostValve.java:113) ~[tomcat-embed-core-11.0.22.jar:11.0.22]
	at org.apache.catalina.valves.ErrorReportValve.invoke(ErrorReportValve.java:83) ~[tomcat-embed-core-11.0.22.jar:11.0.22]
	at org.apache.catalina.core.StandardEngineValve.invoke(StandardEngineValve.java:72) ~[tomcat-embed-core-11.0.22.jar:11.0.22]
	at org.apache.catalina.connector.CoyoteAdapter.asyncDispatch(CoyoteAdapter.java:238) ~[tomcat-embed-core-11.0.22.jar:11.0.22]
	at org.apache.coyote.AbstractProcessor.dispatch(AbstractProcessor.java:242) ~[tomcat-embed-core-11.0.22.jar:11.0.22]
	at org.apache.coyote.AbstractProcessorLight.process(AbstractProcessorLight.java:57) ~[tomcat-embed-core-11.0.22.jar:11.0.22]
	at org.apache.coyote.AbstractProtocol$ConnectionHandler.process(AbstractProtocol.java:1272) ~[tomcat-embed-core-11.0.22.jar:11.0.22]
	at org.apache.tomcat.util.net.NioEndpoint$SocketProcessor.doRun(NioEndpoint.java:1801) ~[tomcat-embed-core-11.0.22.jar:11.0.22]
	at org.apache.tomcat.util.net.SocketProcessorBase.run(SocketProcessorBase.java:52) ~[tomcat-embed-core-11.0.22.jar:11.0.22]
	at org.apache.tomcat.util.threads.ThreadPoolExecutor.runWorker(ThreadPoolExecutor.java:946) ~[tomcat-embed-core-11.0.22.jar:11.0.22]
	at org.apache.tomcat.util.threads.ThreadPoolExecutor$Worker.run(ThreadPoolExecutor.java:480) ~[tomcat-embed-core-11.0.22.jar:11.0.22]
	at org.apache.tomcat.util.threads.TaskThread$WrappingRunnable.run(TaskThread.java:57) ~[tomcat-embed-core-11.0.22.jar:11.0.22]
	at java.base/java.lang.Thread.run(Thread.java:1583) ~[na:na]

2026-08-21T21:26:16.888+09:00 DEBUG 3764 --- [Pokade] [l-1:housekeeper] com.zaxxer.hikari.pool.HikariPool        : HikariPool-1 - keepalive: connection org.postgresql.jdbc.PgConnection@1caceb72 is alive
2026-08-21T21:26:17.479+09:00 DEBUG 3764 --- [Pokade] [l-1:housekeeper] com.zaxxer.hikari.pool.HikariPool        : HikariPool-1 - keepalive: connection org.postgresql.jdbc.PgConnection@218a4ce0 is alive
2026-08-21T21:26:25.876+09:00 DEBUG 3764 --- [Pokade] [l-1:housekeeper] com.zaxxer.hikari.pool.HikariPool        : HikariPool-1 - keepalive: connection org.postgresql.jdbc.PgConnection@46660948 is alive
2026-08-21T21:26:30.701+09:00  INFO 3764 --- [Pokade] [nio-8080-exec-1] c.p.d.n.store.SseEmitterStore            : [SSE] Emitter 제거 userId=3, 남은 연결 수=2
2026-08-21T21:26:30.701+09:00  INFO 3764 --- [Pokade] [   scheduling-1] c.p.d.n.service.NotificationService      : SSE 전송 실패로 연결을 종료합니다.

org.springframework.web.context.request.async.AsyncRequestNotUsableException: ServletResponse failed to flushBuffer: java.io.IOException: 현재 연결은 사용자의 호스트 시스템의 소프트웨어의 의해 중단되었습니다
	at org.springframework.web.context.request.async.StandardServletAsyncWebRequest$LifecycleHttpServletResponse.handleIOException(StandardServletAsyncWebRequest.java:340) ~[spring-web-7.0.8.jar:7.0.8]
	at org.springframework.web.context.request.async.StandardServletAsyncWebRequest$LifecycleHttpServletResponse.flushBuffer(StandardServletAsyncWebRequest.java:319) ~[spring-web-7.0.8.jar:7.0.8]
	at org.springframework.http.server.ServletServerHttpResponse.flush(ServletServerHttpResponse.java:126) ~[spring-web-7.0.8.jar:7.0.8]
	at org.springframework.http.server.DelegatingServerHttpResponse.flush(DelegatingServerHttpResponse.java:61) ~[spring-web-7.0.8.jar:7.0.8]
	at org.springframework.web.servlet.mvc.method.annotation.ResponseBodyEmitterReturnValueHandler$DefaultSseEmitterHandler.send(ResponseBodyEmitterReturnValueHandler.java:299) ~[spring-webmvc-7.0.8.jar:7.0.8]
	at org.springframework.web.servlet.mvc.method.annotation.ResponseBodyEmitter.sendInternal(ResponseBodyEmitter.java:253) ~[spring-webmvc-7.0.8.jar:7.0.8]
	at org.springframework.web.servlet.mvc.method.annotation.ResponseBodyEmitter.send(ResponseBodyEmitter.java:240) ~[spring-webmvc-7.0.8.jar:7.0.8]
	at org.springframework.web.servlet.mvc.method.annotation.SseEmitter.send(SseEmitter.java:131) ~[spring-webmvc-7.0.8.jar:7.0.8]
	at com.pokade.domain.notification.service.NotificationService.sendEvent(NotificationService.java:215) ~[main/:na]
	at com.pokade.domain.notification.service.NotificationService.sendHeartbeat(NotificationService.java:203) ~[main/:na]
	at java.base/jdk.internal.reflect.DirectMethodHandleAccessor.invoke(DirectMethodHandleAccessor.java:103) ~[na:na]
	at java.base/java.lang.reflect.Method.invoke(Method.java:580) ~[na:na]
	at org.springframework.aop.support.AopUtils.invokeJoinpointUsingReflection(AopUtils.java:359) ~[spring-aop-7.0.8.jar:7.0.8]
	at org.springframework.aop.framework.ReflectiveMethodInvocation.invokeJoinpoint(ReflectiveMethodInvocation.java:190) ~[spring-aop-7.0.8.jar:7.0.8]
	at org.springframework.aop.framework.ReflectiveMethodInvocation.proceed(ReflectiveMethodInvocation.java:158) ~[spring-aop-7.0.8.jar:7.0.8]
	at org.springframework.transaction.interceptor.TransactionInterceptor$1.proceedWithInvocation(TransactionInterceptor.java:133) ~[spring-tx-7.0.8.jar:7.0.8]
	at org.springframework.transaction.interceptor.TransactionAspectSupport.invokeWithinTransaction(TransactionAspectSupport.java:371) ~[spring-tx-7.0.8.jar:7.0.8]
	at org.springframework.transaction.interceptor.TransactionInterceptor.invoke(TransactionInterceptor.java:130) ~[spring-tx-7.0.8.jar:7.0.8]
	at org.springframework.aop.framework.ReflectiveMethodInvocation.proceed(ReflectiveMethodInvocation.java:179) ~[spring-aop-7.0.8.jar:7.0.8]
	at org.springframework.aop.aspectj.AspectJAfterThrowingAdvice.invoke(AspectJAfterThrowingAdvice.java:63) ~[spring-aop-7.0.8.jar:7.0.8]
	at org.springframework.aop.framework.ReflectiveMethodInvocation.proceed(ReflectiveMethodInvocation.java:179) ~[spring-aop-7.0.8.jar:7.0.8]
	at org.springframework.aop.aspectj.MethodInvocationProceedingJoinPoint.proceed(MethodInvocationProceedingJoinPoint.java:82) ~[spring-aop-7.0.8.jar:7.0.8]
	at com.pokade.global.aop.ExceptionTranslationAspect.translate(ExceptionTranslationAspect.java:28) ~[main/:na]
	at java.base/jdk.internal.reflect.DirectMethodHandleAccessor.invoke(DirectMethodHandleAccessor.java:103) ~[na:na]
	at java.base/java.lang.reflect.Method.invoke(Method.java:580) ~[na:na]
	at org.springframework.aop.aspectj.AbstractAspectJAdvice.invokeAdviceMethodWithGivenArgs(AbstractAspectJAdvice.java:648) ~[spring-aop-7.0.8.jar:7.0.8]
	at org.springframework.aop.aspectj.AbstractAspectJAdvice.invokeAdviceMethod(AbstractAspectJAdvice.java:630) ~[spring-aop-7.0.8.jar:7.0.8]
	at org.springframework.aop.aspectj.AspectJAroundAdvice.invoke(AspectJAroundAdvice.java:70) ~[spring-aop-7.0.8.jar:7.0.8]
	at org.springframework.aop.framework.ReflectiveMethodInvocation.proceed(ReflectiveMethodInvocation.java:179) ~[spring-aop-7.0.8.jar:7.0.8]
	at org.springframework.aop.interceptor.ExposeInvocationInterceptor.invoke(ExposeInvocationInterceptor.java:96) ~[spring-aop-7.0.8.jar:7.0.8]
	at org.springframework.aop.framework.ReflectiveMethodInvocation.proceed(ReflectiveMethodInvocation.java:179) ~[spring-aop-7.0.8.jar:7.0.8]
	at org.springframework.aop.framework.CglibAopProxy$DynamicAdvisedInterceptor.intercept(CglibAopProxy.java:719) ~[spring-aop-7.0.8.jar:7.0.8]
	at com.pokade.domain.notification.service.NotificationService$$SpringCGLIB$$0.sendHeartbeat(<generated>) ~[main/:na]
	at java.base/jdk.internal.reflect.DirectMethodHandleAccessor.invoke(DirectMethodHandleAccessor.java:103) ~[na:na]
	at java.base/java.lang.reflect.Method.invoke(Method.java:580) ~[na:na]
	at org.springframework.scheduling.support.ScheduledMethodRunnable.runInternal(ScheduledMethodRunnable.java:128) ~[spring-context-7.0.8.jar:7.0.8]
	at org.springframework.scheduling.support.ScheduledMethodRunnable.lambda$run$1(ScheduledMethodRunnable.java:122) ~[spring-context-7.0.8.jar:7.0.8]
	at io.micrometer.observation.Observation.observe(Observation.java:569) ~[micrometer-observation-1.16.6.jar:1.16.6]
	at org.springframework.scheduling.support.ScheduledMethodRunnable.run(ScheduledMethodRunnable.java:122) ~[spring-context-7.0.8.jar:7.0.8]
	at org.springframework.scheduling.config.Task$OutcomeTrackingRunnable.run(Task.java:88) ~[spring-context-7.0.8.jar:7.0.8]
	at org.springframework.scheduling.support.DelegatingErrorHandlingRunnable.run(DelegatingErrorHandlingRunnable.java:54) ~[spring-context-7.0.8.jar:7.0.8]
	at java.base/java.util.concurrent.Executors$RunnableAdapter.call(Executors.java:572) ~[na:na]
	at java.base/java.util.concurrent.FutureTask.runAndReset(FutureTask.java:358) ~[na:na]
	at java.base/java.util.concurrent.ScheduledThreadPoolExecutor$ScheduledFutureTask.run(ScheduledThreadPoolExecutor.java:305) ~[na:na]
	at java.base/java.util.concurrent.ThreadPoolExecutor.runWorker(ThreadPoolExecutor.java:1144) ~[na:na]
	at java.base/java.util.concurrent.ThreadPoolExecutor$Worker.run(ThreadPoolExecutor.java:642) ~[na:na]
	at java.base/java.lang.Thread.run(Thread.java:1583) ~[na:na]
Caused by: org.apache.catalina.connector.ClientAbortException: java.io.IOException: 현재 연결은 사용자의 호스트 시스템의 소프트웨어의 의해 중단되었습니다
	at org.apache.catalina.connector.OutputBuffer.doFlush(OutputBuffer.java:290) ~[tomcat-embed-core-11.0.22.jar:11.0.22]
	at org.apache.catalina.connector.OutputBuffer.flush(OutputBuffer.java:252) ~[tomcat-embed-core-11.0.22.jar:11.0.22]
	at org.apache.catalina.connector.Response.flushBuffer(Response.java:432) ~[tomcat-embed-core-11.0.22.jar:11.0.22]
	at org.apache.catalina.connector.ResponseFacade.flushBuffer(ResponseFacade.java:175) ~[tomcat-embed-core-11.0.22.jar:11.0.22]
	at jakarta.servlet.ServletResponseWrapper.flushBuffer(ServletResponseWrapper.java:180) ~[tomcat-embed-core-11.0.22.jar:6.1]
	at jakarta.servlet.ServletResponseWrapper.flushBuffer(ServletResponseWrapper.java:180) ~[tomcat-embed-core-11.0.22.jar:6.1]
	at jakarta.servlet.ServletResponseWrapper.flushBuffer(ServletResponseWrapper.java:180) ~[tomcat-embed-core-11.0.22.jar:6.1]
	at org.springframework.security.web.util.OnCommittedResponseWrapper.flushBuffer(OnCommittedResponseWrapper.java:195) ~[spring-security-web-7.0.6.jar:7.0.6]
	at org.springframework.web.context.request.async.StandardServletAsyncWebRequest$LifecycleHttpServletResponse.flushBuffer(StandardServletAsyncWebRequest.java:316) ~[spring-web-7.0.8.jar:7.0.8]
	... 45 common frames omitted
Caused by: java.io.IOException: 현재 연결은 사용자의 호스트 시스템의 소프트웨어의 의해 중단되었습니다
	at java.base/sun.nio.ch.SocketDispatcher.write0(Native Method) ~[na:na]
	at java.base/sun.nio.ch.SocketDispatcher.write(SocketDispatcher.java:54) ~[na:na]
	at java.base/sun.nio.ch.IOUtil.writeFromNativeBuffer(IOUtil.java:137) ~[na:na]
	at java.base/sun.nio.ch.IOUtil.write(IOUtil.java:102) ~[na:na]
	at java.base/sun.nio.ch.IOUtil.write(IOUtil.java:58) ~[na:na]
	at java.base/sun.nio.ch.SocketChannelImpl.write(SocketChannelImpl.java:542) ~[na:na]
	at org.apache.tomcat.util.net.NioChannel.write(NioChannel.java:129) ~[tomcat-embed-core-11.0.22.jar:11.0.22]
	at org.apache.tomcat.util.net.NioEndpoint$NioSocketWrapper.doWrite(NioEndpoint.java:1441) ~[tomcat-embed-core-11.0.22.jar:11.0.22]
	at org.apache.tomcat.util.net.SocketWrapperBase.doWrite(SocketWrapperBase.java:747) ~[tomcat-embed-core-11.0.22.jar:11.0.22]
	at org.apache.tomcat.util.net.SocketWrapperBase.flushBlocking(SocketWrapperBase.java:713) ~[tomcat-embed-core-11.0.22.jar:11.0.22]
	at org.apache.tomcat.util.net.SocketWrapperBase.flush(SocketWrapperBase.java:698) ~[tomcat-embed-core-11.0.22.jar:11.0.22]
	at org.apache.coyote.http11.Http11OutputBuffer$SocketOutputBuffer.flush(Http11OutputBuffer.java:563) ~[tomcat-embed-core-11.0.22.jar:11.0.22]
	at org.apache.coyote.http11.filters.ChunkedOutputFilter.flush(ChunkedOutputFilter.java:132) ~[tomcat-embed-core-11.0.22.jar:11.0.22]
	at org.apache.coyote.http11.Http11OutputBuffer.flush(Http11OutputBuffer.java:216) ~[tomcat-embed-core-11.0.22.jar:11.0.22]
	at org.apache.coyote.http11.Http11Processor.flush(Http11Processor.java:1271) ~[tomcat-embed-core-11.0.22.jar:11.0.22]
	at org.apache.coyote.AbstractProcessor.action(AbstractProcessor.java:407) ~[tomcat-embed-core-11.0.22.jar:11.0.22]
	at org.apache.coyote.Response.action(Response.java:197) ~[tomcat-embed-core-11.0.22.jar:11.0.22]
	at org.apache.catalina.connector.OutputBuffer.doFlush(OutputBuffer.java:286) ~[tomcat-embed-core-11.0.22.jar:11.0.22]
	... 53 common frames omitted

2026-08-21T21:26:30.702+09:00 ERROR 3764 --- [Pokade] [nio-8080-exec-1] o.a.c.c.C.[.[.[/].[dispatcherServlet]    : Servlet.service() for servlet [dispatcherServlet] threw exception

org.springframework.security.authorization.AuthorizationDeniedException: Access Denied
	at org.springframework.security.web.access.intercept.AuthorizationFilter.doFilter(AuthorizationFilter.java:99) ~[spring-security-web-7.0.6.jar:7.0.6]
	at org.springframework.security.web.ObservationFilterChainDecorator$ObservationFilter.wrapFilter(ObservationFilterChainDecorator.java:244) ~[spring-security-web-7.0.6.jar:7.0.6]
	at org.springframework.security.web.ObservationFilterChainDecorator$ObservationFilter.doFilter(ObservationFilterChainDecorator.java:231) ~[spring-security-web-7.0.6.jar:7.0.6]
	at org.springframework.security.web.ObservationFilterChainDecorator$VirtualFilterChain.doFilter(ObservationFilterChainDecorator.java:141) ~[spring-security-web-7.0.6.jar:7.0.6]
	at org.springframework.security.web.access.ExceptionTranslationFilter.doFilter(ExceptionTranslationFilter.java:126) ~[spring-security-web-7.0.6.jar:7.0.6]
	at org.springframework.security.web.access.ExceptionTranslationFilter.doFilter(ExceptionTranslationFilter.java:120) ~[spring-security-web-7.0.6.jar:7.0.6]
	at org.springframework.security.web.ObservationFilterChainDecorator$ObservationFilter.wrapFilter(ObservationFilterChainDecorator.java:244) ~[spring-security-web-7.0.6.jar:7.0.6]
	at org.springframework.security.web.ObservationFilterChainDecorator$ObservationFilter.doFilter(ObservationFilterChainDecorator.java:231) ~[spring-security-web-7.0.6.jar:7.0.6]
	at org.springframework.security.web.ObservationFilterChainDecorator$VirtualFilterChain.doFilter(ObservationFilterChainDecorator.java:141) ~[spring-security-web-7.0.6.jar:7.0.6]
	at org.springframework.security.web.session.SessionManagementFilter.doFilter(SessionManagementFilter.java:92) ~[spring-security-web-7.0.6.jar:7.0.6]
	at org.springframework.security.web.session.SessionManagementFilter.doFilter(SessionManagementFilter.java:86) ~[spring-security-web-7.0.6.jar:7.0.6]
	at org.springframework.security.web.ObservationFilterChainDecorator$ObservationFilter.wrapFilter(ObservationFilterChainDecorator.java:244) ~[spring-security-web-7.0.6.jar:7.0.6]
	at org.springframework.security.web.ObservationFilterChainDecorator$ObservationFilter.doFilter(ObservationFilterChainDecorator.java:231) ~[spring-security-web-7.0.6.jar:7.0.6]
	at org.springframework.security.web.ObservationFilterChainDecorator$VirtualFilterChain.doFilter(ObservationFilterChainDecorator.java:141) ~[spring-security-web-7.0.6.jar:7.0.6]
	at org.springframework.security.web.authentication.AnonymousAuthenticationFilter.doFilter(AnonymousAuthenticationFilter.java:100) ~[spring-security-web-7.0.6.jar:7.0.6]
	at org.springframework.security.web.ObservationFilterChainDecorator$ObservationFilter.wrapFilter(ObservationFilterChainDecorator.java:244) ~[spring-security-web-7.0.6.jar:7.0.6]
	at org.springframework.security.web.ObservationFilterChainDecorator$ObservationFilter.doFilter(ObservationFilterChainDecorator.java:231) ~[spring-security-web-7.0.6.jar:7.0.6]
	at org.springframework.security.web.ObservationFilterChainDecorator$VirtualFilterChain.doFilter(ObservationFilterChainDecorator.java:141) ~[spring-security-web-7.0.6.jar:7.0.6]
	at org.springframework.security.web.servletapi.SecurityContextHolderAwareRequestFilter.doFilter(SecurityContextHolderAwareRequestFilter.java:181) ~[spring-security-web-7.0.6.jar:7.0.6]
	at org.springframework.security.web.ObservationFilterChainDecorator$ObservationFilter.wrapFilter(ObservationFilterChainDecorator.java:244) ~[spring-security-web-7.0.6.jar:7.0.6]
	at org.springframework.security.web.ObservationFilterChainDecorator$ObservationFilter.doFilter(ObservationFilterChainDecorator.java:231) ~[spring-security-web-7.0.6.jar:7.0.6]
	at org.springframework.security.web.ObservationFilterChainDecorator$VirtualFilterChain.doFilter(ObservationFilterChainDecorator.java:141) ~[spring-security-web-7.0.6.jar:7.0.6]
	at org.springframework.security.web.savedrequest.RequestCacheAwareFilter.doFilter(RequestCacheAwareFilter.java:63) ~[spring-security-web-7.0.6.jar:7.0.6]
	at org.springframework.security.web.ObservationFilterChainDecorator$ObservationFilter.wrapFilter(ObservationFilterChainDecorator.java:244) ~[spring-security-web-7.0.6.jar:7.0.6]
	at org.springframework.security.web.ObservationFilterChainDecorator$ObservationFilter.doFilter(ObservationFilterChainDecorator.java:231) ~[spring-security-web-7.0.6.jar:7.0.6]
	at org.springframework.security.web.ObservationFilterChainDecorator$VirtualFilterChain.doFilter(ObservationFilterChainDecorator.java:141) ~[spring-security-web-7.0.6.jar:7.0.6]
	at org.springframework.web.filter.OncePerRequestFilter.doFilter(OncePerRequestFilter.java:101) ~[spring-web-7.0.8.jar:7.0.8]
	at org.springframework.security.web.ObservationFilterChainDecorator$ObservationFilter.wrapFilter(ObservationFilterChainDecorator.java:244) ~[spring-security-web-7.0.6.jar:7.0.6]
	at org.springframework.security.web.ObservationFilterChainDecorator$ObservationFilter.doFilter(ObservationFilterChainDecorator.java:231) ~[spring-security-web-7.0.6.jar:7.0.6]
	at org.springframework.security.web.ObservationFilterChainDecorator$VirtualFilterChain.doFilter(ObservationFilterChainDecorator.java:141) ~[spring-security-web-7.0.6.jar:7.0.6]
	at org.springframework.security.web.authentication.AbstractAuthenticationProcessingFilter.doFilter(AbstractAuthenticationProcessingFilter.java:245) ~[spring-security-web-7.0.6.jar:7.0.6]
	at org.springframework.security.web.authentication.AbstractAuthenticationProcessingFilter.doFilter(AbstractAuthenticationProcessingFilter.java:239) ~[spring-security-web-7.0.6.jar:7.0.6]
	at org.springframework.security.web.ObservationFilterChainDecorator$ObservationFilter.wrapFilter(ObservationFilterChainDecorator.java:244) ~[spring-security-web-7.0.6.jar:7.0.6]
	at org.springframework.security.web.ObservationFilterChainDecorator$ObservationFilter.doFilter(ObservationFilterChainDecorator.java:231) ~[spring-security-web-7.0.6.jar:7.0.6]
	at org.springframework.security.web.ObservationFilterChainDecorator$VirtualFilterChain.doFilter(ObservationFilterChainDecorator.java:141) ~[spring-security-web-7.0.6.jar:7.0.6]
	at org.springframework.web.filter.OncePerRequestFilter.doFilter(OncePerRequestFilter.java:101) ~[spring-web-7.0.8.jar:7.0.8]
	at org.springframework.security.web.ObservationFilterChainDecorator$ObservationFilter.wrapFilter(ObservationFilterChainDecorator.java:244) ~[spring-security-web-7.0.6.jar:7.0.6]
	at org.springframework.security.web.ObservationFilterChainDecorator$ObservationFilter.doFilter(ObservationFilterChainDecorator.java:231) ~[spring-security-web-7.0.6.jar:7.0.6]
	at org.springframework.security.web.ObservationFilterChainDecorator$VirtualFilterChain.doFilter(ObservationFilterChainDecorator.java:141) ~[spring-security-web-7.0.6.jar:7.0.6]
	at org.springframework.web.filter.OncePerRequestFilter.doFilter(OncePerRequestFilter.java:101) ~[spring-web-7.0.8.jar:7.0.8]
	at org.springframework.security.web.ObservationFilterChainDecorator$ObservationFilter.wrapFilter(ObservationFilterChainDecorator.java:244) ~[spring-security-web-7.0.6.jar:7.0.6]
	at org.springframework.security.web.ObservationFilterChainDecorator$ObservationFilter.doFilter(ObservationFilterChainDecorator.java:231) ~[spring-security-web-7.0.6.jar:7.0.6]
	at org.springframework.security.web.ObservationFilterChainDecorator$VirtualFilterChain.doFilter(ObservationFilterChainDecorator.java:141) ~[spring-security-web-7.0.6.jar:7.0.6]
	at org.springframework.web.filter.OncePerRequestFilter.doFilter(OncePerRequestFilter.java:101) ~[spring-web-7.0.8.jar:7.0.8]
	at org.springframework.security.web.ObservationFilterChainDecorator$ObservationFilter.wrapFilter(ObservationFilterChainDecorator.java:244) ~[spring-security-web-7.0.6.jar:7.0.6]
	at org.springframework.security.web.ObservationFilterChainDecorator$ObservationFilter.doFilter(ObservationFilterChainDecorator.java:231) ~[spring-security-web-7.0.6.jar:7.0.6]
	at org.springframework.security.web.ObservationFilterChainDecorator$VirtualFilterChain.doFilter(ObservationFilterChainDecorator.java:141) ~[spring-security-web-7.0.6.jar:7.0.6]
	at org.springframework.security.web.context.SecurityContextHolderFilter.doFilter(SecurityContextHolderFilter.java:82) ~[spring-security-web-7.0.6.jar:7.0.6]
	at org.springframework.security.web.context.SecurityContextHolderFilter.doFilter(SecurityContextHolderFilter.java:69) ~[spring-security-web-7.0.6.jar:7.0.6]
	at org.springframework.security.web.ObservationFilterChainDecorator$ObservationFilter.wrapFilter(ObservationFilterChainDecorator.java:244) ~[spring-security-web-7.0.6.jar:7.0.6]
	at org.springframework.security.web.ObservationFilterChainDecorator$ObservationFilter.doFilter(ObservationFilterChainDecorator.java:231) ~[spring-security-web-7.0.6.jar:7.0.6]
	at org.springframework.security.web.ObservationFilterChainDecorator$VirtualFilterChain.doFilter(ObservationFilterChainDecorator.java:141) ~[spring-security-web-7.0.6.jar:7.0.6]
	at org.springframework.web.filter.OncePerRequestFilter.doFilter(OncePerRequestFilter.java:101) ~[spring-web-7.0.8.jar:7.0.8]
	at org.springframework.security.web.ObservationFilterChainDecorator$ObservationFilter.wrapFilter(ObservationFilterChainDecorator.java:244) ~[spring-security-web-7.0.6.jar:7.0.6]
	at org.springframework.security.web.ObservationFilterChainDecorator$ObservationFilter.doFilter(ObservationFilterChainDecorator.java:231) ~[spring-security-web-7.0.6.jar:7.0.6]
	at org.springframework.security.web.ObservationFilterChainDecorator$VirtualFilterChain.doFilter(ObservationFilterChainDecorator.java:141) ~[spring-security-web-7.0.6.jar:7.0.6]
	at org.springframework.web.filter.OncePerRequestFilter.doFilter(OncePerRequestFilter.java:101) ~[spring-web-7.0.8.jar:7.0.8]
	at org.springframework.security.web.ObservationFilterChainDecorator$ObservationFilter.wrapFilter(ObservationFilterChainDecorator.java:244) ~[spring-security-web-7.0.6.jar:7.0.6]
	at org.springframework.security.web.ObservationFilterChainDecorator$AroundFilterObservation$SimpleAroundFilterObservation.lambda$wrap$0(ObservationFilterChainDecorator.java:337) ~[spring-security-web-7.0.6.jar:7.0.6]
	at org.springframework.security.web.ObservationFilterChainDecorator$ObservationFilter.doFilter(ObservationFilterChainDecorator.java:228) ~[spring-security-web-7.0.6.jar:7.0.6]
	at org.springframework.security.web.ObservationFilterChainDecorator$VirtualFilterChain.doFilter(ObservationFilterChainDecorator.java:141) ~[spring-security-web-7.0.6.jar:7.0.6]
	at org.springframework.security.web.FilterChainProxy.doFilterInternal(FilterChainProxy.java:237) ~[spring-security-web-7.0.6.jar:7.0.6]
	at org.springframework.security.web.FilterChainProxy.doFilter(FilterChainProxy.java:195) ~[spring-security-web-7.0.6.jar:7.0.6]
	at org.springframework.web.filter.CompositeFilter$VirtualFilterChain.doFilter(CompositeFilter.java:113) ~[spring-web-7.0.8.jar:7.0.8]
	at org.springframework.web.filter.ServletRequestPathFilter.doFilter(ServletRequestPathFilter.java:52) ~[spring-web-7.0.8.jar:7.0.8]
	at org.springframework.web.filter.CompositeFilter$VirtualFilterChain.doFilter(CompositeFilter.java:113) ~[spring-web-7.0.8.jar:7.0.8]
	at org.springframework.web.filter.CompositeFilter.doFilter(CompositeFilter.java:74) ~[spring-web-7.0.8.jar:7.0.8]
	at org.springframework.security.config.annotation.web.configuration.WebSecurityConfiguration$CompositeFilterChainProxy.doFilter(WebSecurityConfiguration.java:317) ~[spring-security-config-7.0.6.jar:7.0.6]
	at org.springframework.web.filter.DelegatingFilterProxy.invokeDelegate(DelegatingFilterProxy.java:355) ~[spring-web-7.0.8.jar:7.0.8]
	at org.springframework.web.filter.DelegatingFilterProxy.doFilter(DelegatingFilterProxy.java:272) ~[spring-web-7.0.8.jar:7.0.8]
	at org.apache.catalina.core.ApplicationFilterChain.doFilter(ApplicationFilterChain.java:107) ~[tomcat-embed-core-11.0.22.jar:11.0.22]
	at org.springframework.web.filter.RequestContextFilter.doFilterInternal(RequestContextFilter.java:100) ~[spring-web-7.0.8.jar:7.0.8]
	at org.springframework.web.filter.OncePerRequestFilter.doFilter(OncePerRequestFilter.java:116) ~[spring-web-7.0.8.jar:7.0.8]
	at org.apache.catalina.core.ApplicationFilterChain.doFilter(ApplicationFilterChain.java:107) ~[tomcat-embed-core-11.0.22.jar:11.0.22]
	at org.springframework.web.filter.OncePerRequestFilter.doFilter(OncePerRequestFilter.java:101) ~[spring-web-7.0.8.jar:7.0.8]
	at org.apache.catalina.core.ApplicationFilterChain.doFilter(ApplicationFilterChain.java:107) ~[tomcat-embed-core-11.0.22.jar:11.0.22]
	at org.springframework.web.filter.ServerHttpObservationFilter.doFilterInternal(ServerHttpObservationFilter.java:110) ~[spring-web-7.0.8.jar:7.0.8]
	at org.springframework.web.filter.OncePerRequestFilter.doFilter(OncePerRequestFilter.java:116) ~[spring-web-7.0.8.jar:7.0.8]
	at org.apache.catalina.core.ApplicationFilterChain.doFilter(ApplicationFilterChain.java:107) ~[tomcat-embed-core-11.0.22.jar:11.0.22]
	at org.springframework.web.filter.OncePerRequestFilter.doFilter(OncePerRequestFilter.java:101) ~[spring-web-7.0.8.jar:7.0.8]
	at org.apache.catalina.core.ApplicationFilterChain.doFilter(ApplicationFilterChain.java:107) ~[tomcat-embed-core-11.0.22.jar:11.0.22]
	at org.springframework.web.filter.OncePerRequestFilter.doFilter(OncePerRequestFilter.java:101) ~[spring-web-7.0.8.jar:7.0.8]
	at org.apache.catalina.core.ApplicationFilterChain.doFilter(ApplicationFilterChain.java:107) ~[tomcat-embed-core-11.0.22.jar:11.0.22]
	at org.apache.catalina.core.ApplicationDispatcher.invoke(ApplicationDispatcher.java:513) ~[tomcat-embed-core-11.0.22.jar:11.0.22]
	at org.apache.catalina.core.ApplicationDispatcher.dispatch(ApplicationDispatcher.java:441) ~[tomcat-embed-core-11.0.22.jar:11.0.22]
	at org.apache.catalina.core.AsyncContextImpl$AsyncRunnable.run(AsyncContextImpl.java:585) ~[tomcat-embed-core-11.0.22.jar:11.0.22]
	at org.apache.catalina.core.AsyncContextImpl.doInternalDispatch(AsyncContextImpl.java:340) ~[tomcat-embed-core-11.0.22.jar:11.0.22]
	at org.apache.catalina.core.StandardWrapperValve.invoke(StandardWrapperValve.java:163) ~[tomcat-embed-core-11.0.22.jar:11.0.22]
	at org.apache.catalina.core.StandardContextValve.invoke(StandardContextValve.java:77) ~[tomcat-embed-core-11.0.22.jar:11.0.22]
	at org.apache.catalina.authenticator.AuthenticatorBase.invoke(AuthenticatorBase.java:492) ~[tomcat-embed-core-11.0.22.jar:11.0.22]
	at org.apache.catalina.core.StandardHostValve.invoke(StandardHostValve.java:113) ~[tomcat-embed-core-11.0.22.jar:11.0.22]
	at org.apache.catalina.valves.ErrorReportValve.invoke(ErrorReportValve.java:83) ~[tomcat-embed-core-11.0.22.jar:11.0.22]
	at org.apache.catalina.core.StandardEngineValve.invoke(StandardEngineValve.java:72) ~[tomcat-embed-core-11.0.22.jar:11.0.22]
	at org.apache.catalina.connector.CoyoteAdapter.asyncDispatch(CoyoteAdapter.java:238) ~[tomcat-embed-core-11.0.22.jar:11.0.22]
	at org.apache.coyote.AbstractProcessor.dispatch(AbstractProcessor.java:242) ~[tomcat-embed-core-11.0.22.jar:11.0.22]
	at org.apache.coyote.AbstractProcessorLight.process(AbstractProcessorLight.java:57) ~[tomcat-embed-core-11.0.22.jar:11.0.22]
	at org.apache.coyote.AbstractProtocol$ConnectionHandler.process(AbstractProtocol.java:1272) ~[tomcat-embed-core-11.0.22.jar:11.0.22]
	at org.apache.tomcat.util.net.NioEndpoint$SocketProcessor.doRun(NioEndpoint.java:1801) ~[tomcat-embed-core-11.0.22.jar:11.0.22]
	at org.apache.tomcat.util.net.SocketProcessorBase.run(SocketProcessorBase.java:52) ~[tomcat-embed-core-11.0.22.jar:11.0.22]
	at org.apache.tomcat.util.threads.ThreadPoolExecutor.runWorker(ThreadPoolExecutor.java:946) ~[tomcat-embed-core-11.0.22.jar:11.0.22]
	at org.apache.tomcat.util.threads.ThreadPoolExecutor$Worker.run(ThreadPoolExecutor.java:480) ~[tomcat-embed-core-11.0.22.jar:11.0.22]
	at org.apache.tomcat.util.threads.TaskThread$WrappingRunnable.run(TaskThread.java:57) ~[tomcat-embed-core-11.0.22.jar:11.0.22]
	at java.base/java.lang.Thread.run(Thread.java:1583) ~[na:na]

2026-08-21T21:26:30.707+09:00  INFO 3764 --- [Pokade] [nio-8080-exec-1] c.p.d.n.store.SseEmitterStore            : [SSE] Emitter 제거 userId=3, 남은 연결 수=2
2026-08-21T21:26:30.707+09:00 ERROR 3764 --- [Pokade] [nio-8080-exec-1] o.a.c.c.C.[.[.[/].[dispatcherServlet]    : Servlet.service() for servlet [dispatcherServlet] in context with path [] threw exception [Unable to handle the Spring Security Exception because the response is already committed.] with root cause

org.springframework.security.authorization.AuthorizationDeniedException: Access Denied
	at org.springframework.security.web.access.intercept.AuthorizationFilter.doFilter(AuthorizationFilter.java:99) ~[spring-security-web-7.0.6.jar:7.0.6]
	at org.springframework.security.web.ObservationFilterChainDecorator$ObservationFilter.wrapFilter(ObservationFilterChainDecorator.java:244) ~[spring-security-web-7.0.6.jar:7.0.6]
	at org.springframework.security.web.ObservationFilterChainDecorator$ObservationFilter.doFilter(ObservationFilterChainDecorator.java:231) ~[spring-security-web-7.0.6.jar:7.0.6]
	at org.springframework.security.web.ObservationFilterChainDecorator$VirtualFilterChain.doFilter(ObservationFilterChainDecorator.java:141) ~[spring-security-web-7.0.6.jar:7.0.6]
	at org.springframework.security.web.access.ExceptionTranslationFilter.doFilter(ExceptionTranslationFilter.java:126) ~[spring-security-web-7.0.6.jar:7.0.6]
	at org.springframework.security.web.access.ExceptionTranslationFilter.doFilter(ExceptionTranslationFilter.java:120) ~[spring-security-web-7.0.6.jar:7.0.6]
	at org.springframework.security.web.ObservationFilterChainDecorator$ObservationFilter.wrapFilter(ObservationFilterChainDecorator.java:244) ~[spring-security-web-7.0.6.jar:7.0.6]
	at org.springframework.security.web.ObservationFilterChainDecorator$ObservationFilter.doFilter(ObservationFilterChainDecorator.java:231) ~[spring-security-web-7.0.6.jar:7.0.6]
	at org.springframework.security.web.ObservationFilterChainDecorator$VirtualFilterChain.doFilter(ObservationFilterChainDecorator.java:141) ~[spring-security-web-7.0.6.jar:7.0.6]
	at org.springframework.security.web.session.SessionManagementFilter.doFilter(SessionManagementFilter.java:92) ~[spring-security-web-7.0.6.jar:7.0.6]
	at org.springframework.security.web.session.SessionManagementFilter.doFilter(SessionManagementFilter.java:86) ~[spring-security-web-7.0.6.jar:7.0.6]
	at org.springframework.security.web.ObservationFilterChainDecorator$ObservationFilter.wrapFilter(ObservationFilterChainDecorator.java:244) ~[spring-security-web-7.0.6.jar:7.0.6]
	at org.springframework.security.web.ObservationFilterChainDecorator$ObservationFilter.doFilter(ObservationFilterChainDecorator.java:231) ~[spring-security-web-7.0.6.jar:7.0.6]
	at org.springframework.security.web.ObservationFilterChainDecorator$VirtualFilterChain.doFilter(ObservationFilterChainDecorator.java:141) ~[spring-security-web-7.0.6.jar:7.0.6]
	at org.springframework.security.web.authentication.AnonymousAuthenticationFilter.doFilter(AnonymousAuthenticationFilter.java:100) ~[spring-security-web-7.0.6.jar:7.0.6]
	at org.springframework.security.web.ObservationFilterChainDecorator$ObservationFilter.wrapFilter(ObservationFilterChainDecorator.java:244) ~[spring-security-web-7.0.6.jar:7.0.6]
	at org.springframework.security.web.ObservationFilterChainDecorator$ObservationFilter.doFilter(ObservationFilterChainDecorator.java:231) ~[spring-security-web-7.0.6.jar:7.0.6]
	at org.springframework.security.web.ObservationFilterChainDecorator$VirtualFilterChain.doFilter(ObservationFilterChainDecorator.java:141) ~[spring-security-web-7.0.6.jar:7.0.6]
	at org.springframework.security.web.servletapi.SecurityContextHolderAwareRequestFilter.doFilter(SecurityContextHolderAwareRequestFilter.java:181) ~[spring-security-web-7.0.6.jar:7.0.6]
	at org.springframework.security.web.ObservationFilterChainDecorator$ObservationFilter.wrapFilter(ObservationFilterChainDecorator.java:244) ~[spring-security-web-7.0.6.jar:7.0.6]
	at org.springframework.security.web.ObservationFilterChainDecorator$ObservationFilter.doFilter(ObservationFilterChainDecorator.java:231) ~[spring-security-web-7.0.6.jar:7.0.6]
	at org.springframework.security.web.ObservationFilterChainDecorator$VirtualFilterChain.doFilter(ObservationFilterChainDecorator.java:141) ~[spring-security-web-7.0.6.jar:7.0.6]
	at org.springframework.security.web.savedrequest.RequestCacheAwareFilter.doFilter(RequestCacheAwareFilter.java:63) ~[spring-security-web-7.0.6.jar:7.0.6]
	at org.springframework.security.web.ObservationFilterChainDecorator$ObservationFilter.wrapFilter(ObservationFilterChainDecorator.java:244) ~[spring-security-web-7.0.6.jar:7.0.6]
	at org.springframework.security.web.ObservationFilterChainDecorator$ObservationFilter.doFilter(ObservationFilterChainDecorator.java:231) ~[spring-security-web-7.0.6.jar:7.0.6]
	at org.springframework.security.web.ObservationFilterChainDecorator$VirtualFilterChain.doFilter(ObservationFilterChainDecorator.java:141) ~[spring-security-web-7.0.6.jar:7.0.6]
	at org.springframework.web.filter.OncePerRequestFilter.doFilter(OncePerRequestFilter.java:101) ~[spring-web-7.0.8.jar:7.0.8]
	at org.springframework.security.web.ObservationFilterChainDecorator$ObservationFilter.wrapFilter(ObservationFilterChainDecorator.java:244) ~[spring-security-web-7.0.6.jar:7.0.6]
	at org.springframework.security.web.ObservationFilterChainDecorator$ObservationFilter.doFilter(ObservationFilterChainDecorator.java:231) ~[spring-security-web-7.0.6.jar:7.0.6]
	at org.springframework.security.web.ObservationFilterChainDecorator$VirtualFilterChain.doFilter(ObservationFilterChainDecorator.java:141) ~[spring-security-web-7.0.6.jar:7.0.6]
	at org.springframework.security.web.authentication.AbstractAuthenticationProcessingFilter.doFilter(AbstractAuthenticationProcessingFilter.java:245) ~[spring-security-web-7.0.6.jar:7.0.6]
	at org.springframework.security.web.authentication.AbstractAuthenticationProcessingFilter.doFilter(AbstractAuthenticationProcessingFilter.java:239) ~[spring-security-web-7.0.6.jar:7.0.6]
	at org.springframework.security.web.ObservationFilterChainDecorator$ObservationFilter.wrapFilter(ObservationFilterChainDecorator.java:244) ~[spring-security-web-7.0.6.jar:7.0.6]
	at org.springframework.security.web.ObservationFilterChainDecorator$ObservationFilter.doFilter(ObservationFilterChainDecorator.java:231) ~[spring-security-web-7.0.6.jar:7.0.6]
	at org.springframework.security.web.ObservationFilterChainDecorator$VirtualFilterChain.doFilter(ObservationFilterChainDecorator.java:141) ~[spring-security-web-7.0.6.jar:7.0.6]
	at org.springframework.web.filter.OncePerRequestFilter.doFilter(OncePerRequestFilter.java:101) ~[spring-web-7.0.8.jar:7.0.8]
	at org.springframework.security.web.ObservationFilterChainDecorator$ObservationFilter.wrapFilter(ObservationFilterChainDecorator.java:244) ~[spring-security-web-7.0.6.jar:7.0.6]
	at org.springframework.security.web.ObservationFilterChainDecorator$ObservationFilter.doFilter(ObservationFilterChainDecorator.java:231) ~[spring-security-web-7.0.6.jar:7.0.6]
	at org.springframework.security.web.ObservationFilterChainDecorator$VirtualFilterChain.doFilter(ObservationFilterChainDecorator.java:141) ~[spring-security-web-7.0.6.jar:7.0.6]
	at org.springframework.web.filter.OncePerRequestFilter.doFilter(OncePerRequestFilter.java:101) ~[spring-web-7.0.8.jar:7.0.8]
	at org.springframework.security.web.ObservationFilterChainDecorator$ObservationFilter.wrapFilter(ObservationFilterChainDecorator.java:244) ~[spring-security-web-7.0.6.jar:7.0.6]
	at org.springframework.security.web.ObservationFilterChainDecorator$ObservationFilter.doFilter(ObservationFilterChainDecorator.java:231) ~[spring-security-web-7.0.6.jar:7.0.6]
	at org.springframework.security.web.ObservationFilterChainDecorator$VirtualFilterChain.doFilter(ObservationFilterChainDecorator.java:141) ~[spring-security-web-7.0.6.jar:7.0.6]
	at org.springframework.web.filter.OncePerRequestFilter.doFilter(OncePerRequestFilter.java:101) ~[spring-web-7.0.8.jar:7.0.8]
	at org.springframework.security.web.ObservationFilterChainDecorator$ObservationFilter.wrapFilter(ObservationFilterChainDecorator.java:244) ~[spring-security-web-7.0.6.jar:7.0.6]
	at org.springframework.security.web.ObservationFilterChainDecorator$ObservationFilter.doFilter(ObservationFilterChainDecorator.java:231) ~[spring-security-web-7.0.6.jar:7.0.6]
	at org.springframework.security.web.ObservationFilterChainDecorator$VirtualFilterChain.doFilter(ObservationFilterChainDecorator.java:141) ~[spring-security-web-7.0.6.jar:7.0.6]
	at org.springframework.security.web.context.SecurityContextHolderFilter.doFilter(SecurityContextHolderFilter.java:82) ~[spring-security-web-7.0.6.jar:7.0.6]
	at org.springframework.security.web.context.SecurityContextHolderFilter.doFilter(SecurityContextHolderFilter.java:69) ~[spring-security-web-7.0.6.jar:7.0.6]
	at org.springframework.security.web.ObservationFilterChainDecorator$ObservationFilter.wrapFilter(ObservationFilterChainDecorator.java:244) ~[spring-security-web-7.0.6.jar:7.0.6]
	at org.springframework.security.web.ObservationFilterChainDecorator$ObservationFilter.doFilter(ObservationFilterChainDecorator.java:231) ~[spring-security-web-7.0.6.jar:7.0.6]
	at org.springframework.security.web.ObservationFilterChainDecorator$VirtualFilterChain.doFilter(ObservationFilterChainDecorator.java:141) ~[spring-security-web-7.0.6.jar:7.0.6]
	at org.springframework.web.filter.OncePerRequestFilter.doFilter(OncePerRequestFilter.java:101) ~[spring-web-7.0.8.jar:7.0.8]
	at org.springframework.security.web.ObservationFilterChainDecorator$ObservationFilter.wrapFilter(ObservationFilterChainDecorator.java:244) ~[spring-security-web-7.0.6.jar:7.0.6]
	at org.springframework.security.web.ObservationFilterChainDecorator$ObservationFilter.doFilter(ObservationFilterChainDecorator.java:231) ~[spring-security-web-7.0.6.jar:7.0.6]
	at org.springframework.security.web.ObservationFilterChainDecorator$VirtualFilterChain.doFilter(ObservationFilterChainDecorator.java:141) ~[spring-security-web-7.0.6.jar:7.0.6]
	at org.springframework.web.filter.OncePerRequestFilter.doFilter(OncePerRequestFilter.java:101) ~[spring-web-7.0.8.jar:7.0.8]
	at org.springframework.security.web.ObservationFilterChainDecorator$ObservationFilter.wrapFilter(ObservationFilterChainDecorator.java:244) ~[spring-security-web-7.0.6.jar:7.0.6]
	at org.springframework.security.web.ObservationFilterChainDecorator$AroundFilterObservation$SimpleAroundFilterObservation.lambda$wrap$0(ObservationFilterChainDecorator.java:337) ~[spring-security-web-7.0.6.jar:7.0.6]
	at org.springframework.security.web.ObservationFilterChainDecorator$ObservationFilter.doFilter(ObservationFilterChainDecorator.java:228) ~[spring-security-web-7.0.6.jar:7.0.6]
	at org.springframework.security.web.ObservationFilterChainDecorator$VirtualFilterChain.doFilter(ObservationFilterChainDecorator.java:141) ~[spring-security-web-7.0.6.jar:7.0.6]
	at org.springframework.security.web.FilterChainProxy.doFilterInternal(FilterChainProxy.java:237) ~[spring-security-web-7.0.6.jar:7.0.6]
	at org.springframework.security.web.FilterChainProxy.doFilter(FilterChainProxy.java:195) ~[spring-security-web-7.0.6.jar:7.0.6]
	at org.springframework.web.filter.CompositeFilter$VirtualFilterChain.doFilter(CompositeFilter.java:113) ~[spring-web-7.0.8.jar:7.0.8]
	at org.springframework.web.filter.ServletRequestPathFilter.doFilter(ServletRequestPathFilter.java:52) ~[spring-web-7.0.8.jar:7.0.8]
	at org.springframework.web.filter.CompositeFilter$VirtualFilterChain.doFilter(CompositeFilter.java:113) ~[spring-web-7.0.8.jar:7.0.8]
	at org.springframework.web.filter.CompositeFilter.doFilter(CompositeFilter.java:74) ~[spring-web-7.0.8.jar:7.0.8]
	at org.springframework.security.config.annotation.web.configuration.WebSecurityConfiguration$CompositeFilterChainProxy.doFilter(WebSecurityConfiguration.java:317) ~[spring-security-config-7.0.6.jar:7.0.6]
	at org.springframework.web.filter.DelegatingFilterProxy.invokeDelegate(DelegatingFilterProxy.java:355) ~[spring-web-7.0.8.jar:7.0.8]
	at org.springframework.web.filter.DelegatingFilterProxy.doFilter(DelegatingFilterProxy.java:272) ~[spring-web-7.0.8.jar:7.0.8]
	at org.apache.catalina.core.ApplicationFilterChain.doFilter(ApplicationFilterChain.java:107) ~[tomcat-embed-core-11.0.22.jar:11.0.22]
	at org.springframework.web.filter.RequestContextFilter.doFilterInternal(RequestContextFilter.java:100) ~[spring-web-7.0.8.jar:7.0.8]
	at org.springframework.web.filter.OncePerRequestFilter.doFilter(OncePerRequestFilter.java:116) ~[spring-web-7.0.8.jar:7.0.8]
	at org.apache.catalina.core.ApplicationFilterChain.doFilter(ApplicationFilterChain.java:107) ~[tomcat-embed-core-11.0.22.jar:11.0.22]
	at org.springframework.web.filter.OncePerRequestFilter.doFilter(OncePerRequestFilter.java:101) ~[spring-web-7.0.8.jar:7.0.8]
	at org.apache.catalina.core.ApplicationFilterChain.doFilter(ApplicationFilterChain.java:107) ~[tomcat-embed-core-11.0.22.jar:11.0.22]
	at org.springframework.web.filter.ServerHttpObservationFilter.doFilterInternal(ServerHttpObservationFilter.java:110) ~[spring-web-7.0.8.jar:7.0.8]
	at org.springframework.web.filter.OncePerRequestFilter.doFilter(OncePerRequestFilter.java:116) ~[spring-web-7.0.8.jar:7.0.8]
	at org.apache.catalina.core.ApplicationFilterChain.doFilter(ApplicationFilterChain.java:107) ~[tomcat-embed-core-11.0.22.jar:11.0.22]
	at org.springframework.web.filter.OncePerRequestFilter.doFilter(OncePerRequestFilter.java:101) ~[spring-web-7.0.8.jar:7.0.8]
	at org.apache.catalina.core.ApplicationFilterChain.doFilter(ApplicationFilterChain.java:107) ~[tomcat-embed-core-11.0.22.jar:11.0.22]
	at org.springframework.web.filter.OncePerRequestFilter.doFilter(OncePerRequestFilter.java:101) ~[spring-web-7.0.8.jar:7.0.8]
	at org.apache.catalina.core.ApplicationFilterChain.doFilter(ApplicationFilterChain.java:107) ~[tomcat-embed-core-11.0.22.jar:11.0.22]
	at org.apache.catalina.core.ApplicationDispatcher.invoke(ApplicationDispatcher.java:513) ~[tomcat-embed-core-11.0.22.jar:11.0.22]
	at org.apache.catalina.core.ApplicationDispatcher.dispatch(ApplicationDispatcher.java:441) ~[tomcat-embed-core-11.0.22.jar:11.0.22]
	at org.apache.catalina.core.AsyncContextImpl$AsyncRunnable.run(AsyncContextImpl.java:585) ~[tomcat-embed-core-11.0.22.jar:11.0.22]
	at org.apache.catalina.core.AsyncContextImpl.doInternalDispatch(AsyncContextImpl.java:340) ~[tomcat-embed-core-11.0.22.jar:11.0.22]
	at org.apache.catalina.core.StandardWrapperValve.invoke(StandardWrapperValve.java:163) ~[tomcat-embed-core-11.0.22.jar:11.0.22]
	at org.apache.catalina.core.StandardContextValve.invoke(StandardContextValve.java:77) ~[tomcat-embed-core-11.0.22.jar:11.0.22]
	at org.apache.catalina.authenticator.AuthenticatorBase.invoke(AuthenticatorBase.java:492) ~[tomcat-embed-core-11.0.22.jar:11.0.22]
	at org.apache.catalina.core.StandardHostValve.invoke(StandardHostValve.java:113) ~[tomcat-embed-core-11.0.22.jar:11.0.22]
	at org.apache.catalina.valves.ErrorReportValve.invoke(ErrorReportValve.java:83) ~[tomcat-embed-core-11.0.22.jar:11.0.22]
	at org.apache.catalina.core.StandardEngineValve.invoke(StandardEngineValve.java:72) ~[tomcat-embed-core-11.0.22.jar:11.0.22]
	at org.apache.catalina.connector.CoyoteAdapter.asyncDispatch(CoyoteAdapter.java:238) ~[tomcat-embed-core-11.0.22.jar:11.0.22]
	at org.apache.coyote.AbstractProcessor.dispatch(AbstractProcessor.java:242) ~[tomcat-embed-core-11.0.22.jar:11.0.22]
	at org.apache.coyote.AbstractProcessorLight.process(AbstractProcessorLight.java:57) ~[tomcat-embed-core-11.0.22.jar:11.0.22]
	at org.apache.coyote.AbstractProtocol$ConnectionHandler.process(AbstractProtocol.java:1272) ~[tomcat-embed-core-11.0.22.jar:11.0.22]
	at org.apache.tomcat.util.net.NioEndpoint$SocketProcessor.doRun(NioEndpoint.java:1801) ~[tomcat-embed-core-11.0.22.jar:11.0.22]
	at org.apache.tomcat.util.net.SocketProcessorBase.run(SocketProcessorBase.java:52) ~[tomcat-embed-core-11.0.22.jar:11.0.22]
	at org.apache.tomcat.util.threads.ThreadPoolExecutor.runWorker(ThreadPoolExecutor.java:946) ~[tomcat-embed-core-11.0.22.jar:11.0.22]
	at org.apache.tomcat.util.threads.ThreadPoolExecutor$Worker.run(ThreadPoolExecutor.java:480) ~[tomcat-embed-core-11.0.22.jar:11.0.22]
	at org.apache.tomcat.util.threads.TaskThread$WrappingRunnable.run(TaskThread.java:57) ~[tomcat-embed-core-11.0.22.jar:11.0.22]
	at java.base/java.lang.Thread.run(Thread.java:1583) ~[na:na]

2026-08-21T21:26:35.118+09:00 DEBUG 3764 --- [Pokade] [l-1:housekeeper] com.zaxxer.hikari.pool.HikariPool        : HikariPool-1 - keepalive: connection org.postgresql.jdbc.PgConnection@7c351814 is alive
2026-08-21T21:26:36.658+09:00 DEBUG 3764 --- [Pokade] [l-1:housekeeper] com.zaxxer.hikari.pool.HikariPool        : HikariPool-1 - keepalive: connection org.postgresql.jdbc.PgConnection@62fc9a3a is alive
2026-08-21T21:26:40.574+09:00 DEBUG 3764 --- [Pokade] [l-1:housekeeper] com.zaxxer.hikari.pool.HikariPool        : HikariPool-1 - Pool stats (total=10/10, idle=10/10, active=0, waiting=0)
2026-08-21T21:26:40.574+09:00 DEBUG 3764 --- [Pokade] [l-1:housekeeper] com.zaxxer.hikari.pool.HikariPool        : HikariPool-1 - Fill pool skipped, pool has sufficient level or currently being filled.
2026-08-21T21:26:44.658+09:00 DEBUG 3764 --- [Pokade] [l-1:housekeeper] com.zaxxer.hikari.pool.HikariPool        : HikariPool-1 - keepalive: connection org.postgresql.jdbc.PgConnection@1bc52269 is alive
2026-08-21T21:27:10.575+09:00 DEBUG 3764 --- [Pokade] [l-1:housekeeper] com.zaxxer.hikari.pool.HikariPool        : HikariPool-1 - Pool stats (total=10/10, idle=10/10, active=0, waiting=0)
2026-08-21T21:27:10.575+09:00 DEBUG 3764 --- [Pokade] [l-1:housekeeper] com.zaxxer.hikari.pool.HikariPool        : HikariPool-1 - Fill pool skipped, pool has sufficient level or currently being filled.
2026-08-21T21:27:19.644+09:00 DEBUG 3764 --- [Pokade] [l-1:housekeeper] com.zaxxer.hikari.pool.HikariPool        : HikariPool-1 - keepalive: connection org.postgresql.jdbc.PgConnection@15fb36e2 is alive
2026-08-21T21:27:26.391+09:00 DEBUG 3764 --- [Pokade] [l-1:housekeeper] com.zaxxer.hikari.pool.HikariPool        : HikariPool-1 - keepalive: connection org.postgresql.jdbc.PgConnection@2798dc59 is alive
2026-08-21T21:27:40.577+09:00 DEBUG 3764 --- [Pokade] [l-1:housekeeper] com.zaxxer.hikari.pool.HikariPool        : HikariPool-1 - Pool stats (total=10/10, idle=10/10, active=0, waiting=0)
2026-08-21T21:27:40.577+09:00 DEBUG 3764 --- [Pokade] [l-1:housekeeper] com.zaxxer.hikari.pool.HikariPool        : HikariPool-1 - Fill pool skipped, pool has sufficient level or currently being filled.
2026-08-21T21:27:51.862+09:00 DEBUG 3764 --- [Pokade] [l-1:housekeeper] com.zaxxer.hikari.pool.HikariPool        : HikariPool-1 - keepalive: connection org.postgresql.jdbc.PgConnection@295f36da is alive
2026-08-21T21:27:52.515+09:00 DEBUG 3764 --- [Pokade] [l-1:housekeeper] com.zaxxer.hikari.pool.HikariPool        : HikariPool-1 - keepalive: connection org.postgresql.jdbc.PgConnection@209d7ad9 is alive
2026-08-21T21:28:03.764+09:00 DEBUG 3764 --- [Pokade] [l-1:housekeeper] com.zaxxer.hikari.pool.HikariPool        : HikariPool-1 - keepalive: connection org.postgresql.jdbc.PgConnection@1caceb72 is alive
2026-08-21T21:28:08.345+09:00 DEBUG 3764 --- [Pokade] [l-1:housekeeper] com.zaxxer.hikari.pool.HikariPool        : HikariPool-1 - keepalive: connection org.postgresql.jdbc.PgConnection@218a4ce0 is alive
2026-08-21T21:28:10.589+09:00 DEBUG 3764 --- [Pokade] [l-1:housekeeper] com.zaxxer.hikari.pool.HikariPool        : HikariPool-1 - Pool stats (total=10/10, idle=10/10, active=0, waiting=0)
2026-08-21T21:28:10.589+09:00 DEBUG 3764 --- [Pokade] [l-1:housekeeper] com.zaxxer.hikari.pool.HikariPool        : HikariPool-1 - Fill pool skipped, pool has sufficient level or currently being filled.
2026-08-21T21:28:14.268+09:00 DEBUG 3764 --- [Pokade] [l-1:housekeeper] com.zaxxer.hikari.pool.HikariPool        : HikariPool-1 - keepalive: connection org.postgresql.jdbc.PgConnection@46660948 is alive
2026-08-21T21:28:24.428+09:00 DEBUG 3764 --- [Pokade] [l-1:housekeeper] com.zaxxer.hikari.pool.HikariPool        : HikariPool-1 - keepalive: connection org.postgresql.jdbc.PgConnection@7c351814 is alive
2026-08-21T21:28:28.232+09:00 DEBUG 3764 --- [Pokade] [l-1:housekeeper] com.zaxxer.hikari.pool.HikariPool        : HikariPool-1 - keepalive: connection org.postgresql.jdbc.PgConnection@62fc9a3a is alive
2026-08-21T21:28:29.613+09:00 DEBUG 3764 --- [Pokade] [l-1:housekeeper] com.zaxxer.hikari.pool.HikariPool        : HikariPool-1 - keepalive: connection org.postgresql.jdbc.PgConnection@1bc52269 is alive
2026-08-21T21:28:40.600+09:00 DEBUG 3764 --- [Pokade] [l-1:housekeeper] com.zaxxer.hikari.pool.HikariPool        : HikariPool-1 - Pool stats (total=10/10, idle=10/10, active=0, waiting=0)
2026-08-21T21:28:40.600+09:00 DEBUG 3764 --- [Pokade] [l-1:housekeeper] com.zaxxer.hikari.pool.HikariPool        : HikariPool-1 - Fill pool skipped, pool has sufficient level or currently being filled.
2026-08-21T21:29:10.613+09:00 DEBUG 3764 --- [Pokade] [l-1:housekeeper] com.zaxxer.hikari.pool.HikariPool        : HikariPool-1 - Pool stats (total=10/10, idle=10/10, active=0, waiting=0)
2026-08-21T21:29:10.613+09:00 DEBUG 3764 --- [Pokade] [l-1:housekeeper] com.zaxxer.hikari.pool.HikariPool        : HikariPool-1 - Fill pool skipped, pool has sufficient level or currently being filled.
2026-08-21T21:29:12.406+09:00 DEBUG 3764 --- [Pokade] [l-1:housekeeper] com.zaxxer.hikari.pool.HikariPool        : HikariPool-1 - keepalive: connection org.postgresql.jdbc.PgConnection@15fb36e2 is alive
2026-08-21T21:29:14.672+09:00 DEBUG 3764 --- [Pokade] [l-1:housekeeper] com.zaxxer.hikari.pool.HikariPool        : HikariPool-1 - keepalive: connection org.postgresql.jdbc.PgConnection@2798dc59 is alive
2026-08-21T21:29:29.270+09:00 DEBUG 3764 --- [Pokade] [l-1:housekeeper] com.zaxxer.hikari.pool.HikariPool        : HikariPool-1 - keepalive: connection org.postgresql.jdbc.PgConnection@295f36da is alive
2026-08-21T21:29:39.421+09:00 DEBUG 3764 --- [Pokade] [l-1:housekeeper] com.zaxxer.hikari.pool.HikariPool        : HikariPool-1 - keepalive: connection org.postgresql.jdbc.PgConnection@209d7ad9 is alive
2026-08-21T21:29:40.626+09:00 DEBUG 3764 --- [Pokade] [l-1:housekeeper] com.zaxxer.hikari.pool.HikariPool        : HikariPool-1 - Pool stats (total=10/10, idle=10/10, active=0, waiting=0)
2026-08-21T21:29:40.626+09:00 DEBUG 3764 --- [Pokade] [l-1:housekeeper] com.zaxxer.hikari.pool.HikariPool        : HikariPool-1 - Fill pool skipped, pool has sufficient level or currently being filled.
2026-08-21T21:29:50.642+09:00 DEBUG 3764 --- [Pokade] [l-1:housekeeper] com.zaxxer.hikari.pool.HikariPool        : HikariPool-1 - keepalive: connection org.postgresql.jdbc.PgConnection@1caceb72 is alive
2026-08-21T21:29:59.205+09:00 DEBUG 3764 --- [Pokade] [l-1:housekeeper] com.zaxxer.hikari.pool.HikariPool        : HikariPool-1 - keepalive: connection org.postgresql.jdbc.PgConnection@218a4ce0 is alive
2026-08-21T21:30:00.014+09:00 DEBUG 3764 --- [Pokade] [   scheduling-1] org.hibernate.SQL                        : 
    select
        w1_0.id,
        w1_0.card_id,
        w1_0.created_at,
        w1_0.is_notified,
        w1_0.listing_notified,
        w1_0.target_buy_price,
        w1_0.target_sell_price,
        w1_0.user_id,
        w1_0.variant_id 
    from
        watchlist w1_0 
    where
        w1_0.listing_notified=true
Hibernate: 
    select
        w1_0.id,
        w1_0.card_id,
        w1_0.created_at,
        w1_0.is_notified,
        w1_0.listing_notified,
        w1_0.target_buy_price,
        w1_0.target_sell_price,
        w1_0.user_id,
        w1_0.variant_id 
    from
        watchlist w1_0 
    where
        w1_0.listing_notified=true
2026-08-21T21:30:02.655+09:00 DEBUG 3764 --- [Pokade] [l-1:housekeeper] com.zaxxer.hikari.pool.HikariPool        : HikariPool-1 - keepalive: connection org.postgresql.jdbc.PgConnection@46660948 is alive
2026-08-21T21:30:10.627+09:00 DEBUG 3764 --- [Pokade] [l-1:housekeeper] com.zaxxer.hikari.pool.HikariPool        : HikariPool-1 - Pool stats (total=10/10, idle=10/10, active=0, waiting=0)
2026-08-21T21:30:10.627+09:00 DEBUG 3764 --- [Pokade] [l-1:housekeeper] com.zaxxer.hikari.pool.HikariPool        : HikariPool-1 - Fill pool skipped, pool has sufficient level or currently being filled.
2026-08-21T21:30:13.740+09:00 DEBUG 3764 --- [Pokade] [l-1:housekeeper] com.zaxxer.hikari.pool.HikariPool        : HikariPool-1 - keepalive: connection org.postgresql.jdbc.PgConnection@7c351814 is alive
2026-08-21T21:30:14.557+09:00 DEBUG 3764 --- [Pokade] [l-1:housekeeper] com.zaxxer.hikari.pool.HikariPool        : HikariPool-1 - keepalive: connection org.postgresql.jdbc.PgConnection@1bc52269 is alive
2026-08-21T21:30:19.801+09:00 DEBUG 3764 --- [Pokade] [l-1:housekeeper] com.zaxxer.hikari.pool.HikariPool        : HikariPool-1 - keepalive: connection org.postgresql.jdbc.PgConnection@62fc9a3a is alive
2026-08-21T21:30:40.634+09:00 DEBUG 3764 --- [Pokade] [l-1:housekeeper] com.zaxxer.hikari.pool.HikariPool        : HikariPool-1 - Pool stats (total=10/10, idle=10/10, active=0, waiting=0)
2026-08-21T21:30:40.634+09:00 DEBUG 3764 --- [Pokade] [l-1:housekeeper] com.zaxxer.hikari.pool.HikariPool        : HikariPool-1 - Fill pool skipped, pool has sufficient level or currently being filled.
2026-08-21T21:31:02.950+09:00 DEBUG 3764 --- [Pokade] [l-1:housekeeper] com.zaxxer.hikari.pool.HikariPool        : HikariPool-1 - keepalive: connection org.postgresql.jdbc.PgConnection@2798dc59 is alive
2026-08-21T21:31:05.174+09:00 DEBUG 3764 --- [Pokade] [l-1:housekeeper] com.zaxxer.hikari.pool.HikariPool        : HikariPool-1 - keepalive: connection org.postgresql.jdbc.PgConnection@15fb36e2 is alive
2026-08-21T21:31:06.669+09:00 DEBUG 3764 --- [Pokade] [l-1:housekeeper] com.zaxxer.hikari.pool.HikariPool        : HikariPool-1 - keepalive: connection org.postgresql.jdbc.PgConnection@295f36da is alive
2026-08-21T21:31:10.637+09:00 DEBUG 3764 --- [Pokade] [l-1:housekeeper] com.zaxxer.hikari.pool.HikariPool        : HikariPool-1 - Pool stats (total=10/10, idle=10/10, active=0, waiting=0)
2026-08-21T21:31:10.637+09:00 DEBUG 3764 --- [Pokade] [l-1:housekeeper] com.zaxxer.hikari.pool.HikariPool        : HikariPool-1 - Fill pool skipped, pool has sufficient level or currently being filled.
2026-08-21T21:31:26.323+09:00 DEBUG 3764 --- [Pokade] [l-1:housekeeper] com.zaxxer.hikari.pool.HikariPool        : HikariPool-1 - keepalive: connection org.postgresql.jdbc.PgConnection@209d7ad9 is alive
2026-08-21T21:31:37.525+09:00 DEBUG 3764 --- [Pokade] [l-1:housekeeper] com.zaxxer.hikari.pool.HikariPool        : HikariPool-1 - keepalive: connection org.postgresql.jdbc.PgConnection@1caceb72 is alive
2026-08-21T21:31:40.650+09:00 DEBUG 3764 --- [Pokade] [l-1:housekeeper] com.zaxxer.hikari.pool.HikariPool        : HikariPool-1 - Pool stats (total=10/10, idle=10/10, active=0, waiting=0)
2026-08-21T21:31:40.650+09:00 DEBUG 3764 --- [Pokade] [l-1:housekeeper] com.zaxxer.hikari.pool.HikariPool        : HikariPool-1 - Fill pool skipped, pool has sufficient level or currently being filled.
2026-08-21T21:31:50.065+09:00 DEBUG 3764 --- [Pokade] [l-1:housekeeper] com.zaxxer.hikari.pool.HikariPool        : HikariPool-1 - keepalive: connection org.postgresql.jdbc.PgConnection@218a4ce0 is alive
2026-08-21T21:31:51.042+09:00 DEBUG 3764 --- [Pokade] [l-1:housekeeper] com.zaxxer.hikari.pool.HikariPool        : HikariPool-1 - keepalive: connection org.postgresql.jdbc.PgConnection@46660948 is alive
2026-08-21T21:31:59.513+09:00 DEBUG 3764 --- [Pokade] [l-1:housekeeper] com.zaxxer.hikari.pool.HikariPool        : HikariPool-1 - keepalive: connection org.postgresql.jdbc.PgConnection@1bc52269 is alive
2026-08-21T21:32:03.046+09:00 DEBUG 3764 --- [Pokade] [l-1:housekeeper] com.zaxxer.hikari.pool.HikariPool        : HikariPool-1 - keepalive: connection org.postgresql.jdbc.PgConnection@7c351814 is alive
2026-08-21T21:32:10.660+09:00 DEBUG 3764 --- [Pokade] [l-1:housekeeper] com.zaxxer.hikari.pool.HikariPool        : HikariPool-1 - Pool stats (total=10/10, idle=10/10, active=0, waiting=0)
2026-08-21T21:32:10.660+09:00 DEBUG 3764 --- [Pokade] [l-1:housekeeper] com.zaxxer.hikari.pool.HikariPool        : HikariPool-1 - Fill pool skipped, pool has sufficient level or currently being filled.
2026-08-21T21:32:11.374+09:00 DEBUG 3764 --- [Pokade] [l-1:housekeeper] com.zaxxer.hikari.pool.HikariPool        : HikariPool-1 - keepalive: connection org.postgresql.jdbc.PgConnection@62fc9a3a is alive
2026-08-21T21:32:40.673+09:00 DEBUG 3764 --- [Pokade] [l-1:housekeeper] com.zaxxer.hikari.pool.HikariPool        : HikariPool-1 - Pool stats (total=10/10, idle=10/10, active=0, waiting=0)
2026-08-21T21:32:40.673+09:00 DEBUG 3764 --- [Pokade] [l-1:housekeeper] com.zaxxer.hikari.pool.HikariPool        : HikariPool-1 - Fill pool skipped, pool has sufficient level or currently being filled.
2026-08-21T21:32:44.076+09:00 DEBUG 3764 --- [Pokade] [l-1:housekeeper] com.zaxxer.hikari.pool.HikariPool        : HikariPool-1 - keepalive: connection org.postgresql.jdbc.PgConnection@295f36da is alive
2026-08-21T21:32:51.219+09:00 DEBUG 3764 --- [Pokade] [l-1:housekeeper] com.zaxxer.hikari.pool.HikariPool        : HikariPool-1 - keepalive: connection org.postgresql.jdbc.PgConnection@2798dc59 is alive
2026-08-21T21:32:57.935+09:00 DEBUG 3764 --- [Pokade] [l-1:housekeeper] com.zaxxer.hikari.pool.HikariPool        : HikariPool-1 - keepalive: connection org.postgresql.jdbc.PgConnection@15fb36e2 is alive
2026-08-21T21:33:10.685+09:00 DEBUG 3764 --- [Pokade] [l-1:housekeeper] com.zaxxer.hikari.pool.HikariPool        : HikariPool-1 - Pool stats (total=10/10, idle=10/10, active=0, waiting=0)
2026-08-21T21:33:10.685+09:00 DEBUG 3764 --- [Pokade] [l-1:housekeeper] com.zaxxer.hikari.pool.HikariPool        : HikariPool-1 - Fill pool skipped, pool has sufficient level or currently being filled.
2026-08-21T21:33:13.228+09:00 DEBUG 3764 --- [Pokade] [l-1:housekeeper] com.zaxxer.hikari.pool.HikariPool        : HikariPool-1 - keepalive: connection org.postgresql.jdbc.PgConnection@209d7ad9 is alive
2026-08-21T21:33:24.406+09:00 DEBUG 3764 --- [Pokade] [l-1:housekeeper] com.zaxxer.hikari.pool.HikariPool        : HikariPool-1 - keepalive: connection org.postgresql.jdbc.PgConnection@1caceb72 is alive
2026-08-21T21:33:39.428+09:00 DEBUG 3764 --- [Pokade] [l-1:housekeeper] com.zaxxer.hikari.pool.HikariPool        : HikariPool-1 - keepalive: connection org.postgresql.jdbc.PgConnection@46660948 is alive
2026-08-21T21:33:40.691+09:00 DEBUG 3764 --- [Pokade] [l-1:housekeeper] com.zaxxer.hikari.pool.HikariPool        : HikariPool-1 - Pool stats (total=10/10, idle=10/10, active=0, waiting=0)
2026-08-21T21:33:40.691+09:00 DEBUG 3764 --- [Pokade] [l-1:housekeeper] com.zaxxer.hikari.pool.HikariPool        : HikariPool-1 - Fill pool skipped, pool has sufficient level or currently being filled.
2026-08-21T21:33:40.926+09:00 DEBUG 3764 --- [Pokade] [l-1:housekeeper] com.zaxxer.hikari.pool.HikariPool        : HikariPool-1 - keepalive: connection org.postgresql.jdbc.PgConnection@218a4ce0 is alive
2026-08-21T21:33:44.468+09:00 DEBUG 3764 --- [Pokade] [l-1:housekeeper] com.zaxxer.hikari.pool.HikariPool        : HikariPool-1 - keepalive: connection org.postgresql.jdbc.PgConnection@1bc52269 is alive
2026-08-21T21:33:52.352+09:00 DEBUG 3764 --- [Pokade] [l-1:housekeeper] com.zaxxer.hikari.pool.HikariPool        : HikariPool-1 - keepalive: connection org.postgresql.jdbc.PgConnection@7c351814 is alive
2026-08-21T21:34:02.955+09:00 DEBUG 3764 --- [Pokade] [l-1:housekeeper] com.zaxxer.hikari.pool.HikariPool        : HikariPool-1 - keepalive: connection org.postgresql.jdbc.PgConnection@62fc9a3a is alive
2026-08-21T21:34:10.692+09:00 DEBUG 3764 --- [Pokade] [l-1:housekeeper] com.zaxxer.hikari.pool.HikariPool        : HikariPool-1 - Pool stats (total=10/10, idle=10/10, active=0, waiting=0)
2026-08-21T21:34:10.692+09:00 DEBUG 3764 --- [Pokade] [l-1:housekeeper] com.zaxxer.hikari.pool.HikariPool        : HikariPool-1 - Fill pool skipped, pool has sufficient level or currently being filled.
2026-08-21T21:34:21.476+09:00 DEBUG 3764 --- [Pokade] [l-1:housekeeper] com.zaxxer.hikari.pool.HikariPool        : HikariPool-1 - keepalive: connection org.postgresql.jdbc.PgConnection@295f36da is alive
2026-08-21T21:34:39.494+09:00 DEBUG 3764 --- [Pokade] [l-1:housekeeper] com.zaxxer.hikari.pool.HikariPool        : HikariPool-1 - keepalive: connection org.postgresql.jdbc.PgConnection@2798dc59 is alive
2026-08-21T21:34:40.700+09:00 DEBUG 3764 --- [Pokade] [l-1:housekeeper] com.zaxxer.hikari.pool.HikariPool        : HikariPool-1 - Pool stats (total=10/10, idle=10/10, active=0, waiting=0)
2026-08-21T21:34:40.700+09:00 DEBUG 3764 --- [Pokade] [l-1:housekeeper] com.zaxxer.hikari.pool.HikariPool        : HikariPool-1 - Fill pool skipped, pool has sufficient level or currently being filled.
2026-08-21T21:34:41.684+09:00  INFO 3764 --- [Pokade] [nio-8080-exec-2] c.p.d.n.store.SseEmitterStore            : [SSE] Emitter 제거 userId=3, 남은 연결 수=1
2026-08-21T21:34:41.686+09:00 ERROR 3764 --- [Pokade] [nio-8080-exec-2] o.a.c.c.C.[.[.[/].[dispatcherServlet]    : Servlet.service() for servlet [dispatcherServlet] threw exception

org.springframework.security.authorization.AuthorizationDeniedException: Access Denied
	at org.springframework.security.web.access.intercept.AuthorizationFilter.doFilter(AuthorizationFilter.java:99) ~[spring-security-web-7.0.6.jar:7.0.6]
	at org.springframework.security.web.ObservationFilterChainDecorator$ObservationFilter.wrapFilter(ObservationFilterChainDecorator.java:244) ~[spring-security-web-7.0.6.jar:7.0.6]
	at org.springframework.security.web.ObservationFilterChainDecorator$ObservationFilter.doFilter(ObservationFilterChainDecorator.java:231) ~[spring-security-web-7.0.6.jar:7.0.6]
	at org.springframework.security.web.ObservationFilterChainDecorator$VirtualFilterChain.doFilter(ObservationFilterChainDecorator.java:141) ~[spring-security-web-7.0.6.jar:7.0.6]
	at org.springframework.security.web.access.ExceptionTranslationFilter.doFilter(ExceptionTranslationFilter.java:126) ~[spring-security-web-7.0.6.jar:7.0.6]
	at org.springframework.security.web.access.ExceptionTranslationFilter.doFilter(ExceptionTranslationFilter.java:120) ~[spring-security-web-7.0.6.jar:7.0.6]
	at org.springframework.security.web.ObservationFilterChainDecorator$ObservationFilter.wrapFilter(ObservationFilterChainDecorator.java:244) ~[spring-security-web-7.0.6.jar:7.0.6]
	at org.springframework.security.web.ObservationFilterChainDecorator$ObservationFilter.doFilter(ObservationFilterChainDecorator.java:231) ~[spring-security-web-7.0.6.jar:7.0.6]
	at org.springframework.security.web.ObservationFilterChainDecorator$VirtualFilterChain.doFilter(ObservationFilterChainDecorator.java:141) ~[spring-security-web-7.0.6.jar:7.0.6]
	at org.springframework.security.web.session.SessionManagementFilter.doFilter(SessionManagementFilter.java:92) ~[spring-security-web-7.0.6.jar:7.0.6]
	at org.springframework.security.web.session.SessionManagementFilter.doFilter(SessionManagementFilter.java:86) ~[spring-security-web-7.0.6.jar:7.0.6]
	at org.springframework.security.web.ObservationFilterChainDecorator$ObservationFilter.wrapFilter(ObservationFilterChainDecorator.java:244) ~[spring-security-web-7.0.6.jar:7.0.6]
	at org.springframework.security.web.ObservationFilterChainDecorator$ObservationFilter.doFilter(ObservationFilterChainDecorator.java:231) ~[spring-security-web-7.0.6.jar:7.0.6]
	at org.springframework.security.web.ObservationFilterChainDecorator$VirtualFilterChain.doFilter(ObservationFilterChainDecorator.java:141) ~[spring-security-web-7.0.6.jar:7.0.6]
	at org.springframework.security.web.authentication.AnonymousAuthenticationFilter.doFilter(AnonymousAuthenticationFilter.java:100) ~[spring-security-web-7.0.6.jar:7.0.6]
	at org.springframework.security.web.ObservationFilterChainDecorator$ObservationFilter.wrapFilter(ObservationFilterChainDecorator.java:244) ~[spring-security-web-7.0.6.jar:7.0.6]
	at org.springframework.security.web.ObservationFilterChainDecorator$ObservationFilter.doFilter(ObservationFilterChainDecorator.java:231) ~[spring-security-web-7.0.6.jar:7.0.6]
	at org.springframework.security.web.ObservationFilterChainDecorator$VirtualFilterChain.doFilter(ObservationFilterChainDecorator.java:141) ~[spring-security-web-7.0.6.jar:7.0.6]
	at org.springframework.security.web.servletapi.SecurityContextHolderAwareRequestFilter.doFilter(SecurityContextHolderAwareRequestFilter.java:181) ~[spring-security-web-7.0.6.jar:7.0.6]
	at org.springframework.security.web.ObservationFilterChainDecorator$ObservationFilter.wrapFilter(ObservationFilterChainDecorator.java:244) ~[spring-security-web-7.0.6.jar:7.0.6]
	at org.springframework.security.web.ObservationFilterChainDecorator$ObservationFilter.doFilter(ObservationFilterChainDecorator.java:231) ~[spring-security-web-7.0.6.jar:7.0.6]
	at org.springframework.security.web.ObservationFilterChainDecorator$VirtualFilterChain.doFilter(ObservationFilterChainDecorator.java:141) ~[spring-security-web-7.0.6.jar:7.0.6]
	at org.springframework.security.web.savedrequest.RequestCacheAwareFilter.doFilter(RequestCacheAwareFilter.java:63) ~[spring-security-web-7.0.6.jar:7.0.6]
	at org.springframework.security.web.ObservationFilterChainDecorator$ObservationFilter.wrapFilter(ObservationFilterChainDecorator.java:244) ~[spring-security-web-7.0.6.jar:7.0.6]
	at org.springframework.security.web.ObservationFilterChainDecorator$ObservationFilter.doFilter(ObservationFilterChainDecorator.java:231) ~[spring-security-web-7.0.6.jar:7.0.6]
	at org.springframework.security.web.ObservationFilterChainDecorator$VirtualFilterChain.doFilter(ObservationFilterChainDecorator.java:141) ~[spring-security-web-7.0.6.jar:7.0.6]
	at org.springframework.web.filter.OncePerRequestFilter.doFilter(OncePerRequestFilter.java:101) ~[spring-web-7.0.8.jar:7.0.8]
	at org.springframework.security.web.ObservationFilterChainDecorator$ObservationFilter.wrapFilter(ObservationFilterChainDecorator.java:244) ~[spring-security-web-7.0.6.jar:7.0.6]
	at org.springframework.security.web.ObservationFilterChainDecorator$ObservationFilter.doFilter(ObservationFilterChainDecorator.java:231) ~[spring-security-web-7.0.6.jar:7.0.6]
	at org.springframework.security.web.ObservationFilterChainDecorator$VirtualFilterChain.doFilter(ObservationFilterChainDecorator.java:141) ~[spring-security-web-7.0.6.jar:7.0.6]
	at org.springframework.security.web.authentication.AbstractAuthenticationProcessingFilter.doFilter(AbstractAuthenticationProcessingFilter.java:245) ~[spring-security-web-7.0.6.jar:7.0.6]
	at org.springframework.security.web.authentication.AbstractAuthenticationProcessingFilter.doFilter(AbstractAuthenticationProcessingFilter.java:239) ~[spring-security-web-7.0.6.jar:7.0.6]
	at org.springframework.security.web.ObservationFilterChainDecorator$ObservationFilter.wrapFilter(ObservationFilterChainDecorator.java:244) ~[spring-security-web-7.0.6.jar:7.0.6]
	at org.springframework.security.web.ObservationFilterChainDecorator$ObservationFilter.doFilter(ObservationFilterChainDecorator.java:231) ~[spring-security-web-7.0.6.jar:7.0.6]
	at org.springframework.security.web.ObservationFilterChainDecorator$VirtualFilterChain.doFilter(ObservationFilterChainDecorator.java:141) ~[spring-security-web-7.0.6.jar:7.0.6]
	at org.springframework.web.filter.OncePerRequestFilter.doFilter(OncePerRequestFilter.java:101) ~[spring-web-7.0.8.jar:7.0.8]
	at org.springframework.security.web.ObservationFilterChainDecorator$ObservationFilter.wrapFilter(ObservationFilterChainDecorator.java:244) ~[spring-security-web-7.0.6.jar:7.0.6]
	at org.springframework.security.web.ObservationFilterChainDecorator$ObservationFilter.doFilter(ObservationFilterChainDecorator.java:231) ~[spring-security-web-7.0.6.jar:7.0.6]
	at org.springframework.security.web.ObservationFilterChainDecorator$VirtualFilterChain.doFilter(ObservationFilterChainDecorator.java:141) ~[spring-security-web-7.0.6.jar:7.0.6]
	at org.springframework.web.filter.OncePerRequestFilter.doFilter(OncePerRequestFilter.java:101) ~[spring-web-7.0.8.jar:7.0.8]
	at org.springframework.security.web.ObservationFilterChainDecorator$ObservationFilter.wrapFilter(ObservationFilterChainDecorator.java:244) ~[spring-security-web-7.0.6.jar:7.0.6]
	at org.springframework.security.web.ObservationFilterChainDecorator$ObservationFilter.doFilter(ObservationFilterChainDecorator.java:231) ~[spring-security-web-7.0.6.jar:7.0.6]
	at org.springframework.security.web.ObservationFilterChainDecorator$VirtualFilterChain.doFilter(ObservationFilterChainDecorator.java:141) ~[spring-security-web-7.0.6.jar:7.0.6]
	at org.springframework.web.filter.OncePerRequestFilter.doFilter(OncePerRequestFilter.java:101) ~[spring-web-7.0.8.jar:7.0.8]
	at org.springframework.security.web.ObservationFilterChainDecorator$ObservationFilter.wrapFilter(ObservationFilterChainDecorator.java:244) ~[spring-security-web-7.0.6.jar:7.0.6]
	at org.springframework.security.web.ObservationFilterChainDecorator$ObservationFilter.doFilter(ObservationFilterChainDecorator.java:231) ~[spring-security-web-7.0.6.jar:7.0.6]
	at org.springframework.security.web.ObservationFilterChainDecorator$VirtualFilterChain.doFilter(ObservationFilterChainDecorator.java:141) ~[spring-security-web-7.0.6.jar:7.0.6]
	at org.springframework.security.web.context.SecurityContextHolderFilter.doFilter(SecurityContextHolderFilter.java:82) ~[spring-security-web-7.0.6.jar:7.0.6]
	at org.springframework.security.web.context.SecurityContextHolderFilter.doFilter(SecurityContextHolderFilter.java:69) ~[spring-security-web-7.0.6.jar:7.0.6]
	at org.springframework.security.web.ObservationFilterChainDecorator$ObservationFilter.wrapFilter(ObservationFilterChainDecorator.java:244) ~[spring-security-web-7.0.6.jar:7.0.6]
	at org.springframework.security.web.ObservationFilterChainDecorator$ObservationFilter.doFilter(ObservationFilterChainDecorator.java:231) ~[spring-security-web-7.0.6.jar:7.0.6]
	at org.springframework.security.web.ObservationFilterChainDecorator$VirtualFilterChain.doFilter(ObservationFilterChainDecorator.java:141) ~[spring-security-web-7.0.6.jar:7.0.6]
	at org.springframework.web.filter.OncePerRequestFilter.doFilter(OncePerRequestFilter.java:101) ~[spring-web-7.0.8.jar:7.0.8]
	at org.springframework.security.web.ObservationFilterChainDecorator$ObservationFilter.wrapFilter(ObservationFilterChainDecorator.java:244) ~[spring-security-web-7.0.6.jar:7.0.6]
	at org.springframework.security.web.ObservationFilterChainDecorator$ObservationFilter.doFilter(ObservationFilterChainDecorator.java:231) ~[spring-security-web-7.0.6.jar:7.0.6]
	at org.springframework.security.web.ObservationFilterChainDecorator$VirtualFilterChain.doFilter(ObservationFilterChainDecorator.java:141) ~[spring-security-web-7.0.6.jar:7.0.6]
	at org.springframework.web.filter.OncePerRequestFilter.doFilter(OncePerRequestFilter.java:101) ~[spring-web-7.0.8.jar:7.0.8]
	at org.springframework.security.web.ObservationFilterChainDecorator$ObservationFilter.wrapFilter(ObservationFilterChainDecorator.java:244) ~[spring-security-web-7.0.6.jar:7.0.6]
	at org.springframework.security.web.ObservationFilterChainDecorator$AroundFilterObservation$SimpleAroundFilterObservation.lambda$wrap$0(ObservationFilterChainDecorator.java:337) ~[spring-security-web-7.0.6.jar:7.0.6]
	at org.springframework.security.web.ObservationFilterChainDecorator$ObservationFilter.doFilter(ObservationFilterChainDecorator.java:228) ~[spring-security-web-7.0.6.jar:7.0.6]
	at org.springframework.security.web.ObservationFilterChainDecorator$VirtualFilterChain.doFilter(ObservationFilterChainDecorator.java:141) ~[spring-security-web-7.0.6.jar:7.0.6]
	at org.springframework.security.web.FilterChainProxy.doFilterInternal(FilterChainProxy.java:237) ~[spring-security-web-7.0.6.jar:7.0.6]
	at org.springframework.security.web.FilterChainProxy.doFilter(FilterChainProxy.java:195) ~[spring-security-web-7.0.6.jar:7.0.6]
	at org.springframework.web.filter.CompositeFilter$VirtualFilterChain.doFilter(CompositeFilter.java:113) ~[spring-web-7.0.8.jar:7.0.8]
	at org.springframework.web.filter.ServletRequestPathFilter.doFilter(ServletRequestPathFilter.java:52) ~[spring-web-7.0.8.jar:7.0.8]
	at org.springframework.web.filter.CompositeFilter$VirtualFilterChain.doFilter(CompositeFilter.java:113) ~[spring-web-7.0.8.jar:7.0.8]
	at org.springframework.web.filter.CompositeFilter.doFilter(CompositeFilter.java:74) ~[spring-web-7.0.8.jar:7.0.8]
	at org.springframework.security.config.annotation.web.configuration.WebSecurityConfiguration$CompositeFilterChainProxy.doFilter(WebSecurityConfiguration.java:317) ~[spring-security-config-7.0.6.jar:7.0.6]
	at org.springframework.web.filter.DelegatingFilterProxy.invokeDelegate(DelegatingFilterProxy.java:355) ~[spring-web-7.0.8.jar:7.0.8]
	at org.springframework.web.filter.DelegatingFilterProxy.doFilter(DelegatingFilterProxy.java:272) ~[spring-web-7.0.8.jar:7.0.8]
	at org.apache.catalina.core.ApplicationFilterChain.doFilter(ApplicationFilterChain.java:107) ~[tomcat-embed-core-11.0.22.jar:11.0.22]
	at org.springframework.web.filter.RequestContextFilter.doFilterInternal(RequestContextFilter.java:100) ~[spring-web-7.0.8.jar:7.0.8]
	at org.springframework.web.filter.OncePerRequestFilter.doFilter(OncePerRequestFilter.java:116) ~[spring-web-7.0.8.jar:7.0.8]
	at org.apache.catalina.core.ApplicationFilterChain.doFilter(ApplicationFilterChain.java:107) ~[tomcat-embed-core-11.0.22.jar:11.0.22]
	at org.springframework.web.filter.OncePerRequestFilter.doFilter(OncePerRequestFilter.java:101) ~[spring-web-7.0.8.jar:7.0.8]
	at org.apache.catalina.core.ApplicationFilterChain.doFilter(ApplicationFilterChain.java:107) ~[tomcat-embed-core-11.0.22.jar:11.0.22]
	at org.springframework.web.filter.ServerHttpObservationFilter.doFilterInternal(ServerHttpObservationFilter.java:110) ~[spring-web-7.0.8.jar:7.0.8]
	at org.springframework.web.filter.OncePerRequestFilter.doFilter(OncePerRequestFilter.java:116) ~[spring-web-7.0.8.jar:7.0.8]
	at org.apache.catalina.core.ApplicationFilterChain.doFilter(ApplicationFilterChain.java:107) ~[tomcat-embed-core-11.0.22.jar:11.0.22]
	at org.springframework.web.filter.OncePerRequestFilter.doFilter(OncePerRequestFilter.java:101) ~[spring-web-7.0.8.jar:7.0.8]
	at org.apache.catalina.core.ApplicationFilterChain.doFilter(ApplicationFilterChain.java:107) ~[tomcat-embed-core-11.0.22.jar:11.0.22]
	at org.springframework.web.filter.OncePerRequestFilter.doFilter(OncePerRequestFilter.java:101) ~[spring-web-7.0.8.jar:7.0.8]
	at org.apache.catalina.core.ApplicationFilterChain.doFilter(ApplicationFilterChain.java:107) ~[tomcat-embed-core-11.0.22.jar:11.0.22]
	at org.apache.catalina.core.ApplicationDispatcher.invoke(ApplicationDispatcher.java:513) ~[tomcat-embed-core-11.0.22.jar:11.0.22]
	at org.apache.catalina.core.ApplicationDispatcher.dispatch(ApplicationDispatcher.java:441) ~[tomcat-embed-core-11.0.22.jar:11.0.22]
	at org.apache.catalina.core.AsyncContextImpl$AsyncRunnable.run(AsyncContextImpl.java:585) ~[tomcat-embed-core-11.0.22.jar:11.0.22]
	at org.apache.catalina.core.AsyncContextImpl.doInternalDispatch(AsyncContextImpl.java:340) ~[tomcat-embed-core-11.0.22.jar:11.0.22]
	at org.apache.catalina.core.StandardWrapperValve.invoke(StandardWrapperValve.java:163) ~[tomcat-embed-core-11.0.22.jar:11.0.22]
	at org.apache.catalina.core.StandardContextValve.invoke(StandardContextValve.java:77) ~[tomcat-embed-core-11.0.22.jar:11.0.22]
	at org.apache.catalina.authenticator.AuthenticatorBase.invoke(AuthenticatorBase.java:492) ~[tomcat-embed-core-11.0.22.jar:11.0.22]
	at org.apache.catalina.core.StandardHostValve.invoke(StandardHostValve.java:113) ~[tomcat-embed-core-11.0.22.jar:11.0.22]
	at org.apache.catalina.valves.ErrorReportValve.invoke(ErrorReportValve.java:83) ~[tomcat-embed-core-11.0.22.jar:11.0.22]
	at org.apache.catalina.core.StandardEngineValve.invoke(StandardEngineValve.java:72) ~[tomcat-embed-core-11.0.22.jar:11.0.22]
	at org.apache.catalina.connector.CoyoteAdapter.asyncDispatch(CoyoteAdapter.java:238) ~[tomcat-embed-core-11.0.22.jar:11.0.22]
	at org.apache.coyote.AbstractProcessor.dispatch(AbstractProcessor.java:242) ~[tomcat-embed-core-11.0.22.jar:11.0.22]
	at org.apache.coyote.AbstractProcessorLight.process(AbstractProcessorLight.java:57) ~[tomcat-embed-core-11.0.22.jar:11.0.22]
	at org.apache.coyote.AbstractProtocol$ConnectionHandler.process(AbstractProtocol.java:1272) ~[tomcat-embed-core-11.0.22.jar:11.0.22]
	at org.apache.tomcat.util.net.NioEndpoint$SocketProcessor.doRun(NioEndpoint.java:1801) ~[tomcat-embed-core-11.0.22.jar:11.0.22]
	at org.apache.tomcat.util.net.SocketProcessorBase.run(SocketProcessorBase.java:52) ~[tomcat-embed-core-11.0.22.jar:11.0.22]
	at org.apache.tomcat.util.threads.ThreadPoolExecutor.runWorker(ThreadPoolExecutor.java:946) ~[tomcat-embed-core-11.0.22.jar:11.0.22]
	at org.apache.tomcat.util.threads.ThreadPoolExecutor$Worker.run(ThreadPoolExecutor.java:480) ~[tomcat-embed-core-11.0.22.jar:11.0.22]
	at org.apache.tomcat.util.threads.TaskThread$WrappingRunnable.run(TaskThread.java:57) ~[tomcat-embed-core-11.0.22.jar:11.0.22]
	at java.base/java.lang.Thread.run(Thread.java:1583) ~[na:na]

2026-08-21T21:34:41.688+09:00 ERROR 3764 --- [Pokade] [nio-8080-exec-2] o.a.c.c.C.[.[.[/].[dispatcherServlet]    : Servlet.service() for servlet [dispatcherServlet] in context with path [] threw exception [Unable to handle the Spring Security Exception because the response is already committed.] with root cause

org.springframework.security.authorization.AuthorizationDeniedException: Access Denied
	at org.springframework.security.web.access.intercept.AuthorizationFilter.doFilter(AuthorizationFilter.java:99) ~[spring-security-web-7.0.6.jar:7.0.6]
	at org.springframework.security.web.ObservationFilterChainDecorator$ObservationFilter.wrapFilter(ObservationFilterChainDecorator.java:244) ~[spring-security-web-7.0.6.jar:7.0.6]
	at org.springframework.security.web.ObservationFilterChainDecorator$ObservationFilter.doFilter(ObservationFilterChainDecorator.java:231) ~[spring-security-web-7.0.6.jar:7.0.6]
	at org.springframework.security.web.ObservationFilterChainDecorator$VirtualFilterChain.doFilter(ObservationFilterChainDecorator.java:141) ~[spring-security-web-7.0.6.jar:7.0.6]
	at org.springframework.security.web.access.ExceptionTranslationFilter.doFilter(ExceptionTranslationFilter.java:126) ~[spring-security-web-7.0.6.jar:7.0.6]
	at org.springframework.security.web.access.ExceptionTranslationFilter.doFilter(ExceptionTranslationFilter.java:120) ~[spring-security-web-7.0.6.jar:7.0.6]
	at org.springframework.security.web.ObservationFilterChainDecorator$ObservationFilter.wrapFilter(ObservationFilterChainDecorator.java:244) ~[spring-security-web-7.0.6.jar:7.0.6]
	at org.springframework.security.web.ObservationFilterChainDecorator$ObservationFilter.doFilter(ObservationFilterChainDecorator.java:231) ~[spring-security-web-7.0.6.jar:7.0.6]
	at org.springframework.security.web.ObservationFilterChainDecorator$VirtualFilterChain.doFilter(ObservationFilterChainDecorator.java:141) ~[spring-security-web-7.0.6.jar:7.0.6]
	at org.springframework.security.web.session.SessionManagementFilter.doFilter(SessionManagementFilter.java:92) ~[spring-security-web-7.0.6.jar:7.0.6]
	at org.springframework.security.web.session.SessionManagementFilter.doFilter(SessionManagementFilter.java:86) ~[spring-security-web-7.0.6.jar:7.0.6]
	at org.springframework.security.web.ObservationFilterChainDecorator$ObservationFilter.wrapFilter(ObservationFilterChainDecorator.java:244) ~[spring-security-web-7.0.6.jar:7.0.6]
	at org.springframework.security.web.ObservationFilterChainDecorator$ObservationFilter.doFilter(ObservationFilterChainDecorator.java:231) ~[spring-security-web-7.0.6.jar:7.0.6]
	at org.springframework.security.web.ObservationFilterChainDecorator$VirtualFilterChain.doFilter(ObservationFilterChainDecorator.java:141) ~[spring-security-web-7.0.6.jar:7.0.6]
	at org.springframework.security.web.authentication.AnonymousAuthenticationFilter.doFilter(AnonymousAuthenticationFilter.java:100) ~[spring-security-web-7.0.6.jar:7.0.6]
	at org.springframework.security.web.ObservationFilterChainDecorator$ObservationFilter.wrapFilter(ObservationFilterChainDecorator.java:244) ~[spring-security-web-7.0.6.jar:7.0.6]
	at org.springframework.security.web.ObservationFilterChainDecorator$ObservationFilter.doFilter(ObservationFilterChainDecorator.java:231) ~[spring-security-web-7.0.6.jar:7.0.6]
	at org.springframework.security.web.ObservationFilterChainDecorator$VirtualFilterChain.doFilter(ObservationFilterChainDecorator.java:141) ~[spring-security-web-7.0.6.jar:7.0.6]
	at org.springframework.security.web.servletapi.SecurityContextHolderAwareRequestFilter.doFilter(SecurityContextHolderAwareRequestFilter.java:181) ~[spring-security-web-7.0.6.jar:7.0.6]
	at org.springframework.security.web.ObservationFilterChainDecorator$ObservationFilter.wrapFilter(ObservationFilterChainDecorator.java:244) ~[spring-security-web-7.0.6.jar:7.0.6]
	at org.springframework.security.web.ObservationFilterChainDecorator$ObservationFilter.doFilter(ObservationFilterChainDecorator.java:231) ~[spring-security-web-7.0.6.jar:7.0.6]
	at org.springframework.security.web.ObservationFilterChainDecorator$VirtualFilterChain.doFilter(ObservationFilterChainDecorator.java:141) ~[spring-security-web-7.0.6.jar:7.0.6]
	at org.springframework.security.web.savedrequest.RequestCacheAwareFilter.doFilter(RequestCacheAwareFilter.java:63) ~[spring-security-web-7.0.6.jar:7.0.6]
	at org.springframework.security.web.ObservationFilterChainDecorator$ObservationFilter.wrapFilter(ObservationFilterChainDecorator.java:244) ~[spring-security-web-7.0.6.jar:7.0.6]
	at org.springframework.security.web.ObservationFilterChainDecorator$ObservationFilter.doFilter(ObservationFilterChainDecorator.java:231) ~[spring-security-web-7.0.6.jar:7.0.6]
	at org.springframework.security.web.ObservationFilterChainDecorator$VirtualFilterChain.doFilter(ObservationFilterChainDecorator.java:141) ~[spring-security-web-7.0.6.jar:7.0.6]
	at org.springframework.web.filter.OncePerRequestFilter.doFilter(OncePerRequestFilter.java:101) ~[spring-web-7.0.8.jar:7.0.8]
	at org.springframework.security.web.ObservationFilterChainDecorator$ObservationFilter.wrapFilter(ObservationFilterChainDecorator.java:244) ~[spring-security-web-7.0.6.jar:7.0.6]
	at org.springframework.security.web.ObservationFilterChainDecorator$ObservationFilter.doFilter(ObservationFilterChainDecorator.java:231) ~[spring-security-web-7.0.6.jar:7.0.6]
	at org.springframework.security.web.ObservationFilterChainDecorator$VirtualFilterChain.doFilter(ObservationFilterChainDecorator.java:141) ~[spring-security-web-7.0.6.jar:7.0.6]
	at org.springframework.security.web.authentication.AbstractAuthenticationProcessingFilter.doFilter(AbstractAuthenticationProcessingFilter.java:245) ~[spring-security-web-7.0.6.jar:7.0.6]
	at org.springframework.security.web.authentication.AbstractAuthenticationProcessingFilter.doFilter(AbstractAuthenticationProcessingFilter.java:239) ~[spring-security-web-7.0.6.jar:7.0.6]
	at org.springframework.security.web.ObservationFilterChainDecorator$ObservationFilter.wrapFilter(ObservationFilterChainDecorator.java:244) ~[spring-security-web-7.0.6.jar:7.0.6]
	at org.springframework.security.web.ObservationFilterChainDecorator$ObservationFilter.doFilter(ObservationFilterChainDecorator.java:231) ~[spring-security-web-7.0.6.jar:7.0.6]
	at org.springframework.security.web.ObservationFilterChainDecorator$VirtualFilterChain.doFilter(ObservationFilterChainDecorator.java:141) ~[spring-security-web-7.0.6.jar:7.0.6]
	at org.springframework.web.filter.OncePerRequestFilter.doFilter(OncePerRequestFilter.java:101) ~[spring-web-7.0.8.jar:7.0.8]
	at org.springframework.security.web.ObservationFilterChainDecorator$ObservationFilter.wrapFilter(ObservationFilterChainDecorator.java:244) ~[spring-security-web-7.0.6.jar:7.0.6]
	at org.springframework.security.web.ObservationFilterChainDecorator$ObservationFilter.doFilter(ObservationFilterChainDecorator.java:231) ~[spring-security-web-7.0.6.jar:7.0.6]
	at org.springframework.security.web.ObservationFilterChainDecorator$VirtualFilterChain.doFilter(ObservationFilterChainDecorator.java:141) ~[spring-security-web-7.0.6.jar:7.0.6]
	at org.springframework.web.filter.OncePerRequestFilter.doFilter(OncePerRequestFilter.java:101) ~[spring-web-7.0.8.jar:7.0.8]
	at org.springframework.security.web.ObservationFilterChainDecorator$ObservationFilter.wrapFilter(ObservationFilterChainDecorator.java:244) ~[spring-security-web-7.0.6.jar:7.0.6]
	at org.springframework.security.web.ObservationFilterChainDecorator$ObservationFilter.doFilter(ObservationFilterChainDecorator.java:231) ~[spring-security-web-7.0.6.jar:7.0.6]
	at org.springframework.security.web.ObservationFilterChainDecorator$VirtualFilterChain.doFilter(ObservationFilterChainDecorator.java:141) ~[spring-security-web-7.0.6.jar:7.0.6]
	at org.springframework.web.filter.OncePerRequestFilter.doFilter(OncePerRequestFilter.java:101) ~[spring-web-7.0.8.jar:7.0.8]
	at org.springframework.security.web.ObservationFilterChainDecorator$ObservationFilter.wrapFilter(ObservationFilterChainDecorator.java:244) ~[spring-security-web-7.0.6.jar:7.0.6]
	at org.springframework.security.web.ObservationFilterChainDecorator$ObservationFilter.doFilter(ObservationFilterChainDecorator.java:231) ~[spring-security-web-7.0.6.jar:7.0.6]
	at org.springframework.security.web.ObservationFilterChainDecorator$VirtualFilterChain.doFilter(ObservationFilterChainDecorator.java:141) ~[spring-security-web-7.0.6.jar:7.0.6]
	at org.springframework.security.web.context.SecurityContextHolderFilter.doFilter(SecurityContextHolderFilter.java:82) ~[spring-security-web-7.0.6.jar:7.0.6]
	at org.springframework.security.web.context.SecurityContextHolderFilter.doFilter(SecurityContextHolderFilter.java:69) ~[spring-security-web-7.0.6.jar:7.0.6]
	at org.springframework.security.web.ObservationFilterChainDecorator$ObservationFilter.wrapFilter(ObservationFilterChainDecorator.java:244) ~[spring-security-web-7.0.6.jar:7.0.6]
	at org.springframework.security.web.ObservationFilterChainDecorator$ObservationFilter.doFilter(ObservationFilterChainDecorator.java:231) ~[spring-security-web-7.0.6.jar:7.0.6]
	at org.springframework.security.web.ObservationFilterChainDecorator$VirtualFilterChain.doFilter(ObservationFilterChainDecorator.java:141) ~[spring-security-web-7.0.6.jar:7.0.6]
	at org.springframework.web.filter.OncePerRequestFilter.doFilter(OncePerRequestFilter.java:101) ~[spring-web-7.0.8.jar:7.0.8]
	at org.springframework.security.web.ObservationFilterChainDecorator$ObservationFilter.wrapFilter(ObservationFilterChainDecorator.java:244) ~[spring-security-web-7.0.6.jar:7.0.6]
	at org.springframework.security.web.ObservationFilterChainDecorator$ObservationFilter.doFilter(ObservationFilterChainDecorator.java:231) ~[spring-security-web-7.0.6.jar:7.0.6]
	at org.springframework.security.web.ObservationFilterChainDecorator$VirtualFilterChain.doFilter(ObservationFilterChainDecorator.java:141) ~[spring-security-web-7.0.6.jar:7.0.6]
	at org.springframework.web.filter.OncePerRequestFilter.doFilter(OncePerRequestFilter.java:101) ~[spring-web-7.0.8.jar:7.0.8]
	at org.springframework.security.web.ObservationFilterChainDecorator$ObservationFilter.wrapFilter(ObservationFilterChainDecorator.java:244) ~[spring-security-web-7.0.6.jar:7.0.6]
	at org.springframework.security.web.ObservationFilterChainDecorator$AroundFilterObservation$SimpleAroundFilterObservation.lambda$wrap$0(ObservationFilterChainDecorator.java:337) ~[spring-security-web-7.0.6.jar:7.0.6]
	at org.springframework.security.web.ObservationFilterChainDecorator$ObservationFilter.doFilter(ObservationFilterChainDecorator.java:228) ~[spring-security-web-7.0.6.jar:7.0.6]
	at org.springframework.security.web.ObservationFilterChainDecorator$VirtualFilterChain.doFilter(ObservationFilterChainDecorator.java:141) ~[spring-security-web-7.0.6.jar:7.0.6]
	at org.springframework.security.web.FilterChainProxy.doFilterInternal(FilterChainProxy.java:237) ~[spring-security-web-7.0.6.jar:7.0.6]
	at org.springframework.security.web.FilterChainProxy.doFilter(FilterChainProxy.java:195) ~[spring-security-web-7.0.6.jar:7.0.6]
	at org.springframework.web.filter.CompositeFilter$VirtualFilterChain.doFilter(CompositeFilter.java:113) ~[spring-web-7.0.8.jar:7.0.8]
	at org.springframework.web.filter.ServletRequestPathFilter.doFilter(ServletRequestPathFilter.java:52) ~[spring-web-7.0.8.jar:7.0.8]
	at org.springframework.web.filter.CompositeFilter$VirtualFilterChain.doFilter(CompositeFilter.java:113) ~[spring-web-7.0.8.jar:7.0.8]
	at org.springframework.web.filter.CompositeFilter.doFilter(CompositeFilter.java:74) ~[spring-web-7.0.8.jar:7.0.8]
	at org.springframework.security.config.annotation.web.configuration.WebSecurityConfiguration$CompositeFilterChainProxy.doFilter(WebSecurityConfiguration.java:317) ~[spring-security-config-7.0.6.jar:7.0.6]
	at org.springframework.web.filter.DelegatingFilterProxy.invokeDelegate(DelegatingFilterProxy.java:355) ~[spring-web-7.0.8.jar:7.0.8]
	at org.springframework.web.filter.DelegatingFilterProxy.doFilter(DelegatingFilterProxy.java:272) ~[spring-web-7.0.8.jar:7.0.8]
	at org.apache.catalina.core.ApplicationFilterChain.doFilter(ApplicationFilterChain.java:107) ~[tomcat-embed-core-11.0.22.jar:11.0.22]
	at org.springframework.web.filter.RequestContextFilter.doFilterInternal(RequestContextFilter.java:100) ~[spring-web-7.0.8.jar:7.0.8]
	at org.springframework.web.filter.OncePerRequestFilter.doFilter(OncePerRequestFilter.java:116) ~[spring-web-7.0.8.jar:7.0.8]
	at org.apache.catalina.core.ApplicationFilterChain.doFilter(ApplicationFilterChain.java:107) ~[tomcat-embed-core-11.0.22.jar:11.0.22]
	at org.springframework.web.filter.OncePerRequestFilter.doFilter(OncePerRequestFilter.java:101) ~[spring-web-7.0.8.jar:7.0.8]
	at org.apache.catalina.core.ApplicationFilterChain.doFilter(ApplicationFilterChain.java:107) ~[tomcat-embed-core-11.0.22.jar:11.0.22]
	at org.springframework.web.filter.ServerHttpObservationFilter.doFilterInternal(ServerHttpObservationFilter.java:110) ~[spring-web-7.0.8.jar:7.0.8]
	at org.springframework.web.filter.OncePerRequestFilter.doFilter(OncePerRequestFilter.java:116) ~[spring-web-7.0.8.jar:7.0.8]
	at org.apache.catalina.core.ApplicationFilterChain.doFilter(ApplicationFilterChain.java:107) ~[tomcat-embed-core-11.0.22.jar:11.0.22]
	at org.springframework.web.filter.OncePerRequestFilter.doFilter(OncePerRequestFilter.java:101) ~[spring-web-7.0.8.jar:7.0.8]
	at org.apache.catalina.core.ApplicationFilterChain.doFilter(ApplicationFilterChain.java:107) ~[tomcat-embed-core-11.0.22.jar:11.0.22]
	at org.springframework.web.filter.OncePerRequestFilter.doFilter(OncePerRequestFilter.java:101) ~[spring-web-7.0.8.jar:7.0.8]
	at org.apache.catalina.core.ApplicationFilterChain.doFilter(ApplicationFilterChain.java:107) ~[tomcat-embed-core-11.0.22.jar:11.0.22]
	at org.apache.catalina.core.ApplicationDispatcher.invoke(ApplicationDispatcher.java:513) ~[tomcat-embed-core-11.0.22.jar:11.0.22]
	at org.apache.catalina.core.ApplicationDispatcher.dispatch(ApplicationDispatcher.java:441) ~[tomcat-embed-core-11.0.22.jar:11.0.22]
	at org.apache.catalina.core.AsyncContextImpl$AsyncRunnable.run(AsyncContextImpl.java:585) ~[tomcat-embed-core-11.0.22.jar:11.0.22]
	at org.apache.catalina.core.AsyncContextImpl.doInternalDispatch(AsyncContextImpl.java:340) ~[tomcat-embed-core-11.0.22.jar:11.0.22]
	at org.apache.catalina.core.StandardWrapperValve.invoke(StandardWrapperValve.java:163) ~[tomcat-embed-core-11.0.22.jar:11.0.22]
	at org.apache.catalina.core.StandardContextValve.invoke(StandardContextValve.java:77) ~[tomcat-embed-core-11.0.22.jar:11.0.22]
	at org.apache.catalina.authenticator.AuthenticatorBase.invoke(AuthenticatorBase.java:492) ~[tomcat-embed-core-11.0.22.jar:11.0.22]
	at org.apache.catalina.core.StandardHostValve.invoke(StandardHostValve.java:113) ~[tomcat-embed-core-11.0.22.jar:11.0.22]
	at org.apache.catalina.valves.ErrorReportValve.invoke(ErrorReportValve.java:83) ~[tomcat-embed-core-11.0.22.jar:11.0.22]
	at org.apache.catalina.core.StandardEngineValve.invoke(StandardEngineValve.java:72) ~[tomcat-embed-core-11.0.22.jar:11.0.22]
	at org.apache.catalina.connector.CoyoteAdapter.asyncDispatch(CoyoteAdapter.java:238) ~[tomcat-embed-core-11.0.22.jar:11.0.22]
	at org.apache.coyote.AbstractProcessor.dispatch(AbstractProcessor.java:242) ~[tomcat-embed-core-11.0.22.jar:11.0.22]
	at org.apache.coyote.AbstractProcessorLight.process(AbstractProcessorLight.java:57) ~[tomcat-embed-core-11.0.22.jar:11.0.22]
	at org.apache.coyote.AbstractProtocol$ConnectionHandler.process(AbstractProtocol.java:1272) ~[tomcat-embed-core-11.0.22.jar:11.0.22]
	at org.apache.tomcat.util.net.NioEndpoint$SocketProcessor.doRun(NioEndpoint.java:1801) ~[tomcat-embed-core-11.0.22.jar:11.0.22]
	at org.apache.tomcat.util.net.SocketProcessorBase.run(SocketProcessorBase.java:52) ~[tomcat-embed-core-11.0.22.jar:11.0.22]
	at org.apache.tomcat.util.threads.ThreadPoolExecutor.runWorker(ThreadPoolExecutor.java:946) ~[tomcat-embed-core-11.0.22.jar:11.0.22]
	at org.apache.tomcat.util.threads.ThreadPoolExecutor$Worker.run(ThreadPoolExecutor.java:480) ~[tomcat-embed-core-11.0.22.jar:11.0.22]
	at org.apache.tomcat.util.threads.TaskThread$WrappingRunnable.run(TaskThread.java:57) ~[tomcat-embed-core-11.0.22.jar:11.0.22]
	at java.base/java.lang.Thread.run(Thread.java:1583) ~[na:na]

2026-08-21T21:34:41.693+09:00 ERROR 3764 --- [Pokade] [nio-8080-exec-2] o.a.c.c.C.[.[.[/].[dispatcherServlet]    : Servlet.service() for servlet [dispatcherServlet] threw exception

org.springframework.security.authorization.AuthorizationDeniedException: Access Denied
	at org.springframework.security.web.access.intercept.AuthorizationFilter.doFilter(AuthorizationFilter.java:99) ~[spring-security-web-7.0.6.jar:7.0.6]
	at org.springframework.security.web.ObservationFilterChainDecorator$ObservationFilter.wrapFilter(ObservationFilterChainDecorator.java:244) ~[spring-security-web-7.0.6.jar:7.0.6]
	at org.springframework.security.web.ObservationFilterChainDecorator$ObservationFilter.doFilter(ObservationFilterChainDecorator.java:231) ~[spring-security-web-7.0.6.jar:7.0.6]
	at org.springframework.security.web.ObservationFilterChainDecorator$VirtualFilterChain.doFilter(ObservationFilterChainDecorator.java:141) ~[spring-security-web-7.0.6.jar:7.0.6]
	at org.springframework.security.web.access.ExceptionTranslationFilter.doFilter(ExceptionTranslationFilter.java:126) ~[spring-security-web-7.0.6.jar:7.0.6]
	at org.springframework.security.web.access.ExceptionTranslationFilter.doFilter(ExceptionTranslationFilter.java:120) ~[spring-security-web-7.0.6.jar:7.0.6]
	at org.springframework.security.web.ObservationFilterChainDecorator$ObservationFilter.wrapFilter(ObservationFilterChainDecorator.java:244) ~[spring-security-web-7.0.6.jar:7.0.6]
	at org.springframework.security.web.ObservationFilterChainDecorator$ObservationFilter.doFilter(ObservationFilterChainDecorator.java:231) ~[spring-security-web-7.0.6.jar:7.0.6]
	at org.springframework.security.web.ObservationFilterChainDecorator$VirtualFilterChain.doFilter(ObservationFilterChainDecorator.java:141) ~[spring-security-web-7.0.6.jar:7.0.6]
	at org.springframework.security.web.session.SessionManagementFilter.doFilter(SessionManagementFilter.java:92) ~[spring-security-web-7.0.6.jar:7.0.6]
	at org.springframework.security.web.session.SessionManagementFilter.doFilter(SessionManagementFilter.java:86) ~[spring-security-web-7.0.6.jar:7.0.6]
	at org.springframework.security.web.ObservationFilterChainDecorator$ObservationFilter.wrapFilter(ObservationFilterChainDecorator.java:244) ~[spring-security-web-7.0.6.jar:7.0.6]
	at org.springframework.security.web.ObservationFilterChainDecorator$ObservationFilter.doFilter(ObservationFilterChainDecorator.java:231) ~[spring-security-web-7.0.6.jar:7.0.6]
	at org.springframework.security.web.ObservationFilterChainDecorator$VirtualFilterChain.doFilter(ObservationFilterChainDecorator.java:141) ~[spring-security-web-7.0.6.jar:7.0.6]
	at org.springframework.security.web.authentication.AnonymousAuthenticationFilter.doFilter(AnonymousAuthenticationFilter.java:100) ~[spring-security-web-7.0.6.jar:7.0.6]
	at org.springframework.security.web.ObservationFilterChainDecorator$ObservationFilter.wrapFilter(ObservationFilterChainDecorator.java:244) ~[spring-security-web-7.0.6.jar:7.0.6]
	at org.springframework.security.web.ObservationFilterChainDecorator$ObservationFilter.doFilter(ObservationFilterChainDecorator.java:231) ~[spring-security-web-7.0.6.jar:7.0.6]
	at org.springframework.security.web.ObservationFilterChainDecorator$VirtualFilterChain.doFilter(ObservationFilterChainDecorator.java:141) ~[spring-security-web-7.0.6.jar:7.0.6]
	at org.springframework.security.web.servletapi.SecurityContextHolderAwareRequestFilter.doFilter(SecurityContextHolderAwareRequestFilter.java:181) ~[spring-security-web-7.0.6.jar:7.0.6]
	at org.springframework.security.web.ObservationFilterChainDecorator$ObservationFilter.wrapFilter(ObservationFilterChainDecorator.java:244) ~[spring-security-web-7.0.6.jar:7.0.6]
	at org.springframework.security.web.ObservationFilterChainDecorator$ObservationFilter.doFilter(ObservationFilterChainDecorator.java:231) ~[spring-security-web-7.0.6.jar:7.0.6]
	at org.springframework.security.web.ObservationFilterChainDecorator$VirtualFilterChain.doFilter(ObservationFilterChainDecorator.java:141) ~[spring-security-web-7.0.6.jar:7.0.6]
	at org.springframework.security.web.savedrequest.RequestCacheAwareFilter.doFilter(RequestCacheAwareFilter.java:63) ~[spring-security-web-7.0.6.jar:7.0.6]
	at org.springframework.security.web.ObservationFilterChainDecorator$ObservationFilter.wrapFilter(ObservationFilterChainDecorator.java:244) ~[spring-security-web-7.0.6.jar:7.0.6]
	at org.springframework.security.web.ObservationFilterChainDecorator$ObservationFilter.doFilter(ObservationFilterChainDecorator.java:231) ~[spring-security-web-7.0.6.jar:7.0.6]
	at org.springframework.security.web.ObservationFilterChainDecorator$VirtualFilterChain.doFilter(ObservationFilterChainDecorator.java:141) ~[spring-security-web-7.0.6.jar:7.0.6]
	at org.springframework.web.filter.OncePerRequestFilter.doFilter(OncePerRequestFilter.java:101) ~[spring-web-7.0.8.jar:7.0.8]
	at org.springframework.security.web.ObservationFilterChainDecorator$ObservationFilter.wrapFilter(ObservationFilterChainDecorator.java:244) ~[spring-security-web-7.0.6.jar:7.0.6]
	at org.springframework.security.web.ObservationFilterChainDecorator$ObservationFilter.doFilter(ObservationFilterChainDecorator.java:231) ~[spring-security-web-7.0.6.jar:7.0.6]
	at org.springframework.security.web.ObservationFilterChainDecorator$VirtualFilterChain.doFilter(ObservationFilterChainDecorator.java:141) ~[spring-security-web-7.0.6.jar:7.0.6]
	at org.springframework.security.web.authentication.AbstractAuthenticationProcessingFilter.doFilter(AbstractAuthenticationProcessingFilter.java:245) ~[spring-security-web-7.0.6.jar:7.0.6]
	at org.springframework.security.web.authentication.AbstractAuthenticationProcessingFilter.doFilter(AbstractAuthenticationProcessingFilter.java:239) ~[spring-security-web-7.0.6.jar:7.0.6]
	at org.springframework.security.web.ObservationFilterChainDecorator$ObservationFilter.wrapFilter(ObservationFilterChainDecorator.java:244) ~[spring-security-web-7.0.6.jar:7.0.6]
	at org.springframework.security.web.ObservationFilterChainDecorator$ObservationFilter.doFilter(ObservationFilterChainDecorator.java:231) ~[spring-security-web-7.0.6.jar:7.0.6]
	at org.springframework.security.web.ObservationFilterChainDecorator$VirtualFilterChain.doFilter(ObservationFilterChainDecorator.java:141) ~[spring-security-web-7.0.6.jar:7.0.6]
	at org.springframework.web.filter.OncePerRequestFilter.doFilter(OncePerRequestFilter.java:101) ~[spring-web-7.0.8.jar:7.0.8]
	at org.springframework.security.web.ObservationFilterChainDecorator$ObservationFilter.wrapFilter(ObservationFilterChainDecorator.java:244) ~[spring-security-web-7.0.6.jar:7.0.6]
	at org.springframework.security.web.ObservationFilterChainDecorator$ObservationFilter.doFilter(ObservationFilterChainDecorator.java:231) ~[spring-security-web-7.0.6.jar:7.0.6]
	at org.springframework.security.web.ObservationFilterChainDecorator$VirtualFilterChain.doFilter(ObservationFilterChainDecorator.java:141) ~[spring-security-web-7.0.6.jar:7.0.6]
	at org.springframework.web.filter.OncePerRequestFilter.doFilter(OncePerRequestFilter.java:101) ~[spring-web-7.0.8.jar:7.0.8]
	at org.springframework.security.web.ObservationFilterChainDecorator$ObservationFilter.wrapFilter(ObservationFilterChainDecorator.java:244) ~[spring-security-web-7.0.6.jar:7.0.6]
	at org.springframework.security.web.ObservationFilterChainDecorator$ObservationFilter.doFilter(ObservationFilterChainDecorator.java:231) ~[spring-security-web-7.0.6.jar:7.0.6]
	at org.springframework.security.web.ObservationFilterChainDecorator$VirtualFilterChain.doFilter(ObservationFilterChainDecorator.java:141) ~[spring-security-web-7.0.6.jar:7.0.6]
	at org.springframework.web.filter.OncePerRequestFilter.doFilter(OncePerRequestFilter.java:101) ~[spring-web-7.0.8.jar:7.0.8]
	at org.springframework.security.web.ObservationFilterChainDecorator$ObservationFilter.wrapFilter(ObservationFilterChainDecorator.java:244) ~[spring-security-web-7.0.6.jar:7.0.6]
	at org.springframework.security.web.ObservationFilterChainDecorator$ObservationFilter.doFilter(ObservationFilterChainDecorator.java:231) ~[spring-security-web-7.0.6.jar:7.0.6]
	at org.springframework.security.web.ObservationFilterChainDecorator$VirtualFilterChain.doFilter(ObservationFilterChainDecorator.java:141) ~[spring-security-web-7.0.6.jar:7.0.6]
	at org.springframework.security.web.context.SecurityContextHolderFilter.doFilter(SecurityContextHolderFilter.java:82) ~[spring-security-web-7.0.6.jar:7.0.6]
	at org.springframework.security.web.context.SecurityContextHolderFilter.doFilter(SecurityContextHolderFilter.java:69) ~[spring-security-web-7.0.6.jar:7.0.6]
	at org.springframework.security.web.ObservationFilterChainDecorator$ObservationFilter.wrapFilter(ObservationFilterChainDecorator.java:244) ~[spring-security-web-7.0.6.jar:7.0.6]
	at org.springframework.security.web.ObservationFilterChainDecorator$ObservationFilter.doFilter(ObservationFilterChainDecorator.java:231) ~[spring-security-web-7.0.6.jar:7.0.6]
	at org.springframework.security.web.ObservationFilterChainDecorator$VirtualFilterChain.doFilter(ObservationFilterChainDecorator.java:141) ~[spring-security-web-7.0.6.jar:7.0.6]
	at org.springframework.web.filter.OncePerRequestFilter.doFilter(OncePerRequestFilter.java:101) ~[spring-web-7.0.8.jar:7.0.8]
	at org.springframework.security.web.ObservationFilterChainDecorator$ObservationFilter.wrapFilter(ObservationFilterChainDecorator.java:244) ~[spring-security-web-7.0.6.jar:7.0.6]
	at org.springframework.security.web.ObservationFilterChainDecorator$ObservationFilter.doFilter(ObservationFilterChainDecorator.java:231) ~[spring-security-web-7.0.6.jar:7.0.6]
	at org.springframework.security.web.ObservationFilterChainDecorator$VirtualFilterChain.doFilter(ObservationFilterChainDecorator.java:141) ~[spring-security-web-7.0.6.jar:7.0.6]
	at org.springframework.web.filter.OncePerRequestFilter.doFilter(OncePerRequestFilter.java:101) ~[spring-web-7.0.8.jar:7.0.8]
	at org.springframework.security.web.ObservationFilterChainDecorator$ObservationFilter.wrapFilter(ObservationFilterChainDecorator.java:244) ~[spring-security-web-7.0.6.jar:7.0.6]
	at org.springframework.security.web.ObservationFilterChainDecorator$AroundFilterObservation$SimpleAroundFilterObservation.lambda$wrap$0(ObservationFilterChainDecorator.java:337) ~[spring-security-web-7.0.6.jar:7.0.6]
	at org.springframework.security.web.ObservationFilterChainDecorator$ObservationFilter.doFilter(ObservationFilterChainDecorator.java:228) ~[spring-security-web-7.0.6.jar:7.0.6]
	at org.springframework.security.web.ObservationFilterChainDecorator$VirtualFilterChain.doFilter(ObservationFilterChainDecorator.java:141) ~[spring-security-web-7.0.6.jar:7.0.6]
	at org.springframework.security.web.FilterChainProxy.doFilterInternal(FilterChainProxy.java:237) ~[spring-security-web-7.0.6.jar:7.0.6]
	at org.springframework.security.web.FilterChainProxy.doFilter(FilterChainProxy.java:195) ~[spring-security-web-7.0.6.jar:7.0.6]
	at org.springframework.web.filter.CompositeFilter$VirtualFilterChain.doFilter(CompositeFilter.java:113) ~[spring-web-7.0.8.jar:7.0.8]
	at org.springframework.web.filter.ServletRequestPathFilter.doFilter(ServletRequestPathFilter.java:52) ~[spring-web-7.0.8.jar:7.0.8]
	at org.springframework.web.filter.CompositeFilter$VirtualFilterChain.doFilter(CompositeFilter.java:113) ~[spring-web-7.0.8.jar:7.0.8]
	at org.springframework.web.filter.CompositeFilter.doFilter(CompositeFilter.java:74) ~[spring-web-7.0.8.jar:7.0.8]
	at org.springframework.security.config.annotation.web.configuration.WebSecurityConfiguration$CompositeFilterChainProxy.doFilter(WebSecurityConfiguration.java:317) ~[spring-security-config-7.0.6.jar:7.0.6]
	at org.springframework.web.filter.DelegatingFilterProxy.invokeDelegate(DelegatingFilterProxy.java:355) ~[spring-web-7.0.8.jar:7.0.8]
	at org.springframework.web.filter.DelegatingFilterProxy.doFilter(DelegatingFilterProxy.java:272) ~[spring-web-7.0.8.jar:7.0.8]
	at org.apache.catalina.core.ApplicationFilterChain.doFilter(ApplicationFilterChain.java:107) ~[tomcat-embed-core-11.0.22.jar:11.0.22]
	at org.springframework.web.filter.RequestContextFilter.doFilterInternal(RequestContextFilter.java:100) ~[spring-web-7.0.8.jar:7.0.8]
	at org.springframework.web.filter.OncePerRequestFilter.doFilter(OncePerRequestFilter.java:116) ~[spring-web-7.0.8.jar:7.0.8]
	at org.apache.catalina.core.ApplicationFilterChain.doFilter(ApplicationFilterChain.java:107) ~[tomcat-embed-core-11.0.22.jar:11.0.22]
	at org.springframework.web.filter.OncePerRequestFilter.doFilter(OncePerRequestFilter.java:101) ~[spring-web-7.0.8.jar:7.0.8]
	at org.apache.catalina.core.ApplicationFilterChain.doFilter(ApplicationFilterChain.java:107) ~[tomcat-embed-core-11.0.22.jar:11.0.22]
	at org.springframework.web.filter.OncePerRequestFilter.doFilter(OncePerRequestFilter.java:101) ~[spring-web-7.0.8.jar:7.0.8]
	at org.apache.catalina.core.ApplicationFilterChain.doFilter(ApplicationFilterChain.java:107) ~[tomcat-embed-core-11.0.22.jar:11.0.22]
	at org.apache.catalina.core.ApplicationDispatcher.invoke(ApplicationDispatcher.java:513) ~[tomcat-embed-core-11.0.22.jar:11.0.22]
	at org.apache.catalina.core.ApplicationDispatcher.include(ApplicationDispatcher.java:411) ~[tomcat-embed-core-11.0.22.jar:11.0.22]
	at org.apache.catalina.core.StandardHostValve.custom(StandardHostValve.java:356) ~[tomcat-embed-core-11.0.22.jar:11.0.22]
	at org.apache.catalina.core.StandardHostValve.status(StandardHostValve.java:206) ~[tomcat-embed-core-11.0.22.jar:11.0.22]
	at org.apache.catalina.core.StandardHostValve.throwable(StandardHostValve.java:282) ~[tomcat-embed-core-11.0.22.jar:11.0.22]
	at org.apache.catalina.core.StandardHostValve.invoke(StandardHostValve.java:147) ~[tomcat-embed-core-11.0.22.jar:11.0.22]
	at org.apache.catalina.valves.ErrorReportValve.invoke(ErrorReportValve.java:83) ~[tomcat-embed-core-11.0.22.jar:11.0.22]
	at org.apache.catalina.core.StandardEngineValve.invoke(StandardEngineValve.java:72) ~[tomcat-embed-core-11.0.22.jar:11.0.22]
	at org.apache.catalina.connector.CoyoteAdapter.asyncDispatch(CoyoteAdapter.java:238) ~[tomcat-embed-core-11.0.22.jar:11.0.22]
	at org.apache.coyote.AbstractProcessor.dispatch(AbstractProcessor.java:242) ~[tomcat-embed-core-11.0.22.jar:11.0.22]
	at org.apache.coyote.AbstractProcessorLight.process(AbstractProcessorLight.java:57) ~[tomcat-embed-core-11.0.22.jar:11.0.22]
	at org.apache.coyote.AbstractProtocol$ConnectionHandler.process(AbstractProtocol.java:1272) ~[tomcat-embed-core-11.0.22.jar:11.0.22]
	at org.apache.tomcat.util.net.NioEndpoint$SocketProcessor.doRun(NioEndpoint.java:1801) ~[tomcat-embed-core-11.0.22.jar:11.0.22]
	at org.apache.tomcat.util.net.SocketProcessorBase.run(SocketProcessorBase.java:52) ~[tomcat-embed-core-11.0.22.jar:11.0.22]
	at org.apache.tomcat.util.threads.ThreadPoolExecutor.runWorker(ThreadPoolExecutor.java:946) ~[tomcat-embed-core-11.0.22.jar:11.0.22]
	at org.apache.tomcat.util.threads.ThreadPoolExecutor$Worker.run(ThreadPoolExecutor.java:480) ~[tomcat-embed-core-11.0.22.jar:11.0.22]
	at org.apache.tomcat.util.threads.TaskThread$WrappingRunnable.run(TaskThread.java:57) ~[tomcat-embed-core-11.0.22.jar:11.0.22]
	at java.base/java.lang.Thread.run(Thread.java:1583) ~[na:na]

2026-08-21T21:34:41.694+09:00 ERROR 3764 --- [Pokade] [nio-8080-exec-2] o.a.c.c.C.[Tomcat].[localhost]           : Exception Processing [ErrorPage[errorCode=0, location=/error]]

jakarta.servlet.ServletException: Unable to handle the Spring Security Exception because the response is already committed.
	at org.springframework.security.web.access.ExceptionTranslationFilter.doFilter(ExceptionTranslationFilter.java:144) ~[spring-security-web-7.0.6.jar:7.0.6]
	at org.springframework.security.web.access.ExceptionTranslationFilter.doFilter(ExceptionTranslationFilter.java:120) ~[spring-security-web-7.0.6.jar:7.0.6]
	at org.springframework.security.web.ObservationFilterChainDecorator$ObservationFilter.wrapFilter(ObservationFilterChainDecorator.java:244) ~[spring-security-web-7.0.6.jar:7.0.6]
	at org.springframework.security.web.ObservationFilterChainDecorator$ObservationFilter.doFilter(ObservationFilterChainDecorator.java:231) ~[spring-security-web-7.0.6.jar:7.0.6]
	at org.springframework.security.web.ObservationFilterChainDecorator$VirtualFilterChain.doFilter(ObservationFilterChainDecorator.java:141) ~[spring-security-web-7.0.6.jar:7.0.6]
	at org.springframework.security.web.session.SessionManagementFilter.doFilter(SessionManagementFilter.java:92) ~[spring-security-web-7.0.6.jar:7.0.6]
	at org.springframework.security.web.session.SessionManagementFilter.doFilter(SessionManagementFilter.java:86) ~[spring-security-web-7.0.6.jar:7.0.6]
	at org.springframework.security.web.ObservationFilterChainDecorator$ObservationFilter.wrapFilter(ObservationFilterChainDecorator.java:244) ~[spring-security-web-7.0.6.jar:7.0.6]
	at org.springframework.security.web.ObservationFilterChainDecorator$ObservationFilter.doFilter(ObservationFilterChainDecorator.java:231) ~[spring-security-web-7.0.6.jar:7.0.6]
	at org.springframework.security.web.ObservationFilterChainDecorator$VirtualFilterChain.doFilter(ObservationFilterChainDecorator.java:141) ~[spring-security-web-7.0.6.jar:7.0.6]
	at org.springframework.security.web.authentication.AnonymousAuthenticationFilter.doFilter(AnonymousAuthenticationFilter.java:100) ~[spring-security-web-7.0.6.jar:7.0.6]
	at org.springframework.security.web.ObservationFilterChainDecorator$ObservationFilter.wrapFilter(ObservationFilterChainDecorator.java:244) ~[spring-security-web-7.0.6.jar:7.0.6]
	at org.springframework.security.web.ObservationFilterChainDecorator$ObservationFilter.doFilter(ObservationFilterChainDecorator.java:231) ~[spring-security-web-7.0.6.jar:7.0.6]
	at org.springframework.security.web.ObservationFilterChainDecorator$VirtualFilterChain.doFilter(ObservationFilterChainDecorator.java:141) ~[spring-security-web-7.0.6.jar:7.0.6]
	at org.springframework.security.web.servletapi.SecurityContextHolderAwareRequestFilter.doFilter(SecurityContextHolderAwareRequestFilter.java:181) ~[spring-security-web-7.0.6.jar:7.0.6]
	at org.springframework.security.web.ObservationFilterChainDecorator$ObservationFilter.wrapFilter(ObservationFilterChainDecorator.java:244) ~[spring-security-web-7.0.6.jar:7.0.6]
	at org.springframework.security.web.ObservationFilterChainDecorator$ObservationFilter.doFilter(ObservationFilterChainDecorator.java:231) ~[spring-security-web-7.0.6.jar:7.0.6]
	at org.springframework.security.web.ObservationFilterChainDecorator$VirtualFilterChain.doFilter(ObservationFilterChainDecorator.java:141) ~[spring-security-web-7.0.6.jar:7.0.6]
	at org.springframework.security.web.savedrequest.RequestCacheAwareFilter.doFilter(RequestCacheAwareFilter.java:63) ~[spring-security-web-7.0.6.jar:7.0.6]
	at org.springframework.security.web.ObservationFilterChainDecorator$ObservationFilter.wrapFilter(ObservationFilterChainDecorator.java:244) ~[spring-security-web-7.0.6.jar:7.0.6]
	at org.springframework.security.web.ObservationFilterChainDecorator$ObservationFilter.doFilter(ObservationFilterChainDecorator.java:231) ~[spring-security-web-7.0.6.jar:7.0.6]
	at org.springframework.security.web.ObservationFilterChainDecorator$VirtualFilterChain.doFilter(ObservationFilterChainDecorator.java:141) ~[spring-security-web-7.0.6.jar:7.0.6]
	at org.springframework.web.filter.OncePerRequestFilter.doFilter(OncePerRequestFilter.java:101) ~[spring-web-7.0.8.jar:7.0.8]
	at org.springframework.security.web.ObservationFilterChainDecorator$ObservationFilter.wrapFilter(ObservationFilterChainDecorator.java:244) ~[spring-security-web-7.0.6.jar:7.0.6]
	at org.springframework.security.web.ObservationFilterChainDecorator$ObservationFilter.doFilter(ObservationFilterChainDecorator.java:231) ~[spring-security-web-7.0.6.jar:7.0.6]
	at org.springframework.security.web.ObservationFilterChainDecorator$VirtualFilterChain.doFilter(ObservationFilterChainDecorator.java:141) ~[spring-security-web-7.0.6.jar:7.0.6]
	at org.springframework.security.web.authentication.AbstractAuthenticationProcessingFilter.doFilter(AbstractAuthenticationProcessingFilter.java:245) ~[spring-security-web-7.0.6.jar:7.0.6]
	at org.springframework.security.web.authentication.AbstractAuthenticationProcessingFilter.doFilter(AbstractAuthenticationProcessingFilter.java:239) ~[spring-security-web-7.0.6.jar:7.0.6]
	at org.springframework.security.web.ObservationFilterChainDecorator$ObservationFilter.wrapFilter(ObservationFilterChainDecorator.java:244) ~[spring-security-web-7.0.6.jar:7.0.6]
	at org.springframework.security.web.ObservationFilterChainDecorator$ObservationFilter.doFilter(ObservationFilterChainDecorator.java:231) ~[spring-security-web-7.0.6.jar:7.0.6]
	at org.springframework.security.web.ObservationFilterChainDecorator$VirtualFilterChain.doFilter(ObservationFilterChainDecorator.java:141) ~[spring-security-web-7.0.6.jar:7.0.6]
	at org.springframework.web.filter.OncePerRequestFilter.doFilter(OncePerRequestFilter.java:101) ~[spring-web-7.0.8.jar:7.0.8]
	at org.springframework.security.web.ObservationFilterChainDecorator$ObservationFilter.wrapFilter(ObservationFilterChainDecorator.java:244) ~[spring-security-web-7.0.6.jar:7.0.6]
	at org.springframework.security.web.ObservationFilterChainDecorator$ObservationFilter.doFilter(ObservationFilterChainDecorator.java:231) ~[spring-security-web-7.0.6.jar:7.0.6]
	at org.springframework.security.web.ObservationFilterChainDecorator$VirtualFilterChain.doFilter(ObservationFilterChainDecorator.java:141) ~[spring-security-web-7.0.6.jar:7.0.6]
	at org.springframework.web.filter.OncePerRequestFilter.doFilter(OncePerRequestFilter.java:101) ~[spring-web-7.0.8.jar:7.0.8]
	at org.springframework.security.web.ObservationFilterChainDecorator$ObservationFilter.wrapFilter(ObservationFilterChainDecorator.java:244) ~[spring-security-web-7.0.6.jar:7.0.6]
	at org.springframework.security.web.ObservationFilterChainDecorator$ObservationFilter.doFilter(ObservationFilterChainDecorator.java:231) ~[spring-security-web-7.0.6.jar:7.0.6]
	at org.springframework.security.web.ObservationFilterChainDecorator$VirtualFilterChain.doFilter(ObservationFilterChainDecorator.java:141) ~[spring-security-web-7.0.6.jar:7.0.6]
	at org.springframework.web.filter.OncePerRequestFilter.doFilter(OncePerRequestFilter.java:101) ~[spring-web-7.0.8.jar:7.0.8]
	at org.springframework.security.web.ObservationFilterChainDecorator$ObservationFilter.wrapFilter(ObservationFilterChainDecorator.java:244) ~[spring-security-web-7.0.6.jar:7.0.6]
	at org.springframework.security.web.ObservationFilterChainDecorator$ObservationFilter.doFilter(ObservationFilterChainDecorator.java:231) ~[spring-security-web-7.0.6.jar:7.0.6]
	at org.springframework.security.web.ObservationFilterChainDecorator$VirtualFilterChain.doFilter(ObservationFilterChainDecorator.java:141) ~[spring-security-web-7.0.6.jar:7.0.6]
	at org.springframework.security.web.context.SecurityContextHolderFilter.doFilter(SecurityContextHolderFilter.java:82) ~[spring-security-web-7.0.6.jar:7.0.6]
	at org.springframework.security.web.context.SecurityContextHolderFilter.doFilter(SecurityContextHolderFilter.java:69) ~[spring-security-web-7.0.6.jar:7.0.6]
	at org.springframework.security.web.ObservationFilterChainDecorator$ObservationFilter.wrapFilter(ObservationFilterChainDecorator.java:244) ~[spring-security-web-7.0.6.jar:7.0.6]
	at org.springframework.security.web.ObservationFilterChainDecorator$ObservationFilter.doFilter(ObservationFilterChainDecorator.java:231) ~[spring-security-web-7.0.6.jar:7.0.6]
	at org.springframework.security.web.ObservationFilterChainDecorator$VirtualFilterChain.doFilter(ObservationFilterChainDecorator.java:141) ~[spring-security-web-7.0.6.jar:7.0.6]
	at org.springframework.web.filter.OncePerRequestFilter.doFilter(OncePerRequestFilter.java:101) ~[spring-web-7.0.8.jar:7.0.8]
	at org.springframework.security.web.ObservationFilterChainDecorator$ObservationFilter.wrapFilter(ObservationFilterChainDecorator.java:244) ~[spring-security-web-7.0.6.jar:7.0.6]
	at org.springframework.security.web.ObservationFilterChainDecorator$ObservationFilter.doFilter(ObservationFilterChainDecorator.java:231) ~[spring-security-web-7.0.6.jar:7.0.6]
	at org.springframework.security.web.ObservationFilterChainDecorator$VirtualFilterChain.doFilter(ObservationFilterChainDecorator.java:141) ~[spring-security-web-7.0.6.jar:7.0.6]
	at org.springframework.web.filter.OncePerRequestFilter.doFilter(OncePerRequestFilter.java:101) ~[spring-web-7.0.8.jar:7.0.8]
	at org.springframework.security.web.ObservationFilterChainDecorator$ObservationFilter.wrapFilter(ObservationFilterChainDecorator.java:244) ~[spring-security-web-7.0.6.jar:7.0.6]
	at org.springframework.security.web.ObservationFilterChainDecorator$AroundFilterObservation$SimpleAroundFilterObservation.lambda$wrap$0(ObservationFilterChainDecorator.java:337) ~[spring-security-web-7.0.6.jar:7.0.6]
	at org.springframework.security.web.ObservationFilterChainDecorator$ObservationFilter.doFilter(ObservationFilterChainDecorator.java:228) ~[spring-security-web-7.0.6.jar:7.0.6]
	at org.springframework.security.web.ObservationFilterChainDecorator$VirtualFilterChain.doFilter(ObservationFilterChainDecorator.java:141) ~[spring-security-web-7.0.6.jar:7.0.6]
	at org.springframework.security.web.FilterChainProxy.doFilterInternal(FilterChainProxy.java:237) ~[spring-security-web-7.0.6.jar:7.0.6]
	at org.springframework.security.web.FilterChainProxy.doFilter(FilterChainProxy.java:195) ~[spring-security-web-7.0.6.jar:7.0.6]
	at org.springframework.web.filter.CompositeFilter$VirtualFilterChain.doFilter(CompositeFilter.java:113) ~[spring-web-7.0.8.jar:7.0.8]
	at org.springframework.web.filter.ServletRequestPathFilter.doFilter(ServletRequestPathFilter.java:52) ~[spring-web-7.0.8.jar:7.0.8]
	at org.springframework.web.filter.CompositeFilter$VirtualFilterChain.doFilter(CompositeFilter.java:113) ~[spring-web-7.0.8.jar:7.0.8]
	at org.springframework.web.filter.CompositeFilter.doFilter(CompositeFilter.java:74) ~[spring-web-7.0.8.jar:7.0.8]
	at org.springframework.security.config.annotation.web.configuration.WebSecurityConfiguration$CompositeFilterChainProxy.doFilter(WebSecurityConfiguration.java:317) ~[spring-security-config-7.0.6.jar:7.0.6]
	at org.springframework.web.filter.DelegatingFilterProxy.invokeDelegate(DelegatingFilterProxy.java:355) ~[spring-web-7.0.8.jar:7.0.8]
	at org.springframework.web.filter.DelegatingFilterProxy.doFilter(DelegatingFilterProxy.java:272) ~[spring-web-7.0.8.jar:7.0.8]
	at org.apache.catalina.core.ApplicationFilterChain.doFilter(ApplicationFilterChain.java:107) ~[tomcat-embed-core-11.0.22.jar:11.0.22]
	at org.springframework.web.filter.RequestContextFilter.doFilterInternal(RequestContextFilter.java:100) ~[spring-web-7.0.8.jar:7.0.8]
	at org.springframework.web.filter.OncePerRequestFilter.doFilter(OncePerRequestFilter.java:116) ~[spring-web-7.0.8.jar:7.0.8]
	at org.apache.catalina.core.ApplicationFilterChain.doFilter(ApplicationFilterChain.java:107) ~[tomcat-embed-core-11.0.22.jar:11.0.22]
	at org.springframework.web.filter.OncePerRequestFilter.doFilter(OncePerRequestFilter.java:101) ~[spring-web-7.0.8.jar:7.0.8]
	at org.apache.catalina.core.ApplicationFilterChain.doFilter(ApplicationFilterChain.java:107) ~[tomcat-embed-core-11.0.22.jar:11.0.22]
	at org.springframework.web.filter.OncePerRequestFilter.doFilter(OncePerRequestFilter.java:101) ~[spring-web-7.0.8.jar:7.0.8]
	at org.apache.catalina.core.ApplicationFilterChain.doFilter(ApplicationFilterChain.java:107) ~[tomcat-embed-core-11.0.22.jar:11.0.22]
	at org.apache.catalina.core.ApplicationDispatcher.invoke(ApplicationDispatcher.java:513) ~[tomcat-embed-core-11.0.22.jar:11.0.22]
	at org.apache.catalina.core.ApplicationDispatcher.include(ApplicationDispatcher.java:411) ~[tomcat-embed-core-11.0.22.jar:11.0.22]
	at org.apache.catalina.core.StandardHostValve.custom(StandardHostValve.java:356) ~[tomcat-embed-core-11.0.22.jar:11.0.22]
	at org.apache.catalina.core.StandardHostValve.status(StandardHostValve.java:206) ~[tomcat-embed-core-11.0.22.jar:11.0.22]
	at org.apache.catalina.core.StandardHostValve.throwable(StandardHostValve.java:282) ~[tomcat-embed-core-11.0.22.jar:11.0.22]
	at org.apache.catalina.core.StandardHostValve.invoke(StandardHostValve.java:147) ~[tomcat-embed-core-11.0.22.jar:11.0.22]
	at org.apache.catalina.valves.ErrorReportValve.invoke(ErrorReportValve.java:83) ~[tomcat-embed-core-11.0.22.jar:11.0.22]
	at org.apache.catalina.core.StandardEngineValve.invoke(StandardEngineValve.java:72) ~[tomcat-embed-core-11.0.22.jar:11.0.22]
	at org.apache.catalina.connector.CoyoteAdapter.asyncDispatch(CoyoteAdapter.java:238) ~[tomcat-embed-core-11.0.22.jar:11.0.22]
	at org.apache.coyote.AbstractProcessor.dispatch(AbstractProcessor.java:242) ~[tomcat-embed-core-11.0.22.jar:11.0.22]
	at org.apache.coyote.AbstractProcessorLight.process(AbstractProcessorLight.java:57) ~[tomcat-embed-core-11.0.22.jar:11.0.22]
	at org.apache.coyote.AbstractProtocol$ConnectionHandler.process(AbstractProtocol.java:1272) ~[tomcat-embed-core-11.0.22.jar:11.0.22]
	at org.apache.tomcat.util.net.NioEndpoint$SocketProcessor.doRun(NioEndpoint.java:1801) ~[tomcat-embed-core-11.0.22.jar:11.0.22]
	at org.apache.tomcat.util.net.SocketProcessorBase.run(SocketProcessorBase.java:52) ~[tomcat-embed-core-11.0.22.jar:11.0.22]
	at org.apache.tomcat.util.threads.ThreadPoolExecutor.runWorker(ThreadPoolExecutor.java:946) ~[tomcat-embed-core-11.0.22.jar:11.0.22]
	at org.apache.tomcat.util.threads.ThreadPoolExecutor$Worker.run(ThreadPoolExecutor.java:480) ~[tomcat-embed-core-11.0.22.jar:11.0.22]
	at org.apache.tomcat.util.threads.TaskThread$WrappingRunnable.run(TaskThread.java:57) ~[tomcat-embed-core-11.0.22.jar:11.0.22]
	at java.base/java.lang.Thread.run(Thread.java:1583) ~[na:na]
Caused by: org.springframework.security.authorization.AuthorizationDeniedException: Access Denied
	at org.springframework.security.web.access.intercept.AuthorizationFilter.doFilter(AuthorizationFilter.java:99) ~[spring-security-web-7.0.6.jar:7.0.6]
	at org.springframework.security.web.ObservationFilterChainDecorator$ObservationFilter.wrapFilter(ObservationFilterChainDecorator.java:244) ~[spring-security-web-7.0.6.jar:7.0.6]
	at org.springframework.security.web.ObservationFilterChainDecorator$ObservationFilter.doFilter(ObservationFilterChainDecorator.java:231) ~[spring-security-web-7.0.6.jar:7.0.6]
	at org.springframework.security.web.ObservationFilterChainDecorator$VirtualFilterChain.doFilter(ObservationFilterChainDecorator.java:141) ~[spring-security-web-7.0.6.jar:7.0.6]
	at org.springframework.security.web.access.ExceptionTranslationFilter.doFilter(ExceptionTranslationFilter.java:126) ~[spring-security-web-7.0.6.jar:7.0.6]
	... 91 common frames omitted

2026-08-21T21:34:41.696+09:00  INFO 3764 --- [Pokade] [nio-8080-exec-2] c.p.d.n.store.SseEmitterStore            : [SSE] Emitter 제거 userId=3, 남은 연결 수=1
2026-08-21T21:34:43.491+09:00 DEBUG 3764 --- [Pokade] [nio-8080-exec-1] org.hibernate.SQL                        : 
    select
        u1_0.id,
        u1_0.created_at,
        u1_0.deleted_at,
        u1_0.email,
        u1_0.nickname,
        u1_0.nickname_changed_at,
        u1_0.password,
        u1_0.point_balance,
        u1_0.profile_image_url,
        u1_0.provider,
        u1_0.role,
        u1_0.status,
        u1_0.updated_at,
        u1_0.version,
        u1_0.withdrawal_requested_at 
    from
        users u1_0 
    where
        u1_0.id=?
Hibernate: 
    select
        u1_0.id,
        u1_0.created_at,
        u1_0.deleted_at,
        u1_0.email,
        u1_0.nickname,
        u1_0.nickname_changed_at,
        u1_0.password,
        u1_0.point_balance,
        u1_0.profile_image_url,
        u1_0.provider,
        u1_0.role,
        u1_0.status,
        u1_0.updated_at,
        u1_0.version,
        u1_0.withdrawal_requested_at 
    from
        users u1_0 
    where
        u1_0.id=?
2026-08-21T21:34:43.492+09:00 TRACE 3764 --- [Pokade] [nio-8080-exec-1] org.hibernate.orm.jdbc.bind              : binding parameter (1:BIGINT) <- [3]
2026-08-21T21:34:43.508+09:00 DEBUG 3764 --- [Pokade] [io-8080-exec-10] org.hibernate.SQL                        : 
    select
        n1_0.id,
        n1_0.card_id,
        n1_0.created_at,
        n1_0.is_read,
        n1_0.message,
        n1_0.type,
        n1_0.user_id 
    from
        notifications n1_0 
    where
        n1_0.user_id=? 
    order by
        n1_0.created_at desc 
    fetch
        first ? rows only
Hibernate: 
    select
        n1_0.id,
        n1_0.card_id,
        n1_0.created_at,
        n1_0.is_read,
        n1_0.message,
        n1_0.type,
        n1_0.user_id 
    from
        notifications n1_0 
    where
        n1_0.user_id=? 
    order by
        n1_0.created_at desc 
    fetch
        first ? rows only
2026-08-21T21:34:43.508+09:00 TRACE 3764 --- [Pokade] [io-8080-exec-10] org.hibernate.orm.jdbc.bind              : binding parameter (1:BIGINT) <- [3]
2026-08-21T21:34:43.508+09:00 TRACE 3764 --- [Pokade] [io-8080-exec-10] org.hibernate.orm.jdbc.bind              : binding parameter (2:INTEGER) <- [20]
2026-08-21T21:34:50.702+09:00 DEBUG 3764 --- [Pokade] [l-1:housekeeper] com.zaxxer.hikari.pool.HikariPool        : HikariPool-1 - keepalive: connection org.postgresql.jdbc.PgConnection@15fb36e2 is alive
2026-08-21T21:35:00.129+09:00 DEBUG 3764 --- [Pokade] [l-1:housekeeper] com.zaxxer.hikari.pool.HikariPool        : HikariPool-1 - keepalive: connection org.postgresql.jdbc.PgConnection@209d7ad9 is alive
2026-08-21T21:35:10.706+09:00 DEBUG 3764 --- [Pokade] [l-1:housekeeper] com.zaxxer.hikari.pool.HikariPool        : HikariPool-1 - Pool stats (total=10/10, idle=10/10, active=0, waiting=0)
2026-08-21T21:35:10.706+09:00 DEBUG 3764 --- [Pokade] [l-1:housekeeper] com.zaxxer.hikari.pool.HikariPool        : HikariPool-1 - Fill pool skipped, pool has sufficient level or currently being filled.
2026-08-21T21:35:11.281+09:00 DEBUG 3764 --- [Pokade] [l-1:housekeeper] com.zaxxer.hikari.pool.HikariPool        : HikariPool-1 - keepalive: connection org.postgresql.jdbc.PgConnection@1caceb72 is alive
2026-08-21T21:35:14.470+09:00 DEBUG 3764 --- [Pokade] [nio-8080-exec-3] org.hibernate.SQL                        : 
    select
        n1_0.id,
        n1_0.card_id,
        n1_0.created_at,
        n1_0.is_read,
        n1_0.message,
        n1_0.type,
        n1_0.user_id 
    from
        notifications n1_0 
    where
        n1_0.user_id=? 
    order by
        n1_0.created_at desc 
    fetch
        first ? rows only
Hibernate: 
    select
        n1_0.id,
        n1_0.card_id,
        n1_0.created_at,
        n1_0.is_read,
        n1_0.message,
        n1_0.type,
        n1_0.user_id 
    from
        notifications n1_0 
    where
        n1_0.user_id=? 
    order by
        n1_0.created_at desc 
    fetch
        first ? rows only
2026-08-21T21:35:14.470+09:00 TRACE 3764 --- [Pokade] [nio-8080-exec-3] org.hibernate.orm.jdbc.bind              : binding parameter (1:BIGINT) <- [3]
2026-08-21T21:35:14.470+09:00 TRACE 3764 --- [Pokade] [nio-8080-exec-3] org.hibernate.orm.jdbc.bind              : binding parameter (2:INTEGER) <- [20]
2026-08-21T21:35:27.818+09:00 DEBUG 3764 --- [Pokade] [l-1:housekeeper] com.zaxxer.hikari.pool.HikariPool        : HikariPool-1 - keepalive: connection org.postgresql.jdbc.PgConnection@46660948 is alive
2026-08-21T21:35:29.417+09:00 DEBUG 3764 --- [Pokade] [l-1:housekeeper] com.zaxxer.hikari.pool.HikariPool        : HikariPool-1 - keepalive: connection org.postgresql.jdbc.PgConnection@1bc52269 is alive
2026-08-21T21:35:31.788+09:00 DEBUG 3764 --- [Pokade] [l-1:housekeeper] com.zaxxer.hikari.pool.HikariPool        : HikariPool-1 - keepalive: connection org.postgresql.jdbc.PgConnection@218a4ce0 is alive
2026-08-21T21:35:40.708+09:00 DEBUG 3764 --- [Pokade] [l-1:housekeeper] com.zaxxer.hikari.pool.HikariPool        : HikariPool-1 - Pool stats (total=10/10, idle=10/10, active=0, waiting=0)
2026-08-21T21:35:40.708+09:00 DEBUG 3764 --- [Pokade] [l-1:housekeeper] com.zaxxer.hikari.pool.HikariPool        : HikariPool-1 - Fill pool skipped, pool has sufficient level or currently being filled.
2026-08-21T21:35:41.657+09:00 DEBUG 3764 --- [Pokade] [l-1:housekeeper] com.zaxxer.hikari.pool.HikariPool        : HikariPool-1 - keepalive: connection org.postgresql.jdbc.PgConnection@7c351814 is alive
2026-08-21T21:35:44.475+09:00 DEBUG 3764 --- [Pokade] [nio-8080-exec-2] org.hibernate.SQL                        : 
    select
        n1_0.id,
        n1_0.card_id,
        n1_0.created_at,
        n1_0.is_read,
        n1_0.message,
        n1_0.type,
        n1_0.user_id 
    from
        notifications n1_0 
    where
        n1_0.user_id=? 
    order by
        n1_0.created_at desc 
    fetch
        first ? rows only
Hibernate: 
    select
        n1_0.id,
        n1_0.card_id,
        n1_0.created_at,
        n1_0.is_read,
        n1_0.message,
        n1_0.type,
        n1_0.user_id 
    from
        notifications n1_0 
    where
        n1_0.user_id=? 
    order by
        n1_0.created_at desc 
    fetch
        first ? rows only
2026-08-21T21:35:44.475+09:00 TRACE 3764 --- [Pokade] [nio-8080-exec-2] org.hibernate.orm.jdbc.bind              : binding parameter (1:BIGINT) <- [3]
2026-08-21T21:35:44.475+09:00 TRACE 3764 --- [Pokade] [nio-8080-exec-2] org.hibernate.orm.jdbc.bind              : binding parameter (2:INTEGER) <- [20]
2026-08-21T21:35:54.534+09:00 DEBUG 3764 --- [Pokade] [l-1:housekeeper] com.zaxxer.hikari.pool.HikariPool        : HikariPool-1 - keepalive: connection org.postgresql.jdbc.PgConnection@62fc9a3a is alive
2026-08-21T21:35:58.883+09:00 DEBUG 3764 --- [Pokade] [l-1:housekeeper] com.zaxxer.hikari.pool.HikariPool        : HikariPool-1 - keepalive: connection org.postgresql.jdbc.PgConnection@295f36da is alive
2026-08-21T21:36:10.722+09:00 DEBUG 3764 --- [Pokade] [l-1:housekeeper] com.zaxxer.hikari.pool.HikariPool        : HikariPool-1 - Pool stats (total=10/10, idle=10/10, active=0, waiting=0)
2026-08-21T21:36:10.722+09:00 DEBUG 3764 --- [Pokade] [l-1:housekeeper] com.zaxxer.hikari.pool.HikariPool        : HikariPool-1 - Fill pool skipped, pool has sufficient level or currently being filled.
2026-08-21T21:36:14.468+09:00 DEBUG 3764 --- [Pokade] [nio-8080-exec-5] org.hibernate.SQL                        : 
    select
        n1_0.id,
        n1_0.card_id,
        n1_0.created_at,
        n1_0.is_read,
        n1_0.message,
        n1_0.type,
        n1_0.user_id 
    from
        notifications n1_0 
    where
        n1_0.user_id=? 
    order by
        n1_0.created_at desc 
    fetch
        first ? rows only
Hibernate: 
    select
        n1_0.id,
        n1_0.card_id,
        n1_0.created_at,
        n1_0.is_read,
        n1_0.message,
        n1_0.type,
        n1_0.user_id 
    from
        notifications n1_0 
    where
        n1_0.user_id=? 
    order by
        n1_0.created_at desc 
    fetch
        first ? rows only
2026-08-21T21:36:14.468+09:00 TRACE 3764 --- [Pokade] [nio-8080-exec-5] org.hibernate.orm.jdbc.bind              : binding parameter (1:BIGINT) <- [3]
2026-08-21T21:36:14.468+09:00 TRACE 3764 --- [Pokade] [nio-8080-exec-5] org.hibernate.orm.jdbc.bind              : binding parameter (2:INTEGER) <- [20]
2026-08-21T21:36:27.409+09:00 DEBUG 3764 --- [Pokade] [nnection-closer] com.zaxxer.hikari.pool.PoolBase          : HikariPool-1 - Closing connection org.postgresql.jdbc.PgConnection@1caceb72: (connection has passed maxLifetime)
2026-08-21T21:36:27.411+09:00 DEBUG 3764 --- [Pokade] [onnection-adder] com.zaxxer.hikari.pool.PoolBase          : HikariPool-1 - Attempting to create/setup new connection (7f7ff56b-f615-47f7-8d79-5c336c1a015c)
2026-08-21T21:36:27.442+09:00 DEBUG 3764 --- [Pokade] [onnection-adder] com.zaxxer.hikari.pool.PoolBase          : HikariPool-1 - Established new connection (7f7ff56b-f615-47f7-8d79-5c336c1a015c)
2026-08-21T21:36:27.442+09:00 DEBUG 3764 --- [Pokade] [onnection-adder] com.zaxxer.hikari.pool.HikariPool        : HikariPool-1 - Added connection org.postgresql.jdbc.PgConnection@31fae751
2026-08-21T21:36:27.766+09:00 DEBUG 3764 --- [Pokade] [l-1:housekeeper] com.zaxxer.hikari.pool.HikariPool        : HikariPool-1 - keepalive: connection org.postgresql.jdbc.PgConnection@2798dc59 is alive
2026-08-21T21:36:40.731+09:00 DEBUG 3764 --- [Pokade] [l-1:housekeeper] com.zaxxer.hikari.pool.HikariPool        : HikariPool-1 - Pool stats (total=10/10, idle=10/10, active=0, waiting=0)
2026-08-21T21:36:40.731+09:00 DEBUG 3764 --- [Pokade] [l-1:housekeeper] com.zaxxer.hikari.pool.HikariPool        : HikariPool-1 - Fill pool skipped, pool has sufficient level or currently being filled.
2026-08-21T21:36:43.468+09:00 DEBUG 3764 --- [Pokade] [l-1:housekeeper] com.zaxxer.hikari.pool.HikariPool        : HikariPool-1 - keepalive: connection org.postgresql.jdbc.PgConnection@15fb36e2 is alive
2026-08-21T21:36:44.481+09:00 DEBUG 3764 --- [Pokade] [nio-8080-exec-9] org.hibernate.SQL                        : 
    select
        n1_0.id,
        n1_0.card_id,
        n1_0.created_at,
        n1_0.is_read,
        n1_0.message,
        n1_0.type,
        n1_0.user_id 
    from
        notifications n1_0 
    where
        n1_0.user_id=? 
    order by
        n1_0.created_at desc 
    fetch
        first ? rows only
Hibernate: 
    select
        n1_0.id,
        n1_0.card_id,
        n1_0.created_at,
        n1_0.is_read,
        n1_0.message,
        n1_0.type,
        n1_0.user_id 
    from
        notifications n1_0 
    where
        n1_0.user_id=? 
    order by
        n1_0.created_at desc 
    fetch
        first ? rows only
2026-08-21T21:36:44.481+09:00 TRACE 3764 --- [Pokade] [nio-8080-exec-9] org.hibernate.orm.jdbc.bind              : binding parameter (1:BIGINT) <- [3]
2026-08-21T21:36:44.481+09:00 TRACE 3764 --- [Pokade] [nio-8080-exec-9] org.hibernate.orm.jdbc.bind              : binding parameter (2:INTEGER) <- [20]
2026-08-21T21:36:47.023+09:00 DEBUG 3764 --- [Pokade] [l-1:housekeeper] com.zaxxer.hikari.pool.HikariPool        : HikariPool-1 - keepalive: connection org.postgresql.jdbc.PgConnection@209d7ad9 is alive
2026-08-21T21:37:10.737+09:00 DEBUG 3764 --- [Pokade] [l-1:housekeeper] com.zaxxer.hikari.pool.HikariPool        : HikariPool-1 - Pool stats (total=10/10, idle=10/10, active=0, waiting=0)
2026-08-21T21:37:10.737+09:00 DEBUG 3764 --- [Pokade] [l-1:housekeeper] com.zaxxer.hikari.pool.HikariPool        : HikariPool-1 - Fill pool skipped, pool has sufficient level or currently being filled.
2026-08-21T21:37:14.361+09:00 DEBUG 3764 --- [Pokade] [l-1:housekeeper] com.zaxxer.hikari.pool.HikariPool        : HikariPool-1 - keepalive: connection org.postgresql.jdbc.PgConnection@1bc52269 is alive
2026-08-21T21:37:14.476+09:00 DEBUG 3764 --- [Pokade] [io-8080-exec-10] org.hibernate.SQL                        : 
    select
        n1_0.id,
        n1_0.card_id,
        n1_0.created_at,
        n1_0.is_read,
        n1_0.message,
        n1_0.type,
        n1_0.user_id 
    from
        notifications n1_0 
    where
        n1_0.user_id=? 
    order by
        n1_0.created_at desc 
    fetch
        first ? rows only
Hibernate: 
    select
        n1_0.id,
        n1_0.card_id,
        n1_0.created_at,
        n1_0.is_read,
        n1_0.message,
        n1_0.type,
        n1_0.user_id 
    from
        notifications n1_0 
    where
        n1_0.user_id=? 
    order by
        n1_0.created_at desc 
    fetch
        first ? rows only
2026-08-21T21:37:14.477+09:00 TRACE 3764 --- [Pokade] [io-8080-exec-10] org.hibernate.orm.jdbc.bind              : binding parameter (1:BIGINT) <- [3]
2026-08-21T21:37:14.477+09:00 TRACE 3764 --- [Pokade] [io-8080-exec-10] org.hibernate.orm.jdbc.bind              : binding parameter (2:INTEGER) <- [20]
2026-08-21T21:37:16.210+09:00 DEBUG 3764 --- [Pokade] [l-1:housekeeper] com.zaxxer.hikari.pool.HikariPool        : HikariPool-1 - keepalive: connection org.postgresql.jdbc.PgConnection@46660948 is alive
2026-08-21T21:37:22.654+09:00 DEBUG 3764 --- [Pokade] [l-1:housekeeper] com.zaxxer.hikari.pool.HikariPool        : HikariPool-1 - keepalive: connection org.postgresql.jdbc.PgConnection@218a4ce0 is alive
2026-08-21T21:37:30.967+09:00 DEBUG 3764 --- [Pokade] [l-1:housekeeper] com.zaxxer.hikari.pool.HikariPool        : HikariPool-1 - keepalive: connection org.postgresql.jdbc.PgConnection@7c351814 is alive
2026-08-21T21:37:36.291+09:00 DEBUG 3764 --- [Pokade] [l-1:housekeeper] com.zaxxer.hikari.pool.HikariPool        : HikariPool-1 - keepalive: connection org.postgresql.jdbc.PgConnection@295f36da is alive
2026-08-21T21:37:40.746+09:00 DEBUG 3764 --- [Pokade] [l-1:housekeeper] com.zaxxer.hikari.pool.HikariPool        : HikariPool-1 - Pool stats (total=10/10, idle=10/10, active=0, waiting=0)
2026-08-21T21:37:40.746+09:00 DEBUG 3764 --- [Pokade] [l-1:housekeeper] com.zaxxer.hikari.pool.HikariPool        : HikariPool-1 - Fill pool skipped, pool has sufficient level or currently being filled.
2026-08-21T21:37:44.465+09:00 DEBUG 3764 --- [Pokade] [nio-8080-exec-3] org.hibernate.SQL                        : 
    select
        n1_0.id,
        n1_0.card_id,
        n1_0.created_at,
        n1_0.is_read,
        n1_0.message,
        n1_0.type,
        n1_0.user_id 
    from
        notifications n1_0 
    where
        n1_0.user_id=? 
    order by
        n1_0.created_at desc 
    fetch
        first ? rows only
Hibernate: 
    select
        n1_0.id,
        n1_0.card_id,
        n1_0.created_at,
        n1_0.is_read,
        n1_0.message,
        n1_0.type,
        n1_0.user_id 
    from
        notifications n1_0 
    where
        n1_0.user_id=? 
    order by
        n1_0.created_at desc 
    fetch
        first ? rows only
2026-08-21T21:37:44.465+09:00 TRACE 3764 --- [Pokade] [nio-8080-exec-3] org.hibernate.orm.jdbc.bind              : binding parameter (1:BIGINT) <- [3]
2026-08-21T21:37:44.465+09:00 TRACE 3764 --- [Pokade] [nio-8080-exec-3] org.hibernate.orm.jdbc.bind              : binding parameter (2:INTEGER) <- [20]
2026-08-21T21:37:46.110+09:00 DEBUG 3764 --- [Pokade] [l-1:housekeeper] com.zaxxer.hikari.pool.HikariPool        : HikariPool-1 - keepalive: connection org.postgresql.jdbc.PgConnection@62fc9a3a is alive
2026-08-21T21:38:10.750+09:00 DEBUG 3764 --- [Pokade] [l-1:housekeeper] com.zaxxer.hikari.pool.HikariPool        : HikariPool-1 - Pool stats (total=10/10, idle=10/10, active=0, waiting=0)
2026-08-21T21:38:10.750+09:00 DEBUG 3764 --- [Pokade] [l-1:housekeeper] com.zaxxer.hikari.pool.HikariPool        : HikariPool-1 - Fill pool skipped, pool has sufficient level or currently being filled.
2026-08-21T21:38:16.044+09:00 DEBUG 3764 --- [Pokade] [l-1:housekeeper] com.zaxxer.hikari.pool.HikariPool        : HikariPool-1 - keepalive: connection org.postgresql.jdbc.PgConnection@2798dc59 is alive
2026-08-21T21:38:17.148+09:00 DEBUG 3764 --- [Pokade] [l-1:housekeeper] com.zaxxer.hikari.pool.HikariPool        : HikariPool-1 - keepalive: connection org.postgresql.jdbc.PgConnection@31fae751 is alive
2026-08-21T21:38:31.327+09:00 DEBUG 3764 --- [Pokade] [nnection-closer] com.zaxxer.hikari.pool.PoolBase          : HikariPool-1 - Closing connection org.postgresql.jdbc.PgConnection@209d7ad9: (connection has passed maxLifetime)
2026-08-21T21:38:31.329+09:00 DEBUG 3764 --- [Pokade] [onnection-adder] com.zaxxer.hikari.pool.PoolBase          : HikariPool-1 - Attempting to create/setup new connection (606ae1e7-821f-49a6-839d-6866c1442c08)
2026-08-21T21:38:31.348+09:00 DEBUG 3764 --- [Pokade] [onnection-adder] com.zaxxer.hikari.pool.PoolBase          : HikariPool-1 - Established new connection (606ae1e7-821f-49a6-839d-6866c1442c08)
2026-08-21T21:38:31.348+09:00 DEBUG 3764 --- [Pokade] [onnection-adder] com.zaxxer.hikari.pool.HikariPool        : HikariPool-1 - Added connection org.postgresql.jdbc.PgConnection@1f51eeb0
2026-08-21T21:38:36.228+09:00 DEBUG 3764 --- [Pokade] [l-1:housekeeper] com.zaxxer.hikari.pool.HikariPool        : HikariPool-1 - keepalive: connection org.postgresql.jdbc.PgConnection@15fb36e2 is alive
2026-08-21T21:38:40.751+09:00 DEBUG 3764 --- [Pokade] [l-1:housekeeper] com.zaxxer.hikari.pool.HikariPool        : HikariPool-1 - Pool stats (total=10/10, idle=10/10, active=0, waiting=0)
2026-08-21T21:38:40.751+09:00 DEBUG 3764 --- [Pokade] [l-1:housekeeper] com.zaxxer.hikari.pool.HikariPool        : HikariPool-1 - Fill pool skipped, pool has sufficient level or currently being filled.
2026-08-21T21:38:41.471+09:00 DEBUG 3764 --- [Pokade] [nio-8080-exec-2] org.hibernate.SQL                        : 
    select
        n1_0.id,
        n1_0.card_id,
        n1_0.created_at,
        n1_0.is_read,
        n1_0.message,
        n1_0.type,
        n1_0.user_id 
    from
        notifications n1_0 
    where
        n1_0.user_id=? 
    order by
        n1_0.created_at desc 
    fetch
        first ? rows only
Hibernate: 
    select
        n1_0.id,
        n1_0.card_id,
        n1_0.created_at,
        n1_0.is_read,
        n1_0.message,
        n1_0.type,
        n1_0.user_id 
    from
        notifications n1_0 
    where
        n1_0.user_id=? 
    order by
        n1_0.created_at desc 
    fetch
        first ? rows only
2026-08-21T21:38:41.471+09:00 TRACE 3764 --- [Pokade] [nio-8080-exec-2] org.hibernate.orm.jdbc.bind              : binding parameter (1:BIGINT) <- [3]
2026-08-21T21:38:41.471+09:00 TRACE 3764 --- [Pokade] [nio-8080-exec-2] org.hibernate.orm.jdbc.bind              : binding parameter (2:INTEGER) <- [20]
2026-08-21T21:38:59.309+09:00 DEBUG 3764 --- [Pokade] [l-1:housekeeper] com.zaxxer.hikari.pool.HikariPool        : HikariPool-1 - keepalive: connection org.postgresql.jdbc.PgConnection@1bc52269 is alive
2026-08-21T21:39:04.609+09:00 DEBUG 3764 --- [Pokade] [l-1:housekeeper] com.zaxxer.hikari.pool.HikariPool        : HikariPool-1 - keepalive: connection org.postgresql.jdbc.PgConnection@46660948 is alive
2026-08-21T21:39:05.672+09:00 DEBUG 3764 --- [Pokade] [nnection-closer] com.zaxxer.hikari.pool.PoolBase          : HikariPool-1 - Closing connection org.postgresql.jdbc.PgConnection@295f36da: (connection has passed maxLifetime)
2026-08-21T21:39:05.673+09:00 DEBUG 3764 --- [Pokade] [onnection-adder] com.zaxxer.hikari.pool.PoolBase          : HikariPool-1 - Attempting to create/setup new connection (8403d228-eb2a-4f58-86b1-508fcee31f8f)
2026-08-21T21:39:05.698+09:00 DEBUG 3764 --- [Pokade] [onnection-adder] com.zaxxer.hikari.pool.PoolBase          : HikariPool-1 - Established new connection (8403d228-eb2a-4f58-86b1-508fcee31f8f)
2026-08-21T21:39:05.698+09:00 DEBUG 3764 --- [Pokade] [onnection-adder] com.zaxxer.hikari.pool.HikariPool        : HikariPool-1 - Added connection org.postgresql.jdbc.PgConnection@2b587921
2026-08-21T21:39:10.761+09:00 DEBUG 3764 --- [Pokade] [l-1:housekeeper] com.zaxxer.hikari.pool.HikariPool        : HikariPool-1 - Pool stats (total=10/10, idle=10/10, active=0, waiting=0)
2026-08-21T21:39:10.761+09:00 DEBUG 3764 --- [Pokade] [l-1:housekeeper] com.zaxxer.hikari.pool.HikariPool        : HikariPool-1 - Fill pool skipped, pool has sufficient level or currently being filled.
2026-08-21T21:39:13.524+09:00 DEBUG 3764 --- [Pokade] [l-1:housekeeper] com.zaxxer.hikari.pool.HikariPool        : HikariPool-1 - keepalive: connection org.postgresql.jdbc.PgConnection@218a4ce0 is alive
2026-08-21T21:39:20.270+09:00 DEBUG 3764 --- [Pokade] [l-1:housekeeper] com.zaxxer.hikari.pool.HikariPool        : HikariPool-1 - keepalive: connection org.postgresql.jdbc.PgConnection@7c351814 is alive
2026-08-21T21:39:37.691+09:00 DEBUG 3764 --- [Pokade] [l-1:housekeeper] com.zaxxer.hikari.pool.HikariPool        : HikariPool-1 - keepalive: connection org.postgresql.jdbc.PgConnection@62fc9a3a is alive
2026-08-21T21:39:40.776+09:00 DEBUG 3764 --- [Pokade] [l-1:housekeeper] com.zaxxer.hikari.pool.HikariPool        : HikariPool-1 - Pool stats (total=10/10, idle=10/10, active=0, waiting=0)
2026-08-21T21:39:40.776+09:00 DEBUG 3764 --- [Pokade] [l-1:housekeeper] com.zaxxer.hikari.pool.HikariPool        : HikariPool-1 - Fill pool skipped, pool has sufficient level or currently being filled.
2026-08-21T21:39:41.469+09:00 DEBUG 3764 --- [Pokade] [nio-8080-exec-5] org.hibernate.SQL                        : 
    select
        n1_0.id,
        n1_0.card_id,
        n1_0.created_at,
        n1_0.is_read,
        n1_0.message,
        n1_0.type,
        n1_0.user_id 
    from
        notifications n1_0 
    where
        n1_0.user_id=? 
    order by
        n1_0.created_at desc 
    fetch
        first ? rows only
Hibernate: 
    select
        n1_0.id,
        n1_0.card_id,
        n1_0.created_at,
        n1_0.is_read,
        n1_0.message,
        n1_0.type,
        n1_0.user_id 
    from
        notifications n1_0 
    where
        n1_0.user_id=? 
    order by
        n1_0.created_at desc 
    fetch
        first ? rows only
2026-08-21T21:39:41.469+09:00 TRACE 3764 --- [Pokade] [nio-8080-exec-5] org.hibernate.orm.jdbc.bind              : binding parameter (1:BIGINT) <- [3]
2026-08-21T21:39:41.469+09:00 TRACE 3764 --- [Pokade] [nio-8080-exec-5] org.hibernate.orm.jdbc.bind              : binding parameter (2:INTEGER) <- [20]
2026-08-21T21:39:44.468+09:00  INFO 3764 --- [Pokade] [nio-8080-exec-9] c.p.d.n.store.SseEmitterStore            : [SSE] Emitter 등록 userId=3, 현재 연결 수=2
2026-08-21T21:40:04.313+09:00 DEBUG 3764 --- [Pokade] [l-1:housekeeper] com.zaxxer.hikari.pool.HikariPool        : HikariPool-1 - keepalive: connection org.postgresql.jdbc.PgConnection@2798dc59 is alive
2026-08-21T21:40:06.853+09:00 DEBUG 3764 --- [Pokade] [l-1:housekeeper] com.zaxxer.hikari.pool.HikariPool        : HikariPool-1 - keepalive: connection org.postgresql.jdbc.PgConnection@31fae751 is alive
2026-08-21T21:40:10.789+09:00 DEBUG 3764 --- [Pokade] [l-1:housekeeper] com.zaxxer.hikari.pool.HikariPool        : HikariPool-1 - Pool stats (total=10/10, idle=10/10, active=0, waiting=0)
2026-08-21T21:40:10.789+09:00 DEBUG 3764 --- [Pokade] [l-1:housekeeper] com.zaxxer.hikari.pool.HikariPool        : HikariPool-1 - Fill pool skipped, pool has sufficient level or currently being filled.
2026-08-21T21:40:17.979+09:00 DEBUG 3764 --- [Pokade] [l-1:housekeeper] com.zaxxer.hikari.pool.HikariPool        : HikariPool-1 - keepalive: connection org.postgresql.jdbc.PgConnection@1f51eeb0 is alive
2026-08-21T21:40:21.876+09:00 DEBUG 3764 --- [Pokade] [nnection-closer] com.zaxxer.hikari.pool.PoolBase          : HikariPool-1 - Closing connection org.postgresql.jdbc.PgConnection@15fb36e2: (connection has passed maxLifetime)
2026-08-21T21:40:21.878+09:00 DEBUG 3764 --- [Pokade] [onnection-adder] com.zaxxer.hikari.pool.PoolBase          : HikariPool-1 - Attempting to create/setup new connection (06241230-c1de-4ab1-bcfe-34a213542c39)
2026-08-21T21:40:21.896+09:00 DEBUG 3764 --- [Pokade] [onnection-adder] com.zaxxer.hikari.pool.PoolBase          : HikariPool-1 - Established new connection (06241230-c1de-4ab1-bcfe-34a213542c39)
2026-08-21T21:40:21.897+09:00 DEBUG 3764 --- [Pokade] [onnection-adder] com.zaxxer.hikari.pool.HikariPool        : HikariPool-1 - Added connection org.postgresql.jdbc.PgConnection@69efd244
2026-08-21T21:40:40.792+09:00 DEBUG 3764 --- [Pokade] [l-1:housekeeper] com.zaxxer.hikari.pool.HikariPool        : HikariPool-1 - Pool stats (total=10/10, idle=10/10, active=0, waiting=0)
2026-08-21T21:40:40.792+09:00 DEBUG 3764 --- [Pokade] [l-1:housekeeper] com.zaxxer.hikari.pool.HikariPool        : HikariPool-1 - Fill pool skipped, pool has sufficient level or currently being filled.
2026-08-21T21:40:44.263+09:00 DEBUG 3764 --- [Pokade] [l-1:housekeeper] com.zaxxer.hikari.pool.HikariPool        : HikariPool-1 - keepalive: connection org.postgresql.jdbc.PgConnection@1bc52269 is alive
2026-08-21T21:40:45.239+09:00 DEBUG 3764 --- [Pokade] [l-1:housekeeper] com.zaxxer.hikari.pool.HikariPool        : HikariPool-1 - keepalive: connection org.postgresql.jdbc.PgConnection@2b587921 is alive
2026-08-21T21:40:53.004+09:00 DEBUG 3764 --- [Pokade] [l-1:housekeeper] com.zaxxer.hikari.pool.HikariPool        : HikariPool-1 - keepalive: connection org.postgresql.jdbc.PgConnection@46660948 is alive
2026-08-21T21:41:04.397+09:00 DEBUG 3764 --- [Pokade] [l-1:housekeeper] com.zaxxer.hikari.pool.HikariPool        : HikariPool-1 - keepalive: connection org.postgresql.jdbc.PgConnection@218a4ce0 is alive
2026-08-21T21:41:09.582+09:00 DEBUG 3764 --- [Pokade] [l-1:housekeeper] com.zaxxer.hikari.pool.HikariPool        : HikariPool-1 - keepalive: connection org.postgresql.jdbc.PgConnection@7c351814 is alive
2026-08-21T21:41:10.797+09:00 DEBUG 3764 --- [Pokade] [l-1:housekeeper] com.zaxxer.hikari.pool.HikariPool        : HikariPool-1 - Pool stats (total=10/10, idle=10/10, active=0, waiting=0)
2026-08-21T21:41:10.797+09:00 DEBUG 3764 --- [Pokade] [l-1:housekeeper] com.zaxxer.hikari.pool.HikariPool        : HikariPool-1 - Fill pool skipped, pool has sufficient level or currently being filled.
2026-08-21T21:41:15.744+09:00 DEBUG 3764 --- [Pokade] [nnection-closer] com.zaxxer.hikari.pool.PoolBase          : HikariPool-1 - Closing connection org.postgresql.jdbc.PgConnection@2798dc59: (connection has passed maxLifetime)
2026-08-21T21:41:15.745+09:00 DEBUG 3764 --- [Pokade] [onnection-adder] com.zaxxer.hikari.pool.PoolBase          : HikariPool-1 - Attempting to create/setup new connection (1ef1d690-84fa-4008-a16a-58a5d618639e)
2026-08-21T21:41:15.764+09:00 DEBUG 3764 --- [Pokade] [onnection-adder] com.zaxxer.hikari.pool.PoolBase          : HikariPool-1 - Established new connection (1ef1d690-84fa-4008-a16a-58a5d618639e)
2026-08-21T21:41:15.764+09:00 DEBUG 3764 --- [Pokade] [onnection-adder] com.zaxxer.hikari.pool.HikariPool        : HikariPool-1 - Added connection org.postgresql.jdbc.PgConnection@fe4eb4b
2026-08-21T21:41:29.270+09:00 DEBUG 3764 --- [Pokade] [l-1:housekeeper] com.zaxxer.hikari.pool.HikariPool        : HikariPool-1 - keepalive: connection org.postgresql.jdbc.PgConnection@62fc9a3a is alive
2026-08-21T21:41:40.800+09:00 DEBUG 3764 --- [Pokade] [l-1:housekeeper] com.zaxxer.hikari.pool.HikariPool        : HikariPool-1 - Pool stats (total=10/10, idle=10/10, active=0, waiting=0)
2026-08-21T21:41:40.800+09:00 DEBUG 3764 --- [Pokade] [l-1:housekeeper] com.zaxxer.hikari.pool.HikariPool        : HikariPool-1 - Fill pool skipped, pool has sufficient level or currently being filled.
2026-08-21T21:41:52.410+09:00 DEBUG 3764 --- [Pokade] [nnection-closer] com.zaxxer.hikari.pool.PoolBase          : HikariPool-1 - Closing connection org.postgresql.jdbc.PgConnection@7c351814: (connection has passed maxLifetime)
2026-08-21T21:41:52.411+09:00 DEBUG 3764 --- [Pokade] [onnection-adder] com.zaxxer.hikari.pool.PoolBase          : HikariPool-1 - Attempting to create/setup new connection (c6cfbef2-6039-47a5-bf5b-91bade48fcdf)
2026-08-21T21:41:52.434+09:00 DEBUG 3764 --- [Pokade] [onnection-adder] com.zaxxer.hikari.pool.PoolBase          : HikariPool-1 - Established new connection (c6cfbef2-6039-47a5-bf5b-91bade48fcdf)
2026-08-21T21:41:52.434+09:00 DEBUG 3764 --- [Pokade] [onnection-adder] com.zaxxer.hikari.pool.HikariPool        : HikariPool-1 - Added connection org.postgresql.jdbc.PgConnection@74ebe70f
2026-08-21T21:41:56.556+09:00 DEBUG 3764 --- [Pokade] [l-1:housekeeper] com.zaxxer.hikari.pool.HikariPool        : HikariPool-1 - keepalive: connection org.postgresql.jdbc.PgConnection@31fae751 is alive
2026-08-21T21:42:01.580+09:00 DEBUG 3764 --- [Pokade] [l-1:housekeeper] com.zaxxer.hikari.pool.HikariPool        : HikariPool-1 - keepalive: connection org.postgresql.jdbc.PgConnection@69efd244 is alive
2026-08-21T21:42:04.605+09:00 DEBUG 3764 --- [Pokade] [l-1:housekeeper] com.zaxxer.hikari.pool.HikariPool        : HikariPool-1 - keepalive: connection org.postgresql.jdbc.PgConnection@1f51eeb0 is alive
2026-08-21T21:42:10.810+09:00 DEBUG 3764 --- [Pokade] [l-1:housekeeper] com.zaxxer.hikari.pool.HikariPool        : HikariPool-1 - Pool stats (total=10/10, idle=10/10, active=0, waiting=0)
2026-08-21T21:42:10.810+09:00 DEBUG 3764 --- [Pokade] [l-1:housekeeper] com.zaxxer.hikari.pool.HikariPool        : HikariPool-1 - Fill pool skipped, pool has sufficient level or currently being filled.
2026-08-21T21:42:24.772+09:00 DEBUG 3764 --- [Pokade] [l-1:housekeeper] com.zaxxer.hikari.pool.HikariPool        : HikariPool-1 - keepalive: connection org.postgresql.jdbc.PgConnection@2b587921 is alive
2026-08-21T21:42:29.218+09:00 DEBUG 3764 --- [Pokade] [l-1:housekeeper] com.zaxxer.hikari.pool.HikariPool        : HikariPool-1 - keepalive: connection org.postgresql.jdbc.PgConnection@1bc52269 is alive
2026-08-21T21:42:40.814+09:00 DEBUG 3764 --- [Pokade] [l-1:housekeeper] com.zaxxer.hikari.pool.HikariPool        : HikariPool-1 - Pool stats (total=10/10, idle=10/10, active=0, waiting=0)
2026-08-21T21:42:40.814+09:00 DEBUG 3764 --- [Pokade] [l-1:housekeeper] com.zaxxer.hikari.pool.HikariPool        : HikariPool-1 - Fill pool skipped, pool has sufficient level or currently being filled.
2026-08-21T21:42:41.393+09:00 DEBUG 3764 --- [Pokade] [l-1:housekeeper] com.zaxxer.hikari.pool.HikariPool        : HikariPool-1 - keepalive: connection org.postgresql.jdbc.PgConnection@46660948 is alive
2026-08-21T21:42:55.268+09:00 DEBUG 3764 --- [Pokade] [l-1:housekeeper] com.zaxxer.hikari.pool.HikariPool        : HikariPool-1 - keepalive: connection org.postgresql.jdbc.PgConnection@218a4ce0 is alive
2026-08-21T21:43:07.167+09:00 DEBUG 3764 --- [Pokade] [l-1:housekeeper] com.zaxxer.hikari.pool.HikariPool        : HikariPool-1 - keepalive: connection org.postgresql.jdbc.PgConnection@fe4eb4b is alive
2026-08-21T21:43:10.823+09:00 DEBUG 3764 --- [Pokade] [l-1:housekeeper] com.zaxxer.hikari.pool.HikariPool        : HikariPool-1 - Pool stats (total=10/10, idle=10/10, active=0, waiting=0)
2026-08-21T21:43:10.823+09:00 DEBUG 3764 --- [Pokade] [l-1:housekeeper] com.zaxxer.hikari.pool.HikariPool        : HikariPool-1 - Fill pool skipped, pool has sufficient level or currently being filled.
2026-08-21T21:43:19.064+09:00 DEBUG 3764 --- [Pokade] [nnection-closer] com.zaxxer.hikari.pool.PoolBase          : HikariPool-1 - Closing connection org.postgresql.jdbc.PgConnection@218a4ce0: (connection has passed maxLifetime)
2026-08-21T21:43:19.065+09:00 DEBUG 3764 --- [Pokade] [onnection-adder] com.zaxxer.hikari.pool.PoolBase          : HikariPool-1 - Attempting to create/setup new connection (e92192ff-5cb7-498c-bab5-29699bf4f0ae)
2026-08-21T21:43:19.084+09:00 DEBUG 3764 --- [Pokade] [onnection-adder] com.zaxxer.hikari.pool.PoolBase          : HikariPool-1 - Established new connection (e92192ff-5cb7-498c-bab5-29699bf4f0ae)
2026-08-21T21:43:19.084+09:00 DEBUG 3764 --- [Pokade] [onnection-adder] com.zaxxer.hikari.pool.HikariPool        : HikariPool-1 - Added connection org.postgresql.jdbc.PgConnection@544ee95
2026-08-21T21:43:20.847+09:00 DEBUG 3764 --- [Pokade] [l-1:housekeeper] com.zaxxer.hikari.pool.HikariPool        : HikariPool-1 - keepalive: connection org.postgresql.jdbc.PgConnection@62fc9a3a is alive
2026-08-21T21:43:26.731+09:00 DEBUG 3764 --- [Pokade] [nnection-closer] com.zaxxer.hikari.pool.PoolBase          : HikariPool-1 - Closing connection org.postgresql.jdbc.PgConnection@1bc52269: (connection has passed maxLifetime)
2026-08-21T21:43:26.731+09:00 DEBUG 3764 --- [Pokade] [onnection-adder] com.zaxxer.hikari.pool.PoolBase          : HikariPool-1 - Attempting to create/setup new connection (bef422a1-3e42-415c-a132-5c90037f3cea)
2026-08-21T21:43:26.749+09:00 DEBUG 3764 --- [Pokade] [onnection-adder] com.zaxxer.hikari.pool.PoolBase          : HikariPool-1 - Established new connection (bef422a1-3e42-415c-a132-5c90037f3cea)
2026-08-21T21:43:26.749+09:00 DEBUG 3764 --- [Pokade] [onnection-adder] com.zaxxer.hikari.pool.HikariPool        : HikariPool-1 - Added connection org.postgresql.jdbc.PgConnection@1182143
2026-08-21T21:43:36.931+09:00 DEBUG 3764 --- [Pokade] [l-1:housekeeper] com.zaxxer.hikari.pool.HikariPool        : HikariPool-1 - keepalive: connection org.postgresql.jdbc.PgConnection@74ebe70f is alive
2026-08-21T21:43:40.827+09:00 DEBUG 3764 --- [Pokade] [l-1:housekeeper] com.zaxxer.hikari.pool.HikariPool        : HikariPool-1 - Pool stats (total=10/10, idle=10/10, active=0, waiting=0)
2026-08-21T21:43:40.827+09:00 DEBUG 3764 --- [Pokade] [l-1:housekeeper] com.zaxxer.hikari.pool.HikariPool        : HikariPool-1 - Fill pool skipped, pool has sufficient level or currently being filled.
2026-08-21T21:43:41.265+09:00 DEBUG 3764 --- [Pokade] [l-1:housekeeper] com.zaxxer.hikari.pool.HikariPool        : HikariPool-1 - keepalive: connection org.postgresql.jdbc.PgConnection@69efd244 is alive
2026-08-21T21:43:46.261+09:00 DEBUG 3764 --- [Pokade] [l-1:housekeeper] com.zaxxer.hikari.pool.HikariPool        : HikariPool-1 - keepalive: connection org.postgresql.jdbc.PgConnection@31fae751 is alive
2026-08-21T21:43:51.228+09:00 DEBUG 3764 --- [Pokade] [l-1:housekeeper] com.zaxxer.hikari.pool.HikariPool        : HikariPool-1 - keepalive: connection org.postgresql.jdbc.PgConnection@1f51eeb0 is alive
2026-08-21T21:44:02.708+09:00 DEBUG 3764 --- [Pokade] [nnection-closer] com.zaxxer.hikari.pool.PoolBase          : HikariPool-1 - Closing connection org.postgresql.jdbc.PgConnection@46660948: (connection has passed maxLifetime)
2026-08-21T21:44:02.710+09:00 DEBUG 3764 --- [Pokade] [onnection-adder] com.zaxxer.hikari.pool.PoolBase          : HikariPool-1 - Attempting to create/setup new connection (f30ac44a-fe0a-4a52-96ca-1d5562d7befe)
2026-08-21T21:44:02.727+09:00 DEBUG 3764 --- [Pokade] [onnection-adder] com.zaxxer.hikari.pool.PoolBase          : HikariPool-1 - Established new connection (f30ac44a-fe0a-4a52-96ca-1d5562d7befe)
2026-08-21T21:44:02.727+09:00 DEBUG 3764 --- [Pokade] [onnection-adder] com.zaxxer.hikari.pool.HikariPool        : HikariPool-1 - Added connection org.postgresql.jdbc.PgConnection@3e89f54f
2026-08-21T21:44:04.308+09:00 DEBUG 3764 --- [Pokade] [l-1:housekeeper] com.zaxxer.hikari.pool.HikariPool        : HikariPool-1 - keepalive: connection org.postgresql.jdbc.PgConnection@2b587921 is alive
2026-08-21T21:44:10.834+09:00 DEBUG 3764 --- [Pokade] [l-1:housekeeper] com.zaxxer.hikari.pool.HikariPool        : HikariPool-1 - Pool stats (total=10/10, idle=10/10, active=0, waiting=0)
2026-08-21T21:44:10.834+09:00 DEBUG 3764 --- [Pokade] [l-1:housekeeper] com.zaxxer.hikari.pool.HikariPool        : HikariPool-1 - Fill pool skipped, pool has sufficient level or currently being filled.
2026-08-21T21:44:40.840+09:00 DEBUG 3764 --- [Pokade] [l-1:housekeeper] com.zaxxer.hikari.pool.HikariPool        : HikariPool-1 - Pool stats (total=10/10, idle=10/10, active=0, waiting=0)
2026-08-21T21:44:40.840+09:00 DEBUG 3764 --- [Pokade] [l-1:housekeeper] com.zaxxer.hikari.pool.HikariPool        : HikariPool-1 - Fill pool skipped, pool has sufficient level or currently being filled.
2026-08-21T21:44:58.585+09:00 DEBUG 3764 --- [Pokade] [l-1:housekeeper] com.zaxxer.hikari.pool.HikariPool        : HikariPool-1 - keepalive: connection org.postgresql.jdbc.PgConnection@fe4eb4b is alive
2026-08-21T21:45:06.868+09:00 DEBUG 3764 --- [Pokade] [l-1:housekeeper] com.zaxxer.hikari.pool.HikariPool        : HikariPool-1 - keepalive: connection org.postgresql.jdbc.PgConnection@1182143 is alive
2026-08-21T21:45:10.854+09:00 DEBUG 3764 --- [Pokade] [l-1:housekeeper] com.zaxxer.hikari.pool.HikariPool        : HikariPool-1 - Pool stats (total=10/10, idle=10/10, active=0, waiting=0)
2026-08-21T21:45:10.854+09:00 DEBUG 3764 --- [Pokade] [l-1:housekeeper] com.zaxxer.hikari.pool.HikariPool        : HikariPool-1 - Fill pool skipped, pool has sufficient level or currently being filled.
2026-08-21T21:45:12.422+09:00 DEBUG 3764 --- [Pokade] [l-1:housekeeper] com.zaxxer.hikari.pool.HikariPool        : HikariPool-1 - keepalive: connection org.postgresql.jdbc.PgConnection@62fc9a3a is alive
2026-08-21T21:45:16.301+09:00 DEBUG 3764 --- [Pokade] [l-1:housekeeper] com.zaxxer.hikari.pool.HikariPool        : HikariPool-1 - keepalive: connection org.postgresql.jdbc.PgConnection@544ee95 is alive
2026-08-21T21:45:20.939+09:00 DEBUG 3764 --- [Pokade] [l-1:housekeeper] com.zaxxer.hikari.pool.HikariPool        : HikariPool-1 - keepalive: connection org.postgresql.jdbc.PgConnection@69efd244 is alive
2026-08-21T21:45:21.421+09:00 DEBUG 3764 --- [Pokade] [l-1:housekeeper] com.zaxxer.hikari.pool.HikariPool        : HikariPool-1 - keepalive: connection org.postgresql.jdbc.PgConnection@74ebe70f is alive
2026-08-21T21:45:35.957+09:00 DEBUG 3764 --- [Pokade] [l-1:housekeeper] com.zaxxer.hikari.pool.HikariPool        : HikariPool-1 - keepalive: connection org.postgresql.jdbc.PgConnection@31fae751 is alive
2026-08-21T21:45:37.863+09:00 DEBUG 3764 --- [Pokade] [l-1:housekeeper] com.zaxxer.hikari.pool.HikariPool        : HikariPool-1 - keepalive: connection org.postgresql.jdbc.PgConnection@1f51eeb0 is alive
2026-08-21T21:45:40.863+09:00 DEBUG 3764 --- [Pokade] [l-1:housekeeper] com.zaxxer.hikari.pool.HikariPool        : HikariPool-1 - Pool stats (total=10/10, idle=10/10, active=0, waiting=0)
2026-08-21T21:45:40.863+09:00 DEBUG 3764 --- [Pokade] [l-1:housekeeper] com.zaxxer.hikari.pool.HikariPool        : HikariPool-1 - Fill pool skipped, pool has sufficient level or currently being filled.
2026-08-21T21:45:43.837+09:00 DEBUG 3764 --- [Pokade] [l-1:housekeeper] com.zaxxer.hikari.pool.HikariPool        : HikariPool-1 - keepalive: connection org.postgresql.jdbc.PgConnection@2b587921 is alive
2026-08-21T21:45:50.238+09:00 DEBUG 3764 --- [Pokade] [l-1:housekeeper] com.zaxxer.hikari.pool.HikariPool        : HikariPool-1 - keepalive: connection org.postgresql.jdbc.PgConnection@3e89f54f is alive
2026-08-21T21:46:06.347+09:00 DEBUG 3764 --- [Pokade] [nnection-closer] com.zaxxer.hikari.pool.PoolBase          : HikariPool-1 - Closing connection org.postgresql.jdbc.PgConnection@62fc9a3a: (connection has passed maxLifetime)
2026-08-21T21:46:06.349+09:00 DEBUG 3764 --- [Pokade] [onnection-adder] com.zaxxer.hikari.pool.PoolBase          : HikariPool-1 - Attempting to create/setup new connection (f5920ff1-8d61-4fa1-b95b-5c121e7a8f68)
2026-08-21T21:46:06.375+09:00 DEBUG 3764 --- [Pokade] [onnection-adder] com.zaxxer.hikari.pool.PoolBase          : HikariPool-1 - Established new connection (f5920ff1-8d61-4fa1-b95b-5c121e7a8f68)
2026-08-21T21:46:06.375+09:00 DEBUG 3764 --- [Pokade] [onnection-adder] com.zaxxer.hikari.pool.HikariPool        : HikariPool-1 - Added connection org.postgresql.jdbc.PgConnection@73aada95
2026-08-21T21:46:10.871+09:00 DEBUG 3764 --- [Pokade] [l-1:housekeeper] com.zaxxer.hikari.pool.HikariPool        : HikariPool-1 - Pool stats (total=10/10, idle=10/10, active=0, waiting=0)
2026-08-21T21:46:10.871+09:00 DEBUG 3764 --- [Pokade] [l-1:housekeeper] com.zaxxer.hikari.pool.HikariPool        : HikariPool-1 - Fill pool skipped, pool has sufficient level or currently being filled.
2026-08-21T21:46:40.877+09:00 DEBUG 3764 --- [Pokade] [l-1:housekeeper] com.zaxxer.hikari.pool.HikariPool        : HikariPool-1 - Pool stats (total=10/10, idle=10/10, active=0, waiting=0)
2026-08-21T21:46:40.877+09:00 DEBUG 3764 --- [Pokade] [l-1:housekeeper] com.zaxxer.hikari.pool.HikariPool        : HikariPool-1 - Fill pool skipped, pool has sufficient level or currently being filled.
2026-08-21T21:46:46.998+09:00 DEBUG 3764 --- [Pokade] [l-1:housekeeper] com.zaxxer.hikari.pool.HikariPool        : HikariPool-1 - keepalive: connection org.postgresql.jdbc.PgConnection@1182143 is alive
2026-08-21T21:46:49.990+09:00 DEBUG 3764 --- [Pokade] [l-1:housekeeper] com.zaxxer.hikari.pool.HikariPool        : HikariPool-1 - keepalive: connection org.postgresql.jdbc.PgConnection@fe4eb4b is alive
2026-08-21T21:47:00.617+09:00 DEBUG 3764 --- [Pokade] [l-1:housekeeper] com.zaxxer.hikari.pool.HikariPool        : HikariPool-1 - keepalive: connection org.postgresql.jdbc.PgConnection@69efd244 is alive
2026-08-21T21:47:05.909+09:00 DEBUG 3764 --- [Pokade] [l-1:housekeeper] com.zaxxer.hikari.pool.HikariPool        : HikariPool-1 - keepalive: connection org.postgresql.jdbc.PgConnection@74ebe70f is alive
2026-08-21T21:47:10.881+09:00 DEBUG 3764 --- [Pokade] [l-1:housekeeper] com.zaxxer.hikari.pool.HikariPool        : HikariPool-1 - Pool stats (total=10/10, idle=10/10, active=0, waiting=0)
2026-08-21T21:47:10.881+09:00 DEBUG 3764 --- [Pokade] [l-1:housekeeper] com.zaxxer.hikari.pool.HikariPool        : HikariPool-1 - Fill pool skipped, pool has sufficient level or currently being filled.
2026-08-21T21:47:13.520+09:00 DEBUG 3764 --- [Pokade] [l-1:housekeeper] com.zaxxer.hikari.pool.HikariPool        : HikariPool-1 - keepalive: connection org.postgresql.jdbc.PgConnection@544ee95 is alive
2026-08-21T21:47:23.369+09:00 DEBUG 3764 --- [Pokade] [l-1:housekeeper] com.zaxxer.hikari.pool.HikariPool        : HikariPool-1 - keepalive: connection org.postgresql.jdbc.PgConnection@2b587921 is alive
2026-08-21T21:47:24.491+09:00 DEBUG 3764 --- [Pokade] [l-1:housekeeper] com.zaxxer.hikari.pool.HikariPool        : HikariPool-1 - keepalive: connection org.postgresql.jdbc.PgConnection@1f51eeb0 is alive
2026-08-21T21:47:25.663+09:00 DEBUG 3764 --- [Pokade] [l-1:housekeeper] com.zaxxer.hikari.pool.HikariPool        : HikariPool-1 - keepalive: connection org.postgresql.jdbc.PgConnection@31fae751 is alive
2026-08-21T21:47:37.751+09:00 DEBUG 3764 --- [Pokade] [l-1:housekeeper] com.zaxxer.hikari.pool.HikariPool        : HikariPool-1 - keepalive: connection org.postgresql.jdbc.PgConnection@3e89f54f is alive
2026-08-21T21:47:40.895+09:00 DEBUG 3764 --- [Pokade] [l-1:housekeeper] com.zaxxer.hikari.pool.HikariPool        : HikariPool-1 - Pool stats (total=10/10, idle=10/10, active=0, waiting=0)
2026-08-21T21:47:40.895+09:00 DEBUG 3764 --- [Pokade] [l-1:housekeeper] com.zaxxer.hikari.pool.HikariPool        : HikariPool-1 - Fill pool skipped, pool has sufficient level or currently being filled.
2026-08-21T21:47:53.142+09:00 DEBUG 3764 --- [Pokade] [l-1:housekeeper] com.zaxxer.hikari.pool.HikariPool        : HikariPool-1 - keepalive: connection org.postgresql.jdbc.PgConnection@73aada95 is alive
2026-08-21T21:48:10.903+09:00 DEBUG 3764 --- [Pokade] [l-1:housekeeper] com.zaxxer.hikari.pool.HikariPool        : HikariPool-1 - Pool stats (total=10/10, idle=10/10, active=0, waiting=0)
2026-08-21T21:48:10.903+09:00 DEBUG 3764 --- [Pokade] [l-1:housekeeper] com.zaxxer.hikari.pool.HikariPool        : HikariPool-1 - Fill pool skipped, pool has sufficient level or currently being filled.
2026-08-21T21:48:27.125+09:00 DEBUG 3764 --- [Pokade] [l-1:housekeeper] com.zaxxer.hikari.pool.HikariPool        : HikariPool-1 - keepalive: connection org.postgresql.jdbc.PgConnection@1182143 is alive
2026-08-21T21:48:40.295+09:00 DEBUG 3764 --- [Pokade] [l-1:housekeeper] com.zaxxer.hikari.pool.HikariPool        : HikariPool-1 - keepalive: connection org.postgresql.jdbc.PgConnection@69efd244 is alive
2026-08-21T21:48:40.913+09:00 DEBUG 3764 --- [Pokade] [l-1:housekeeper] com.zaxxer.hikari.pool.HikariPool        : HikariPool-1 - Pool stats (total=10/10, idle=10/10, active=0, waiting=0)
2026-08-21T21:48:40.913+09:00 DEBUG 3764 --- [Pokade] [l-1:housekeeper] com.zaxxer.hikari.pool.HikariPool        : HikariPool-1 - Fill pool skipped, pool has sufficient level or currently being filled.
2026-08-21T21:48:41.393+09:00 DEBUG 3764 --- [Pokade] [l-1:housekeeper] com.zaxxer.hikari.pool.HikariPool        : HikariPool-1 - keepalive: connection org.postgresql.jdbc.PgConnection@fe4eb4b is alive
2026-08-21T21:48:50.396+09:00 DEBUG 3764 --- [Pokade] [l-1:housekeeper] com.zaxxer.hikari.pool.HikariPool        : HikariPool-1 - keepalive: connection org.postgresql.jdbc.PgConnection@74ebe70f is alive
2026-08-21T21:49:02.907+09:00 DEBUG 3764 --- [Pokade] [l-1:housekeeper] com.zaxxer.hikari.pool.HikariPool        : HikariPool-1 - keepalive: connection org.postgresql.jdbc.PgConnection@2b587921 is alive
2026-08-21T21:49:10.737+09:00 DEBUG 3764 --- [Pokade] [l-1:housekeeper] com.zaxxer.hikari.pool.HikariPool        : HikariPool-1 - keepalive: connection org.postgresql.jdbc.PgConnection@544ee95 is alive
2026-08-21T21:49:10.922+09:00 DEBUG 3764 --- [Pokade] [l-1:housekeeper] com.zaxxer.hikari.pool.HikariPool        : HikariPool-1 - Pool stats (total=10/10, idle=10/10, active=0, waiting=0)
2026-08-21T21:49:10.922+09:00 DEBUG 3764 --- [Pokade] [l-1:housekeeper] com.zaxxer.hikari.pool.HikariPool        : HikariPool-1 - Fill pool skipped, pool has sufficient level or currently being filled.
2026-08-21T21:49:11.111+09:00 DEBUG 3764 --- [Pokade] [l-1:housekeeper] com.zaxxer.hikari.pool.HikariPool        : HikariPool-1 - keepalive: connection org.postgresql.jdbc.PgConnection@1f51eeb0 is alive
2026-08-21T21:49:15.367+09:00 DEBUG 3764 --- [Pokade] [l-1:housekeeper] com.zaxxer.hikari.pool.HikariPool        : HikariPool-1 - keepalive: connection org.postgresql.jdbc.PgConnection@31fae751 is alive
2026-08-21T21:49:25.262+09:00 DEBUG 3764 --- [Pokade] [l-1:housekeeper] com.zaxxer.hikari.pool.HikariPool        : HikariPool-1 - keepalive: connection org.postgresql.jdbc.PgConnection@3e89f54f is alive
2026-08-21T21:49:39.909+09:00 DEBUG 3764 --- [Pokade] [l-1:housekeeper] com.zaxxer.hikari.pool.HikariPool        : HikariPool-1 - keepalive: connection org.postgresql.jdbc.PgConnection@73aada95 is alive
2026-08-21T21:49:40.925+09:00 DEBUG 3764 --- [Pokade] [l-1:housekeeper] com.zaxxer.hikari.pool.HikariPool        : HikariPool-1 - Pool stats (total=10/10, idle=10/10, active=0, waiting=0)
2026-08-21T21:49:40.925+09:00 DEBUG 3764 --- [Pokade] [l-1:housekeeper] com.zaxxer.hikari.pool.HikariPool        : HikariPool-1 - Fill pool skipped, pool has sufficient level or currently being filled.
2026-08-21T21:50:07.250+09:00 DEBUG 3764 --- [Pokade] [l-1:housekeeper] com.zaxxer.hikari.pool.HikariPool        : HikariPool-1 - keepalive: connection org.postgresql.jdbc.PgConnection@1182143 is alive
2026-08-21T21:50:10.940+09:00 DEBUG 3764 --- [Pokade] [l-1:housekeeper] com.zaxxer.hikari.pool.HikariPool        : HikariPool-1 - Pool stats (total=10/10, idle=10/10, active=0, waiting=0)
2026-08-21T21:50:10.940+09:00 DEBUG 3764 --- [Pokade] [l-1:housekeeper] com.zaxxer.hikari.pool.HikariPool        : HikariPool-1 - Fill pool skipped, pool has sufficient level or currently being filled.
2026-08-21T21:50:19.980+09:00 DEBUG 3764 --- [Pokade] [l-1:housekeeper] com.zaxxer.hikari.pool.HikariPool        : HikariPool-1 - keepalive: connection org.postgresql.jdbc.PgConnection@69efd244 is alive
2026-08-21T21:50:32.799+09:00 DEBUG 3764 --- [Pokade] [l-1:housekeeper] com.zaxxer.hikari.pool.HikariPool        : HikariPool-1 - keepalive: connection org.postgresql.jdbc.PgConnection@fe4eb4b is alive
2026-08-21T21:50:34.882+09:00 DEBUG 3764 --- [Pokade] [l-1:housekeeper] com.zaxxer.hikari.pool.HikariPool        : HikariPool-1 - keepalive: connection org.postgresql.jdbc.PgConnection@74ebe70f is alive
2026-08-21T21:50:40.945+09:00 DEBUG 3764 --- [Pokade] [l-1:housekeeper] com.zaxxer.hikari.pool.HikariPool        : HikariPool-1 - Pool stats (total=10/10, idle=10/10, active=0, waiting=0)
2026-08-21T21:50:40.945+09:00 DEBUG 3764 --- [Pokade] [l-1:housekeeper] com.zaxxer.hikari.pool.HikariPool        : HikariPool-1 - Fill pool skipped, pool has sufficient level or currently being filled.
2026-08-21T21:50:42.450+09:00 DEBUG 3764 --- [Pokade] [l-1:housekeeper] com.zaxxer.hikari.pool.HikariPool        : HikariPool-1 - keepalive: connection org.postgresql.jdbc.PgConnection@2b587921 is alive
2026-08-21T21:50:57.734+09:00 DEBUG 3764 --- [Pokade] [l-1:housekeeper] com.zaxxer.hikari.pool.HikariPool        : HikariPool-1 - keepalive: connection org.postgresql.jdbc.PgConnection@1f51eeb0 is alive
2026-08-21T21:51:05.064+09:00 DEBUG 3764 --- [Pokade] [l-1:housekeeper] com.zaxxer.hikari.pool.HikariPool        : HikariPool-1 - keepalive: connection org.postgresql.jdbc.PgConnection@31fae751 is alive
2026-08-21T21:51:07.964+09:00 DEBUG 3764 --- [Pokade] [l-1:housekeeper] com.zaxxer.hikari.pool.HikariPool        : HikariPool-1 - keepalive: connection org.postgresql.jdbc.PgConnection@544ee95 is alive
2026-08-21T21:51:10.951+09:00 DEBUG 3764 --- [Pokade] [l-1:housekeeper] com.zaxxer.hikari.pool.HikariPool        : HikariPool-1 - Pool stats (total=10/10, idle=10/10, active=0, waiting=0)
2026-08-21T21:51:10.951+09:00 DEBUG 3764 --- [Pokade] [l-1:housekeeper] com.zaxxer.hikari.pool.HikariPool        : HikariPool-1 - Fill pool skipped, pool has sufficient level or currently being filled.
2026-08-21T21:51:12.783+09:00 DEBUG 3764 --- [Pokade] [l-1:housekeeper] com.zaxxer.hikari.pool.HikariPool        : HikariPool-1 - keepalive: connection org.postgresql.jdbc.PgConnection@3e89f54f is alive
2026-08-21T21:51:26.690+09:00 DEBUG 3764 --- [Pokade] [l-1:housekeeper] com.zaxxer.hikari.pool.HikariPool        : HikariPool-1 - keepalive: connection org.postgresql.jdbc.PgConnection@73aada95 is alive
2026-08-21T21:51:40.965+09:00 DEBUG 3764 --- [Pokade] [l-1:housekeeper] com.zaxxer.hikari.pool.HikariPool        : HikariPool-1 - Pool stats (total=10/10, idle=10/10, active=0, waiting=0)
2026-08-21T21:51:40.965+09:00 DEBUG 3764 --- [Pokade] [l-1:housekeeper] com.zaxxer.hikari.pool.HikariPool        : HikariPool-1 - Fill pool skipped, pool has sufficient level or currently being filled.
2026-08-21T21:51:47.379+09:00 DEBUG 3764 --- [Pokade] [l-1:housekeeper] com.zaxxer.hikari.pool.HikariPool        : HikariPool-1 - keepalive: connection org.postgresql.jdbc.PgConnection@1182143 is alive
2026-08-21T21:51:59.663+09:00 DEBUG 3764 --- [Pokade] [l-1:housekeeper] com.zaxxer.hikari.pool.HikariPool        : HikariPool-1 - keepalive: connection org.postgresql.jdbc.PgConnection@69efd244 is alive
2026-08-21T21:52:10.978+09:00 DEBUG 3764 --- [Pokade] [l-1:housekeeper] com.zaxxer.hikari.pool.HikariPool        : HikariPool-1 - Pool stats (total=10/10, idle=10/10, active=0, waiting=0)
2026-08-21T21:52:10.978+09:00 DEBUG 3764 --- [Pokade] [l-1:housekeeper] com.zaxxer.hikari.pool.HikariPool        : HikariPool-1 - Fill pool skipped, pool has sufficient level or currently being filled.
2026-08-21T21:52:19.370+09:00 DEBUG 3764 --- [Pokade] [l-1:housekeeper] com.zaxxer.hikari.pool.HikariPool        : HikariPool-1 - keepalive: connection org.postgresql.jdbc.PgConnection@74ebe70f is alive
2026-08-21T21:52:21.980+09:00 DEBUG 3764 --- [Pokade] [l-1:housekeeper] com.zaxxer.hikari.pool.HikariPool        : HikariPool-1 - keepalive: connection org.postgresql.jdbc.PgConnection@2b587921 is alive
2026-08-21T21:52:24.216+09:00 DEBUG 3764 --- [Pokade] [l-1:housekeeper] com.zaxxer.hikari.pool.HikariPool        : HikariPool-1 - keepalive: connection org.postgresql.jdbc.PgConnection@fe4eb4b is alive
2026-08-21T21:52:40.984+09:00 DEBUG 3764 --- [Pokade] [l-1:housekeeper] com.zaxxer.hikari.pool.HikariPool        : HikariPool-1 - Pool stats (total=10/10, idle=10/10, active=0, waiting=0)
2026-08-21T21:52:40.984+09:00 DEBUG 3764 --- [Pokade] [l-1:housekeeper] com.zaxxer.hikari.pool.HikariPool        : HikariPool-1 - Fill pool skipped, pool has sufficient level or currently being filled.
2026-08-21T21:52:44.369+09:00 DEBUG 3764 --- [Pokade] [l-1:housekeeper] com.zaxxer.hikari.pool.HikariPool        : HikariPool-1 - keepalive: connection org.postgresql.jdbc.PgConnection@1f51eeb0 is alive
2026-08-21T21:52:54.768+09:00 DEBUG 3764 --- [Pokade] [l-1:housekeeper] com.zaxxer.hikari.pool.HikariPool        : HikariPool-1 - keepalive: connection org.postgresql.jdbc.PgConnection@31fae751 is alive
2026-08-21T21:53:00.296+09:00 DEBUG 3764 --- [Pokade] [l-1:housekeeper] com.zaxxer.hikari.pool.HikariPool        : HikariPool-1 - keepalive: connection org.postgresql.jdbc.PgConnection@3e89f54f is alive
2026-08-21T21:53:05.184+09:00 DEBUG 3764 --- [Pokade] [l-1:housekeeper] com.zaxxer.hikari.pool.HikariPool        : HikariPool-1 - keepalive: connection org.postgresql.jdbc.PgConnection@544ee95 is alive
2026-08-21T21:53:10.985+09:00 DEBUG 3764 --- [Pokade] [l-1:housekeeper] com.zaxxer.hikari.pool.HikariPool        : HikariPool-1 - Pool stats (total=10/10, idle=10/10, active=0, waiting=0)
2026-08-21T21:53:10.985+09:00 DEBUG 3764 --- [Pokade] [l-1:housekeeper] com.zaxxer.hikari.pool.HikariPool        : HikariPool-1 - Fill pool skipped, pool has sufficient level or currently being filled.
2026-08-21T21:53:13.467+09:00 DEBUG 3764 --- [Pokade] [l-1:housekeeper] com.zaxxer.hikari.pool.HikariPool        : HikariPool-1 - keepalive: connection org.postgresql.jdbc.PgConnection@73aada95 is alive
2026-08-21T21:53:27.504+09:00 DEBUG 3764 --- [Pokade] [l-1:housekeeper] com.zaxxer.hikari.pool.HikariPool        : HikariPool-1 - keepalive: connection org.postgresql.jdbc.PgConnection@1182143 is alive
2026-08-21T21:53:39.346+09:00 DEBUG 3764 --- [Pokade] [l-1:housekeeper] com.zaxxer.hikari.pool.HikariPool        : HikariPool-1 - keepalive: connection org.postgresql.jdbc.PgConnection@69efd244 is alive
2026-08-21T21:53:40.987+09:00 DEBUG 3764 --- [Pokade] [l-1:housekeeper] com.zaxxer.hikari.pool.HikariPool        : HikariPool-1 - Pool stats (total=10/10, idle=10/10, active=0, waiting=0)
2026-08-21T21:53:40.987+09:00 DEBUG 3764 --- [Pokade] [l-1:housekeeper] com.zaxxer.hikari.pool.HikariPool        : HikariPool-1 - Fill pool skipped, pool has sufficient level or currently being filled.
2026-08-21T21:54:01.518+09:00 DEBUG 3764 --- [Pokade] [l-1:housekeeper] com.zaxxer.hikari.pool.HikariPool        : HikariPool-1 - keepalive: connection org.postgresql.jdbc.PgConnection@2b587921 is alive
2026-08-21T21:54:03.861+09:00 DEBUG 3764 --- [Pokade] [l-1:housekeeper] com.zaxxer.hikari.pool.HikariPool        : HikariPool-1 - keepalive: connection org.postgresql.jdbc.PgConnection@74ebe70f is alive
2026-08-21T21:54:10.992+09:00 DEBUG 3764 --- [Pokade] [l-1:housekeeper] com.zaxxer.hikari.pool.HikariPool        : HikariPool-1 - Pool stats (total=10/10, idle=10/10, active=0, waiting=0)
2026-08-21T21:54:10.992+09:00 DEBUG 3764 --- [Pokade] [l-1:housekeeper] com.zaxxer.hikari.pool.HikariPool        : HikariPool-1 - Fill pool skipped, pool has sufficient level or currently being filled.
2026-08-21T21:54:15.626+09:00 DEBUG 3764 --- [Pokade] [l-1:housekeeper] com.zaxxer.hikari.pool.HikariPool        : HikariPool-1 - keepalive: connection org.postgresql.jdbc.PgConnection@fe4eb4b is alive
2026-08-21T21:54:30.996+09:00 DEBUG 3764 --- [Pokade] [l-1:housekeeper] com.zaxxer.hikari.pool.HikariPool        : HikariPool-1 - keepalive: connection org.postgresql.jdbc.PgConnection@1f51eeb0 is alive
2026-08-21T21:54:40.994+09:00 DEBUG 3764 --- [Pokade] [l-1:housekeeper] com.zaxxer.hikari.pool.HikariPool        : HikariPool-1 - Pool stats (total=10/10, idle=10/10, active=0, waiting=0)
2026-08-21T21:54:40.994+09:00 DEBUG 3764 --- [Pokade] [l-1:housekeeper] com.zaxxer.hikari.pool.HikariPool        : HikariPool-1 - Fill pool skipped, pool has sufficient level or currently being filled.
2026-08-21T21:54:44.465+09:00 DEBUG 3764 --- [Pokade] [l-1:housekeeper] com.zaxxer.hikari.pool.HikariPool        : HikariPool-1 - keepalive: connection org.postgresql.jdbc.PgConnection@31fae751 is alive
2026-08-21T21:54:47.804+09:00 DEBUG 3764 --- [Pokade] [l-1:housekeeper] com.zaxxer.hikari.pool.HikariPool        : HikariPool-1 - keepalive: connection org.postgresql.jdbc.PgConnection@3e89f54f is alive
2026-08-21T21:55:00.246+09:00 DEBUG 3764 --- [Pokade] [l-1:housekeeper] com.zaxxer.hikari.pool.HikariPool        : HikariPool-1 - keepalive: connection org.postgresql.jdbc.PgConnection@73aada95 is alive
2026-08-21T21:55:02.397+09:00 DEBUG 3764 --- [Pokade] [l-1:housekeeper] com.zaxxer.hikari.pool.HikariPool        : HikariPool-1 - keepalive: connection org.postgresql.jdbc.PgConnection@544ee95 is alive
2026-08-21T21:55:07.630+09:00 DEBUG 3764 --- [Pokade] [l-1:housekeeper] com.zaxxer.hikari.pool.HikariPool        : HikariPool-1 - keepalive: connection org.postgresql.jdbc.PgConnection@1182143 is alive
2026-08-21T21:55:10.999+09:00 DEBUG 3764 --- [Pokade] [l-1:housekeeper] com.zaxxer.hikari.pool.HikariPool        : HikariPool-1 - Pool stats (total=10/10, idle=10/10, active=0, waiting=0)
2026-08-21T21:55:10.999+09:00 DEBUG 3764 --- [Pokade] [l-1:housekeeper] com.zaxxer.hikari.pool.HikariPool        : HikariPool-1 - Fill pool skipped, pool has sufficient level or currently being filled.
2026-08-21T21:55:19.019+09:00 DEBUG 3764 --- [Pokade] [l-1:housekeeper] com.zaxxer.hikari.pool.HikariPool        : HikariPool-1 - keepalive: connection org.postgresql.jdbc.PgConnection@69efd244 is alive
2026-08-21T21:55:41.009+09:00 DEBUG 3764 --- [Pokade] [l-1:housekeeper] com.zaxxer.hikari.pool.HikariPool        : HikariPool-1 - Pool stats (total=10/10, idle=10/10, active=0, waiting=0)
2026-08-21T21:55:41.009+09:00 DEBUG 3764 --- [Pokade] [l-1:housekeeper] com.zaxxer.hikari.pool.HikariPool        : HikariPool-1 - Fill pool skipped, pool has sufficient level or currently being filled.
2026-08-21T21:55:41.056+09:00 DEBUG 3764 --- [Pokade] [l-1:housekeeper] com.zaxxer.hikari.pool.HikariPool        : HikariPool-1 - keepalive: connection org.postgresql.jdbc.PgConnection@2b587921 is alive
2026-08-21T21:55:48.355+09:00 DEBUG 3764 --- [Pokade] [l-1:housekeeper] com.zaxxer.hikari.pool.HikariPool        : HikariPool-1 - keepalive: connection org.postgresql.jdbc.PgConnection@74ebe70f is alive
2026-08-21T21:56:07.041+09:00 DEBUG 3764 --- [Pokade] [l-1:housekeeper] com.zaxxer.hikari.pool.HikariPool        : HikariPool-1 - keepalive: connection org.postgresql.jdbc.PgConnection@fe4eb4b is alive
2026-08-21T21:56:07.677+09:00  INFO 3764 --- [Pokade] [io-8080-exec-10] c.p.d.n.store.SseEmitterStore            : [SSE] Emitter 제거 userId=3, 남은 연결 수=1
2026-08-21T21:56:07.680+09:00 ERROR 3764 --- [Pokade] [io-8080-exec-10] o.a.c.c.C.[.[.[/].[dispatcherServlet]    : Servlet.service() for servlet [dispatcherServlet] threw exception

org.springframework.security.authorization.AuthorizationDeniedException: Access Denied
	at org.springframework.security.web.access.intercept.AuthorizationFilter.doFilter(AuthorizationFilter.java:99) ~[spring-security-web-7.0.6.jar:7.0.6]
	at org.springframework.security.web.ObservationFilterChainDecorator$ObservationFilter.wrapFilter(ObservationFilterChainDecorator.java:244) ~[spring-security-web-7.0.6.jar:7.0.6]
	at org.springframework.security.web.ObservationFilterChainDecorator$ObservationFilter.doFilter(ObservationFilterChainDecorator.java:231) ~[spring-security-web-7.0.6.jar:7.0.6]
	at org.springframework.security.web.ObservationFilterChainDecorator$VirtualFilterChain.doFilter(ObservationFilterChainDecorator.java:141) ~[spring-security-web-7.0.6.jar:7.0.6]
	at org.springframework.security.web.access.ExceptionTranslationFilter.doFilter(ExceptionTranslationFilter.java:126) ~[spring-security-web-7.0.6.jar:7.0.6]
	at org.springframework.security.web.access.ExceptionTranslationFilter.doFilter(ExceptionTranslationFilter.java:120) ~[spring-security-web-7.0.6.jar:7.0.6]
	at org.springframework.security.web.ObservationFilterChainDecorator$ObservationFilter.wrapFilter(ObservationFilterChainDecorator.java:244) ~[spring-security-web-7.0.6.jar:7.0.6]
	at org.springframework.security.web.ObservationFilterChainDecorator$ObservationFilter.doFilter(ObservationFilterChainDecorator.java:231) ~[spring-security-web-7.0.6.jar:7.0.6]
	at org.springframework.security.web.ObservationFilterChainDecorator$VirtualFilterChain.doFilter(ObservationFilterChainDecorator.java:141) ~[spring-security-web-7.0.6.jar:7.0.6]
	at org.springframework.security.web.session.SessionManagementFilter.doFilter(SessionManagementFilter.java:92) ~[spring-security-web-7.0.6.jar:7.0.6]
	at org.springframework.security.web.session.SessionManagementFilter.doFilter(SessionManagementFilter.java:86) ~[spring-security-web-7.0.6.jar:7.0.6]
	at org.springframework.security.web.ObservationFilterChainDecorator$ObservationFilter.wrapFilter(ObservationFilterChainDecorator.java:244) ~[spring-security-web-7.0.6.jar:7.0.6]
	at org.springframework.security.web.ObservationFilterChainDecorator$ObservationFilter.doFilter(ObservationFilterChainDecorator.java:231) ~[spring-security-web-7.0.6.jar:7.0.6]
	at org.springframework.security.web.ObservationFilterChainDecorator$VirtualFilterChain.doFilter(ObservationFilterChainDecorator.java:141) ~[spring-security-web-7.0.6.jar:7.0.6]
	at org.springframework.security.web.authentication.AnonymousAuthenticationFilter.doFilter(AnonymousAuthenticationFilter.java:100) ~[spring-security-web-7.0.6.jar:7.0.6]
	at org.springframework.security.web.ObservationFilterChainDecorator$ObservationFilter.wrapFilter(ObservationFilterChainDecorator.java:244) ~[spring-security-web-7.0.6.jar:7.0.6]
	at org.springframework.security.web.ObservationFilterChainDecorator$ObservationFilter.doFilter(ObservationFilterChainDecorator.java:231) ~[spring-security-web-7.0.6.jar:7.0.6]
	at org.springframework.security.web.ObservationFilterChainDecorator$VirtualFilterChain.doFilter(ObservationFilterChainDecorator.java:141) ~[spring-security-web-7.0.6.jar:7.0.6]
	at org.springframework.security.web.servletapi.SecurityContextHolderAwareRequestFilter.doFilter(SecurityContextHolderAwareRequestFilter.java:181) ~[spring-security-web-7.0.6.jar:7.0.6]
	at org.springframework.security.web.ObservationFilterChainDecorator$ObservationFilter.wrapFilter(ObservationFilterChainDecorator.java:244) ~[spring-security-web-7.0.6.jar:7.0.6]
	at org.springframework.security.web.ObservationFilterChainDecorator$ObservationFilter.doFilter(ObservationFilterChainDecorator.java:231) ~[spring-security-web-7.0.6.jar:7.0.6]
	at org.springframework.security.web.ObservationFilterChainDecorator$VirtualFilterChain.doFilter(ObservationFilterChainDecorator.java:141) ~[spring-security-web-7.0.6.jar:7.0.6]
	at org.springframework.security.web.savedrequest.RequestCacheAwareFilter.doFilter(RequestCacheAwareFilter.java:63) ~[spring-security-web-7.0.6.jar:7.0.6]
	at org.springframework.security.web.ObservationFilterChainDecorator$ObservationFilter.wrapFilter(ObservationFilterChainDecorator.java:244) ~[spring-security-web-7.0.6.jar:7.0.6]
	at org.springframework.security.web.ObservationFilterChainDecorator$ObservationFilter.doFilter(ObservationFilterChainDecorator.java:231) ~[spring-security-web-7.0.6.jar:7.0.6]
	at org.springframework.security.web.ObservationFilterChainDecorator$VirtualFilterChain.doFilter(ObservationFilterChainDecorator.java:141) ~[spring-security-web-7.0.6.jar:7.0.6]
	at org.springframework.web.filter.OncePerRequestFilter.doFilter(OncePerRequestFilter.java:101) ~[spring-web-7.0.8.jar:7.0.8]
	at org.springframework.security.web.ObservationFilterChainDecorator$ObservationFilter.wrapFilter(ObservationFilterChainDecorator.java:244) ~[spring-security-web-7.0.6.jar:7.0.6]
	at org.springframework.security.web.ObservationFilterChainDecorator$ObservationFilter.doFilter(ObservationFilterChainDecorator.java:231) ~[spring-security-web-7.0.6.jar:7.0.6]
	at org.springframework.security.web.ObservationFilterChainDecorator$VirtualFilterChain.doFilter(ObservationFilterChainDecorator.java:141) ~[spring-security-web-7.0.6.jar:7.0.6]
	at org.springframework.security.web.authentication.AbstractAuthenticationProcessingFilter.doFilter(AbstractAuthenticationProcessingFilter.java:245) ~[spring-security-web-7.0.6.jar:7.0.6]
	at org.springframework.security.web.authentication.AbstractAuthenticationProcessingFilter.doFilter(AbstractAuthenticationProcessingFilter.java:239) ~[spring-security-web-7.0.6.jar:7.0.6]
	at org.springframework.security.web.ObservationFilterChainDecorator$ObservationFilter.wrapFilter(ObservationFilterChainDecorator.java:244) ~[spring-security-web-7.0.6.jar:7.0.6]
	at org.springframework.security.web.ObservationFilterChainDecorator$ObservationFilter.doFilter(ObservationFilterChainDecorator.java:231) ~[spring-security-web-7.0.6.jar:7.0.6]
	at org.springframework.security.web.ObservationFilterChainDecorator$VirtualFilterChain.doFilter(ObservationFilterChainDecorator.java:141) ~[spring-security-web-7.0.6.jar:7.0.6]
	at org.springframework.web.filter.OncePerRequestFilter.doFilter(OncePerRequestFilter.java:101) ~[spring-web-7.0.8.jar:7.0.8]
	at org.springframework.security.web.ObservationFilterChainDecorator$ObservationFilter.wrapFilter(ObservationFilterChainDecorator.java:244) ~[spring-security-web-7.0.6.jar:7.0.6]
	at org.springframework.security.web.ObservationFilterChainDecorator$ObservationFilter.doFilter(ObservationFilterChainDecorator.java:231) ~[spring-security-web-7.0.6.jar:7.0.6]
	at org.springframework.security.web.ObservationFilterChainDecorator$VirtualFilterChain.doFilter(ObservationFilterChainDecorator.java:141) ~[spring-security-web-7.0.6.jar:7.0.6]
	at org.springframework.web.filter.OncePerRequestFilter.doFilter(OncePerRequestFilter.java:101) ~[spring-web-7.0.8.jar:7.0.8]
	at org.springframework.security.web.ObservationFilterChainDecorator$ObservationFilter.wrapFilter(ObservationFilterChainDecorator.java:244) ~[spring-security-web-7.0.6.jar:7.0.6]
	at org.springframework.security.web.ObservationFilterChainDecorator$ObservationFilter.doFilter(ObservationFilterChainDecorator.java:231) ~[spring-security-web-7.0.6.jar:7.0.6]
	at org.springframework.security.web.ObservationFilterChainDecorator$VirtualFilterChain.doFilter(ObservationFilterChainDecorator.java:141) ~[spring-security-web-7.0.6.jar:7.0.6]
	at org.springframework.web.filter.OncePerRequestFilter.doFilter(OncePerRequestFilter.java:101) ~[spring-web-7.0.8.jar:7.0.8]
	at org.springframework.security.web.ObservationFilterChainDecorator$ObservationFilter.wrapFilter(ObservationFilterChainDecorator.java:244) ~[spring-security-web-7.0.6.jar:7.0.6]
	at org.springframework.security.web.ObservationFilterChainDecorator$ObservationFilter.doFilter(ObservationFilterChainDecorator.java:231) ~[spring-security-web-7.0.6.jar:7.0.6]
	at org.springframework.security.web.ObservationFilterChainDecorator$VirtualFilterChain.doFilter(ObservationFilterChainDecorator.java:141) ~[spring-security-web-7.0.6.jar:7.0.6]
	at org.springframework.security.web.context.SecurityContextHolderFilter.doFilter(SecurityContextHolderFilter.java:82) ~[spring-security-web-7.0.6.jar:7.0.6]
	at org.springframework.security.web.context.SecurityContextHolderFilter.doFilter(SecurityContextHolderFilter.java:69) ~[spring-security-web-7.0.6.jar:7.0.6]
	at org.springframework.security.web.ObservationFilterChainDecorator$ObservationFilter.wrapFilter(ObservationFilterChainDecorator.java:244) ~[spring-security-web-7.0.6.jar:7.0.6]
	at org.springframework.security.web.ObservationFilterChainDecorator$ObservationFilter.doFilter(ObservationFilterChainDecorator.java:231) ~[spring-security-web-7.0.6.jar:7.0.6]
	at org.springframework.security.web.ObservationFilterChainDecorator$VirtualFilterChain.doFilter(ObservationFilterChainDecorator.java:141) ~[spring-security-web-7.0.6.jar:7.0.6]
	at org.springframework.web.filter.OncePerRequestFilter.doFilter(OncePerRequestFilter.java:101) ~[spring-web-7.0.8.jar:7.0.8]
	at org.springframework.security.web.ObservationFilterChainDecorator$ObservationFilter.wrapFilter(ObservationFilterChainDecorator.java:244) ~[spring-security-web-7.0.6.jar:7.0.6]
	at org.springframework.security.web.ObservationFilterChainDecorator$ObservationFilter.doFilter(ObservationFilterChainDecorator.java:231) ~[spring-security-web-7.0.6.jar:7.0.6]
	at org.springframework.security.web.ObservationFilterChainDecorator$VirtualFilterChain.doFilter(ObservationFilterChainDecorator.java:141) ~[spring-security-web-7.0.6.jar:7.0.6]
	at org.springframework.web.filter.OncePerRequestFilter.doFilter(OncePerRequestFilter.java:101) ~[spring-web-7.0.8.jar:7.0.8]
	at org.springframework.security.web.ObservationFilterChainDecorator$ObservationFilter.wrapFilter(ObservationFilterChainDecorator.java:244) ~[spring-security-web-7.0.6.jar:7.0.6]
	at org.springframework.security.web.ObservationFilterChainDecorator$AroundFilterObservation$SimpleAroundFilterObservation.lambda$wrap$0(ObservationFilterChainDecorator.java:337) ~[spring-security-web-7.0.6.jar:7.0.6]
	at org.springframework.security.web.ObservationFilterChainDecorator$ObservationFilter.doFilter(ObservationFilterChainDecorator.java:228) ~[spring-security-web-7.0.6.jar:7.0.6]
	at org.springframework.security.web.ObservationFilterChainDecorator$VirtualFilterChain.doFilter(ObservationFilterChainDecorator.java:141) ~[spring-security-web-7.0.6.jar:7.0.6]
	at org.springframework.security.web.FilterChainProxy.doFilterInternal(FilterChainProxy.java:237) ~[spring-security-web-7.0.6.jar:7.0.6]
	at org.springframework.security.web.FilterChainProxy.doFilter(FilterChainProxy.java:195) ~[spring-security-web-7.0.6.jar:7.0.6]
	at org.springframework.web.filter.CompositeFilter$VirtualFilterChain.doFilter(CompositeFilter.java:113) ~[spring-web-7.0.8.jar:7.0.8]
	at org.springframework.web.filter.ServletRequestPathFilter.doFilter(ServletRequestPathFilter.java:52) ~[spring-web-7.0.8.jar:7.0.8]
	at org.springframework.web.filter.CompositeFilter$VirtualFilterChain.doFilter(CompositeFilter.java:113) ~[spring-web-7.0.8.jar:7.0.8]
	at org.springframework.web.filter.CompositeFilter.doFilter(CompositeFilter.java:74) ~[spring-web-7.0.8.jar:7.0.8]
	at org.springframework.security.config.annotation.web.configuration.WebSecurityConfiguration$CompositeFilterChainProxy.doFilter(WebSecurityConfiguration.java:317) ~[spring-security-config-7.0.6.jar:7.0.6]
	at org.springframework.web.filter.DelegatingFilterProxy.invokeDelegate(DelegatingFilterProxy.java:355) ~[spring-web-7.0.8.jar:7.0.8]
	at org.springframework.web.filter.DelegatingFilterProxy.doFilter(DelegatingFilterProxy.java:272) ~[spring-web-7.0.8.jar:7.0.8]
	at org.apache.catalina.core.ApplicationFilterChain.doFilter(ApplicationFilterChain.java:107) ~[tomcat-embed-core-11.0.22.jar:11.0.22]
	at org.springframework.web.filter.RequestContextFilter.doFilterInternal(RequestContextFilter.java:100) ~[spring-web-7.0.8.jar:7.0.8]
	at org.springframework.web.filter.OncePerRequestFilter.doFilter(OncePerRequestFilter.java:116) ~[spring-web-7.0.8.jar:7.0.8]
	at org.apache.catalina.core.ApplicationFilterChain.doFilter(ApplicationFilterChain.java:107) ~[tomcat-embed-core-11.0.22.jar:11.0.22]
	at org.springframework.web.filter.OncePerRequestFilter.doFilter(OncePerRequestFilter.java:101) ~[spring-web-7.0.8.jar:7.0.8]
	at org.apache.catalina.core.ApplicationFilterChain.doFilter(ApplicationFilterChain.java:107) ~[tomcat-embed-core-11.0.22.jar:11.0.22]
	at org.springframework.web.filter.ServerHttpObservationFilter.doFilterInternal(ServerHttpObservationFilter.java:110) ~[spring-web-7.0.8.jar:7.0.8]
	at org.springframework.web.filter.OncePerRequestFilter.doFilter(OncePerRequestFilter.java:116) ~[spring-web-7.0.8.jar:7.0.8]
	at org.apache.catalina.core.ApplicationFilterChain.doFilter(ApplicationFilterChain.java:107) ~[tomcat-embed-core-11.0.22.jar:11.0.22]
	at org.springframework.web.filter.OncePerRequestFilter.doFilter(OncePerRequestFilter.java:101) ~[spring-web-7.0.8.jar:7.0.8]
	at org.apache.catalina.core.ApplicationFilterChain.doFilter(ApplicationFilterChain.java:107) ~[tomcat-embed-core-11.0.22.jar:11.0.22]
	at org.springframework.web.filter.OncePerRequestFilter.doFilter(OncePerRequestFilter.java:101) ~[spring-web-7.0.8.jar:7.0.8]
	at org.apache.catalina.core.ApplicationFilterChain.doFilter(ApplicationFilterChain.java:107) ~[tomcat-embed-core-11.0.22.jar:11.0.22]
	at org.apache.catalina.core.ApplicationDispatcher.invoke(ApplicationDispatcher.java:513) ~[tomcat-embed-core-11.0.22.jar:11.0.22]
	at org.apache.catalina.core.ApplicationDispatcher.dispatch(ApplicationDispatcher.java:441) ~[tomcat-embed-core-11.0.22.jar:11.0.22]
	at org.apache.catalina.core.AsyncContextImpl$AsyncRunnable.run(AsyncContextImpl.java:585) ~[tomcat-embed-core-11.0.22.jar:11.0.22]
	at org.apache.catalina.core.AsyncContextImpl.doInternalDispatch(AsyncContextImpl.java:340) ~[tomcat-embed-core-11.0.22.jar:11.0.22]
	at org.apache.catalina.core.StandardWrapperValve.invoke(StandardWrapperValve.java:163) ~[tomcat-embed-core-11.0.22.jar:11.0.22]
	at org.apache.catalina.core.StandardContextValve.invoke(StandardContextValve.java:77) ~[tomcat-embed-core-11.0.22.jar:11.0.22]
	at org.apache.catalina.authenticator.AuthenticatorBase.invoke(AuthenticatorBase.java:492) ~[tomcat-embed-core-11.0.22.jar:11.0.22]
	at org.apache.catalina.core.StandardHostValve.invoke(StandardHostValve.java:113) ~[tomcat-embed-core-11.0.22.jar:11.0.22]
	at org.apache.catalina.valves.ErrorReportValve.invoke(ErrorReportValve.java:83) ~[tomcat-embed-core-11.0.22.jar:11.0.22]
	at org.apache.catalina.core.StandardEngineValve.invoke(StandardEngineValve.java:72) ~[tomcat-embed-core-11.0.22.jar:11.0.22]
	at org.apache.catalina.connector.CoyoteAdapter.asyncDispatch(CoyoteAdapter.java:238) ~[tomcat-embed-core-11.0.22.jar:11.0.22]
	at org.apache.coyote.AbstractProcessor.dispatch(AbstractProcessor.java:242) ~[tomcat-embed-core-11.0.22.jar:11.0.22]
	at org.apache.coyote.AbstractProcessorLight.process(AbstractProcessorLight.java:57) ~[tomcat-embed-core-11.0.22.jar:11.0.22]
	at org.apache.coyote.AbstractProtocol$ConnectionHandler.process(AbstractProtocol.java:1272) ~[tomcat-embed-core-11.0.22.jar:11.0.22]
	at org.apache.tomcat.util.net.NioEndpoint$SocketProcessor.doRun(NioEndpoint.java:1801) ~[tomcat-embed-core-11.0.22.jar:11.0.22]
	at org.apache.tomcat.util.net.SocketProcessorBase.run(SocketProcessorBase.java:52) ~[tomcat-embed-core-11.0.22.jar:11.0.22]
	at org.apache.tomcat.util.threads.ThreadPoolExecutor.runWorker(ThreadPoolExecutor.java:946) ~[tomcat-embed-core-11.0.22.jar:11.0.22]
	at org.apache.tomcat.util.threads.ThreadPoolExecutor$Worker.run(ThreadPoolExecutor.java:480) ~[tomcat-embed-core-11.0.22.jar:11.0.22]
	at org.apache.tomcat.util.threads.TaskThread$WrappingRunnable.run(TaskThread.java:57) ~[tomcat-embed-core-11.0.22.jar:11.0.22]
	at java.base/java.lang.Thread.run(Thread.java:1583) ~[na:na]

2026-08-21T21:56:07.685+09:00 ERROR 3764 --- [Pokade] [io-8080-exec-10] o.a.c.c.C.[.[.[/].[dispatcherServlet]    : Servlet.service() for servlet [dispatcherServlet] in context with path [] threw exception [Unable to handle the Spring Security Exception because the response is already committed.] with root cause

org.springframework.security.authorization.AuthorizationDeniedException: Access Denied
	at org.springframework.security.web.access.intercept.AuthorizationFilter.doFilter(AuthorizationFilter.java:99) ~[spring-security-web-7.0.6.jar:7.0.6]
	at org.springframework.security.web.ObservationFilterChainDecorator$ObservationFilter.wrapFilter(ObservationFilterChainDecorator.java:244) ~[spring-security-web-7.0.6.jar:7.0.6]
	at org.springframework.security.web.ObservationFilterChainDecorator$ObservationFilter.doFilter(ObservationFilterChainDecorator.java:231) ~[spring-security-web-7.0.6.jar:7.0.6]
	at org.springframework.security.web.ObservationFilterChainDecorator$VirtualFilterChain.doFilter(ObservationFilterChainDecorator.java:141) ~[spring-security-web-7.0.6.jar:7.0.6]
	at org.springframework.security.web.access.ExceptionTranslationFilter.doFilter(ExceptionTranslationFilter.java:126) ~[spring-security-web-7.0.6.jar:7.0.6]
	at org.springframework.security.web.access.ExceptionTranslationFilter.doFilter(ExceptionTranslationFilter.java:120) ~[spring-security-web-7.0.6.jar:7.0.6]
	at org.springframework.security.web.ObservationFilterChainDecorator$ObservationFilter.wrapFilter(ObservationFilterChainDecorator.java:244) ~[spring-security-web-7.0.6.jar:7.0.6]
	at org.springframework.security.web.ObservationFilterChainDecorator$ObservationFilter.doFilter(ObservationFilterChainDecorator.java:231) ~[spring-security-web-7.0.6.jar:7.0.6]
	at org.springframework.security.web.ObservationFilterChainDecorator$VirtualFilterChain.doFilter(ObservationFilterChainDecorator.java:141) ~[spring-security-web-7.0.6.jar:7.0.6]
	at org.springframework.security.web.session.SessionManagementFilter.doFilter(SessionManagementFilter.java:92) ~[spring-security-web-7.0.6.jar:7.0.6]
	at org.springframework.security.web.session.SessionManagementFilter.doFilter(SessionManagementFilter.java:86) ~[spring-security-web-7.0.6.jar:7.0.6]
	at org.springframework.security.web.ObservationFilterChainDecorator$ObservationFilter.wrapFilter(ObservationFilterChainDecorator.java:244) ~[spring-security-web-7.0.6.jar:7.0.6]
	at org.springframework.security.web.ObservationFilterChainDecorator$ObservationFilter.doFilter(ObservationFilterChainDecorator.java:231) ~[spring-security-web-7.0.6.jar:7.0.6]
	at org.springframework.security.web.ObservationFilterChainDecorator$VirtualFilterChain.doFilter(ObservationFilterChainDecorator.java:141) ~[spring-security-web-7.0.6.jar:7.0.6]
	at org.springframework.security.web.authentication.AnonymousAuthenticationFilter.doFilter(AnonymousAuthenticationFilter.java:100) ~[spring-security-web-7.0.6.jar:7.0.6]
	at org.springframework.security.web.ObservationFilterChainDecorator$ObservationFilter.wrapFilter(ObservationFilterChainDecorator.java:244) ~[spring-security-web-7.0.6.jar:7.0.6]
	at org.springframework.security.web.ObservationFilterChainDecorator$ObservationFilter.doFilter(ObservationFilterChainDecorator.java:231) ~[spring-security-web-7.0.6.jar:7.0.6]
	at org.springframework.security.web.ObservationFilterChainDecorator$VirtualFilterChain.doFilter(ObservationFilterChainDecorator.java:141) ~[spring-security-web-7.0.6.jar:7.0.6]
	at org.springframework.security.web.servletapi.SecurityContextHolderAwareRequestFilter.doFilter(SecurityContextHolderAwareRequestFilter.java:181) ~[spring-security-web-7.0.6.jar:7.0.6]
	at org.springframework.security.web.ObservationFilterChainDecorator$ObservationFilter.wrapFilter(ObservationFilterChainDecorator.java:244) ~[spring-security-web-7.0.6.jar:7.0.6]
	at org.springframework.security.web.ObservationFilterChainDecorator$ObservationFilter.doFilter(ObservationFilterChainDecorator.java:231) ~[spring-security-web-7.0.6.jar:7.0.6]
	at org.springframework.security.web.ObservationFilterChainDecorator$VirtualFilterChain.doFilter(ObservationFilterChainDecorator.java:141) ~[spring-security-web-7.0.6.jar:7.0.6]
	at org.springframework.security.web.savedrequest.RequestCacheAwareFilter.doFilter(RequestCacheAwareFilter.java:63) ~[spring-security-web-7.0.6.jar:7.0.6]
	at org.springframework.security.web.ObservationFilterChainDecorator$ObservationFilter.wrapFilter(ObservationFilterChainDecorator.java:244) ~[spring-security-web-7.0.6.jar:7.0.6]
	at org.springframework.security.web.ObservationFilterChainDecorator$ObservationFilter.doFilter(ObservationFilterChainDecorator.java:231) ~[spring-security-web-7.0.6.jar:7.0.6]
	at org.springframework.security.web.ObservationFilterChainDecorator$VirtualFilterChain.doFilter(ObservationFilterChainDecorator.java:141) ~[spring-security-web-7.0.6.jar:7.0.6]
	at org.springframework.web.filter.OncePerRequestFilter.doFilter(OncePerRequestFilter.java:101) ~[spring-web-7.0.8.jar:7.0.8]
	at org.springframework.security.web.ObservationFilterChainDecorator$ObservationFilter.wrapFilter(ObservationFilterChainDecorator.java:244) ~[spring-security-web-7.0.6.jar:7.0.6]
	at org.springframework.security.web.ObservationFilterChainDecorator$ObservationFilter.doFilter(ObservationFilterChainDecorator.java:231) ~[spring-security-web-7.0.6.jar:7.0.6]
	at org.springframework.security.web.ObservationFilterChainDecorator$VirtualFilterChain.doFilter(ObservationFilterChainDecorator.java:141) ~[spring-security-web-7.0.6.jar:7.0.6]
	at org.springframework.security.web.authentication.AbstractAuthenticationProcessingFilter.doFilter(AbstractAuthenticationProcessingFilter.java:245) ~[spring-security-web-7.0.6.jar:7.0.6]
	at org.springframework.security.web.authentication.AbstractAuthenticationProcessingFilter.doFilter(AbstractAuthenticationProcessingFilter.java:239) ~[spring-security-web-7.0.6.jar:7.0.6]
	at org.springframework.security.web.ObservationFilterChainDecorator$ObservationFilter.wrapFilter(ObservationFilterChainDecorator.java:244) ~[spring-security-web-7.0.6.jar:7.0.6]
	at org.springframework.security.web.ObservationFilterChainDecorator$ObservationFilter.doFilter(ObservationFilterChainDecorator.java:231) ~[spring-security-web-7.0.6.jar:7.0.6]
	at org.springframework.security.web.ObservationFilterChainDecorator$VirtualFilterChain.doFilter(ObservationFilterChainDecorator.java:141) ~[spring-security-web-7.0.6.jar:7.0.6]
	at org.springframework.web.filter.OncePerRequestFilter.doFilter(OncePerRequestFilter.java:101) ~[spring-web-7.0.8.jar:7.0.8]
	at org.springframework.security.web.ObservationFilterChainDecorator$ObservationFilter.wrapFilter(ObservationFilterChainDecorator.java:244) ~[spring-security-web-7.0.6.jar:7.0.6]
	at org.springframework.security.web.ObservationFilterChainDecorator$ObservationFilter.doFilter(ObservationFilterChainDecorator.java:231) ~[spring-security-web-7.0.6.jar:7.0.6]
	at org.springframework.security.web.ObservationFilterChainDecorator$VirtualFilterChain.doFilter(ObservationFilterChainDecorator.java:141) ~[spring-security-web-7.0.6.jar:7.0.6]
	at org.springframework.web.filter.OncePerRequestFilter.doFilter(OncePerRequestFilter.java:101) ~[spring-web-7.0.8.jar:7.0.8]
	at org.springframework.security.web.ObservationFilterChainDecorator$ObservationFilter.wrapFilter(ObservationFilterChainDecorator.java:244) ~[spring-security-web-7.0.6.jar:7.0.6]
	at org.springframework.security.web.ObservationFilterChainDecorator$ObservationFilter.doFilter(ObservationFilterChainDecorator.java:231) ~[spring-security-web-7.0.6.jar:7.0.6]
	at org.springframework.security.web.ObservationFilterChainDecorator$VirtualFilterChain.doFilter(ObservationFilterChainDecorator.java:141) ~[spring-security-web-7.0.6.jar:7.0.6]
	at org.springframework.web.filter.OncePerRequestFilter.doFilter(OncePerRequestFilter.java:101) ~[spring-web-7.0.8.jar:7.0.8]
	at org.springframework.security.web.ObservationFilterChainDecorator$ObservationFilter.wrapFilter(ObservationFilterChainDecorator.java:244) ~[spring-security-web-7.0.6.jar:7.0.6]
	at org.springframework.security.web.ObservationFilterChainDecorator$ObservationFilter.doFilter(ObservationFilterChainDecorator.java:231) ~[spring-security-web-7.0.6.jar:7.0.6]
	at org.springframework.security.web.ObservationFilterChainDecorator$VirtualFilterChain.doFilter(ObservationFilterChainDecorator.java:141) ~[spring-security-web-7.0.6.jar:7.0.6]
	at org.springframework.security.web.context.SecurityContextHolderFilter.doFilter(SecurityContextHolderFilter.java:82) ~[spring-security-web-7.0.6.jar:7.0.6]
	at org.springframework.security.web.context.SecurityContextHolderFilter.doFilter(SecurityContextHolderFilter.java:69) ~[spring-security-web-7.0.6.jar:7.0.6]
	at org.springframework.security.web.ObservationFilterChainDecorator$ObservationFilter.wrapFilter(ObservationFilterChainDecorator.java:244) ~[spring-security-web-7.0.6.jar:7.0.6]
	at org.springframework.security.web.ObservationFilterChainDecorator$ObservationFilter.doFilter(ObservationFilterChainDecorator.java:231) ~[spring-security-web-7.0.6.jar:7.0.6]
	at org.springframework.security.web.ObservationFilterChainDecorator$VirtualFilterChain.doFilter(ObservationFilterChainDecorator.java:141) ~[spring-security-web-7.0.6.jar:7.0.6]
	at org.springframework.web.filter.OncePerRequestFilter.doFilter(OncePerRequestFilter.java:101) ~[spring-web-7.0.8.jar:7.0.8]
	at org.springframework.security.web.ObservationFilterChainDecorator$ObservationFilter.wrapFilter(ObservationFilterChainDecorator.java:244) ~[spring-security-web-7.0.6.jar:7.0.6]
	at org.springframework.security.web.ObservationFilterChainDecorator$ObservationFilter.doFilter(ObservationFilterChainDecorator.java:231) ~[spring-security-web-7.0.6.jar:7.0.6]
	at org.springframework.security.web.ObservationFilterChainDecorator$VirtualFilterChain.doFilter(ObservationFilterChainDecorator.java:141) ~[spring-security-web-7.0.6.jar:7.0.6]
	at org.springframework.web.filter.OncePerRequestFilter.doFilter(OncePerRequestFilter.java:101) ~[spring-web-7.0.8.jar:7.0.8]
	at org.springframework.security.web.ObservationFilterChainDecorator$ObservationFilter.wrapFilter(ObservationFilterChainDecorator.java:244) ~[spring-security-web-7.0.6.jar:7.0.6]
	at org.springframework.security.web.ObservationFilterChainDecorator$AroundFilterObservation$SimpleAroundFilterObservation.lambda$wrap$0(ObservationFilterChainDecorator.java:337) ~[spring-security-web-7.0.6.jar:7.0.6]
	at org.springframework.security.web.ObservationFilterChainDecorator$ObservationFilter.doFilter(ObservationFilterChainDecorator.java:228) ~[spring-security-web-7.0.6.jar:7.0.6]
	at org.springframework.security.web.ObservationFilterChainDecorator$VirtualFilterChain.doFilter(ObservationFilterChainDecorator.java:141) ~[spring-security-web-7.0.6.jar:7.0.6]
	at org.springframework.security.web.FilterChainProxy.doFilterInternal(FilterChainProxy.java:237) ~[spring-security-web-7.0.6.jar:7.0.6]
	at org.springframework.security.web.FilterChainProxy.doFilter(FilterChainProxy.java:195) ~[spring-security-web-7.0.6.jar:7.0.6]
	at org.springframework.web.filter.CompositeFilter$VirtualFilterChain.doFilter(CompositeFilter.java:113) ~[spring-web-7.0.8.jar:7.0.8]
	at org.springframework.web.filter.ServletRequestPathFilter.doFilter(ServletRequestPathFilter.java:52) ~[spring-web-7.0.8.jar:7.0.8]
	at org.springframework.web.filter.CompositeFilter$VirtualFilterChain.doFilter(CompositeFilter.java:113) ~[spring-web-7.0.8.jar:7.0.8]
	at org.springframework.web.filter.CompositeFilter.doFilter(CompositeFilter.java:74) ~[spring-web-7.0.8.jar:7.0.8]
	at org.springframework.security.config.annotation.web.configuration.WebSecurityConfiguration$CompositeFilterChainProxy.doFilter(WebSecurityConfiguration.java:317) ~[spring-security-config-7.0.6.jar:7.0.6]
	at org.springframework.web.filter.DelegatingFilterProxy.invokeDelegate(DelegatingFilterProxy.java:355) ~[spring-web-7.0.8.jar:7.0.8]
	at org.springframework.web.filter.DelegatingFilterProxy.doFilter(DelegatingFilterProxy.java:272) ~[spring-web-7.0.8.jar:7.0.8]
	at org.apache.catalina.core.ApplicationFilterChain.doFilter(ApplicationFilterChain.java:107) ~[tomcat-embed-core-11.0.22.jar:11.0.22]
	at org.springframework.web.filter.RequestContextFilter.doFilterInternal(RequestContextFilter.java:100) ~[spring-web-7.0.8.jar:7.0.8]
	at org.springframework.web.filter.OncePerRequestFilter.doFilter(OncePerRequestFilter.java:116) ~[spring-web-7.0.8.jar:7.0.8]
	at org.apache.catalina.core.ApplicationFilterChain.doFilter(ApplicationFilterChain.java:107) ~[tomcat-embed-core-11.0.22.jar:11.0.22]
	at org.springframework.web.filter.OncePerRequestFilter.doFilter(OncePerRequestFilter.java:101) ~[spring-web-7.0.8.jar:7.0.8]
	at org.apache.catalina.core.ApplicationFilterChain.doFilter(ApplicationFilterChain.java:107) ~[tomcat-embed-core-11.0.22.jar:11.0.22]
	at org.springframework.web.filter.ServerHttpObservationFilter.doFilterInternal(ServerHttpObservationFilter.java:110) ~[spring-web-7.0.8.jar:7.0.8]
	at org.springframework.web.filter.OncePerRequestFilter.doFilter(OncePerRequestFilter.java:116) ~[spring-web-7.0.8.jar:7.0.8]
	at org.apache.catalina.core.ApplicationFilterChain.doFilter(ApplicationFilterChain.java:107) ~[tomcat-embed-core-11.0.22.jar:11.0.22]
	at org.springframework.web.filter.OncePerRequestFilter.doFilter(OncePerRequestFilter.java:101) ~[spring-web-7.0.8.jar:7.0.8]
	at org.apache.catalina.core.ApplicationFilterChain.doFilter(ApplicationFilterChain.java:107) ~[tomcat-embed-core-11.0.22.jar:11.0.22]
	at org.springframework.web.filter.OncePerRequestFilter.doFilter(OncePerRequestFilter.java:101) ~[spring-web-7.0.8.jar:7.0.8]
	at org.apache.catalina.core.ApplicationFilterChain.doFilter(ApplicationFilterChain.java:107) ~[tomcat-embed-core-11.0.22.jar:11.0.22]
	at org.apache.catalina.core.ApplicationDispatcher.invoke(ApplicationDispatcher.java:513) ~[tomcat-embed-core-11.0.22.jar:11.0.22]
	at org.apache.catalina.core.ApplicationDispatcher.dispatch(ApplicationDispatcher.java:441) ~[tomcat-embed-core-11.0.22.jar:11.0.22]
	at org.apache.catalina.core.AsyncContextImpl$AsyncRunnable.run(AsyncContextImpl.java:585) ~[tomcat-embed-core-11.0.22.jar:11.0.22]
	at org.apache.catalina.core.AsyncContextImpl.doInternalDispatch(AsyncContextImpl.java:340) ~[tomcat-embed-core-11.0.22.jar:11.0.22]
	at org.apache.catalina.core.StandardWrapperValve.invoke(StandardWrapperValve.java:163) ~[tomcat-embed-core-11.0.22.jar:11.0.22]
	at org.apache.catalina.core.StandardContextValve.invoke(StandardContextValve.java:77) ~[tomcat-embed-core-11.0.22.jar:11.0.22]
	at org.apache.catalina.authenticator.AuthenticatorBase.invoke(AuthenticatorBase.java:492) ~[tomcat-embed-core-11.0.22.jar:11.0.22]
	at org.apache.catalina.core.StandardHostValve.invoke(StandardHostValve.java:113) ~[tomcat-embed-core-11.0.22.jar:11.0.22]
	at org.apache.catalina.valves.ErrorReportValve.invoke(ErrorReportValve.java:83) ~[tomcat-embed-core-11.0.22.jar:11.0.22]
	at org.apache.catalina.core.StandardEngineValve.invoke(StandardEngineValve.java:72) ~[tomcat-embed-core-11.0.22.jar:11.0.22]
	at org.apache.catalina.connector.CoyoteAdapter.asyncDispatch(CoyoteAdapter.java:238) ~[tomcat-embed-core-11.0.22.jar:11.0.22]
	at org.apache.coyote.AbstractProcessor.dispatch(AbstractProcessor.java:242) ~[tomcat-embed-core-11.0.22.jar:11.0.22]
	at org.apache.coyote.AbstractProcessorLight.process(AbstractProcessorLight.java:57) ~[tomcat-embed-core-11.0.22.jar:11.0.22]
	at org.apache.coyote.AbstractProtocol$ConnectionHandler.process(AbstractProtocol.java:1272) ~[tomcat-embed-core-11.0.22.jar:11.0.22]
	at org.apache.tomcat.util.net.NioEndpoint$SocketProcessor.doRun(NioEndpoint.java:1801) ~[tomcat-embed-core-11.0.22.jar:11.0.22]
	at org.apache.tomcat.util.net.SocketProcessorBase.run(SocketProcessorBase.java:52) ~[tomcat-embed-core-11.0.22.jar:11.0.22]
	at org.apache.tomcat.util.threads.ThreadPoolExecutor.runWorker(ThreadPoolExecutor.java:946) ~[tomcat-embed-core-11.0.22.jar:11.0.22]
	at org.apache.tomcat.util.threads.ThreadPoolExecutor$Worker.run(ThreadPoolExecutor.java:480) ~[tomcat-embed-core-11.0.22.jar:11.0.22]
	at org.apache.tomcat.util.threads.TaskThread$WrappingRunnable.run(TaskThread.java:57) ~[tomcat-embed-core-11.0.22.jar:11.0.22]
	at java.base/java.lang.Thread.run(Thread.java:1583) ~[na:na]

2026-08-21T21:56:07.689+09:00 ERROR 3764 --- [Pokade] [io-8080-exec-10] o.a.c.c.C.[.[.[/].[dispatcherServlet]    : Servlet.service() for servlet [dispatcherServlet] threw exception

org.springframework.security.authorization.AuthorizationDeniedException: Access Denied
	at org.springframework.security.web.access.intercept.AuthorizationFilter.doFilter(AuthorizationFilter.java:99) ~[spring-security-web-7.0.6.jar:7.0.6]
	at org.springframework.security.web.ObservationFilterChainDecorator$ObservationFilter.wrapFilter(ObservationFilterChainDecorator.java:244) ~[spring-security-web-7.0.6.jar:7.0.6]
	at org.springframework.security.web.ObservationFilterChainDecorator$ObservationFilter.doFilter(ObservationFilterChainDecorator.java:231) ~[spring-security-web-7.0.6.jar:7.0.6]
	at org.springframework.security.web.ObservationFilterChainDecorator$VirtualFilterChain.doFilter(ObservationFilterChainDecorator.java:141) ~[spring-security-web-7.0.6.jar:7.0.6]
	at org.springframework.security.web.access.ExceptionTranslationFilter.doFilter(ExceptionTranslationFilter.java:126) ~[spring-security-web-7.0.6.jar:7.0.6]
	at org.springframework.security.web.access.ExceptionTranslationFilter.doFilter(ExceptionTranslationFilter.java:120) ~[spring-security-web-7.0.6.jar:7.0.6]
	at org.springframework.security.web.ObservationFilterChainDecorator$ObservationFilter.wrapFilter(ObservationFilterChainDecorator.java:244) ~[spring-security-web-7.0.6.jar:7.0.6]
	at org.springframework.security.web.ObservationFilterChainDecorator$ObservationFilter.doFilter(ObservationFilterChainDecorator.java:231) ~[spring-security-web-7.0.6.jar:7.0.6]
	at org.springframework.security.web.ObservationFilterChainDecorator$VirtualFilterChain.doFilter(ObservationFilterChainDecorator.java:141) ~[spring-security-web-7.0.6.jar:7.0.6]
	at org.springframework.security.web.session.SessionManagementFilter.doFilter(SessionManagementFilter.java:92) ~[spring-security-web-7.0.6.jar:7.0.6]
	at org.springframework.security.web.session.SessionManagementFilter.doFilter(SessionManagementFilter.java:86) ~[spring-security-web-7.0.6.jar:7.0.6]
	at org.springframework.security.web.ObservationFilterChainDecorator$ObservationFilter.wrapFilter(ObservationFilterChainDecorator.java:244) ~[spring-security-web-7.0.6.jar:7.0.6]
	at org.springframework.security.web.ObservationFilterChainDecorator$ObservationFilter.doFilter(ObservationFilterChainDecorator.java:231) ~[spring-security-web-7.0.6.jar:7.0.6]
	at org.springframework.security.web.ObservationFilterChainDecorator$VirtualFilterChain.doFilter(ObservationFilterChainDecorator.java:141) ~[spring-security-web-7.0.6.jar:7.0.6]
	at org.springframework.security.web.authentication.AnonymousAuthenticationFilter.doFilter(AnonymousAuthenticationFilter.java:100) ~[spring-security-web-7.0.6.jar:7.0.6]
	at org.springframework.security.web.ObservationFilterChainDecorator$ObservationFilter.wrapFilter(ObservationFilterChainDecorator.java:244) ~[spring-security-web-7.0.6.jar:7.0.6]
	at org.springframework.security.web.ObservationFilterChainDecorator$ObservationFilter.doFilter(ObservationFilterChainDecorator.java:231) ~[spring-security-web-7.0.6.jar:7.0.6]
	at org.springframework.security.web.ObservationFilterChainDecorator$VirtualFilterChain.doFilter(ObservationFilterChainDecorator.java:141) ~[spring-security-web-7.0.6.jar:7.0.6]
	at org.springframework.security.web.servletapi.SecurityContextHolderAwareRequestFilter.doFilter(SecurityContextHolderAwareRequestFilter.java:181) ~[spring-security-web-7.0.6.jar:7.0.6]
	at org.springframework.security.web.ObservationFilterChainDecorator$ObservationFilter.wrapFilter(ObservationFilterChainDecorator.java:244) ~[spring-security-web-7.0.6.jar:7.0.6]
	at org.springframework.security.web.ObservationFilterChainDecorator$ObservationFilter.doFilter(ObservationFilterChainDecorator.java:231) ~[spring-security-web-7.0.6.jar:7.0.6]
	at org.springframework.security.web.ObservationFilterChainDecorator$VirtualFilterChain.doFilter(ObservationFilterChainDecorator.java:141) ~[spring-security-web-7.0.6.jar:7.0.6]
	at org.springframework.security.web.savedrequest.RequestCacheAwareFilter.doFilter(RequestCacheAwareFilter.java:63) ~[spring-security-web-7.0.6.jar:7.0.6]
	at org.springframework.security.web.ObservationFilterChainDecorator$ObservationFilter.wrapFilter(ObservationFilterChainDecorator.java:244) ~[spring-security-web-7.0.6.jar:7.0.6]
	at org.springframework.security.web.ObservationFilterChainDecorator$ObservationFilter.doFilter(ObservationFilterChainDecorator.java:231) ~[spring-security-web-7.0.6.jar:7.0.6]
	at org.springframework.security.web.ObservationFilterChainDecorator$VirtualFilterChain.doFilter(ObservationFilterChainDecorator.java:141) ~[spring-security-web-7.0.6.jar:7.0.6]
	at org.springframework.web.filter.OncePerRequestFilter.doFilter(OncePerRequestFilter.java:101) ~[spring-web-7.0.8.jar:7.0.8]
	at org.springframework.security.web.ObservationFilterChainDecorator$ObservationFilter.wrapFilter(ObservationFilterChainDecorator.java:244) ~[spring-security-web-7.0.6.jar:7.0.6]
	at org.springframework.security.web.ObservationFilterChainDecorator$ObservationFilter.doFilter(ObservationFilterChainDecorator.java:231) ~[spring-security-web-7.0.6.jar:7.0.6]
	at org.springframework.security.web.ObservationFilterChainDecorator$VirtualFilterChain.doFilter(ObservationFilterChainDecorator.java:141) ~[spring-security-web-7.0.6.jar:7.0.6]
	at org.springframework.security.web.authentication.AbstractAuthenticationProcessingFilter.doFilter(AbstractAuthenticationProcessingFilter.java:245) ~[spring-security-web-7.0.6.jar:7.0.6]
	at org.springframework.security.web.authentication.AbstractAuthenticationProcessingFilter.doFilter(AbstractAuthenticationProcessingFilter.java:239) ~[spring-security-web-7.0.6.jar:7.0.6]
	at org.springframework.security.web.ObservationFilterChainDecorator$ObservationFilter.wrapFilter(ObservationFilterChainDecorator.java:244) ~[spring-security-web-7.0.6.jar:7.0.6]
	at org.springframework.security.web.ObservationFilterChainDecorator$ObservationFilter.doFilter(ObservationFilterChainDecorator.java:231) ~[spring-security-web-7.0.6.jar:7.0.6]
	at org.springframework.security.web.ObservationFilterChainDecorator$VirtualFilterChain.doFilter(ObservationFilterChainDecorator.java:141) ~[spring-security-web-7.0.6.jar:7.0.6]
	at org.springframework.web.filter.OncePerRequestFilter.doFilter(OncePerRequestFilter.java:101) ~[spring-web-7.0.8.jar:7.0.8]
	at org.springframework.security.web.ObservationFilterChainDecorator$ObservationFilter.wrapFilter(ObservationFilterChainDecorator.java:244) ~[spring-security-web-7.0.6.jar:7.0.6]
	at org.springframework.security.web.ObservationFilterChainDecorator$ObservationFilter.doFilter(ObservationFilterChainDecorator.java:231) ~[spring-security-web-7.0.6.jar:7.0.6]
	at org.springframework.security.web.ObservationFilterChainDecorator$VirtualFilterChain.doFilter(ObservationFilterChainDecorator.java:141) ~[spring-security-web-7.0.6.jar:7.0.6]
	at org.springframework.web.filter.OncePerRequestFilter.doFilter(OncePerRequestFilter.java:101) ~[spring-web-7.0.8.jar:7.0.8]
	at org.springframework.security.web.ObservationFilterChainDecorator$ObservationFilter.wrapFilter(ObservationFilterChainDecorator.java:244) ~[spring-security-web-7.0.6.jar:7.0.6]
	at org.springframework.security.web.ObservationFilterChainDecorator$ObservationFilter.doFilter(ObservationFilterChainDecorator.java:231) ~[spring-security-web-7.0.6.jar:7.0.6]
	at org.springframework.security.web.ObservationFilterChainDecorator$VirtualFilterChain.doFilter(ObservationFilterChainDecorator.java:141) ~[spring-security-web-7.0.6.jar:7.0.6]
	at org.springframework.web.filter.OncePerRequestFilter.doFilter(OncePerRequestFilter.java:101) ~[spring-web-7.0.8.jar:7.0.8]
	at org.springframework.security.web.ObservationFilterChainDecorator$ObservationFilter.wrapFilter(ObservationFilterChainDecorator.java:244) ~[spring-security-web-7.0.6.jar:7.0.6]
	at org.springframework.security.web.ObservationFilterChainDecorator$ObservationFilter.doFilter(ObservationFilterChainDecorator.java:231) ~[spring-security-web-7.0.6.jar:7.0.6]
	at org.springframework.security.web.ObservationFilterChainDecorator$VirtualFilterChain.doFilter(ObservationFilterChainDecorator.java:141) ~[spring-security-web-7.0.6.jar:7.0.6]
	at org.springframework.security.web.context.SecurityContextHolderFilter.doFilter(SecurityContextHolderFilter.java:82) ~[spring-security-web-7.0.6.jar:7.0.6]
	at org.springframework.security.web.context.SecurityContextHolderFilter.doFilter(SecurityContextHolderFilter.java:69) ~[spring-security-web-7.0.6.jar:7.0.6]
	at org.springframework.security.web.ObservationFilterChainDecorator$ObservationFilter.wrapFilter(ObservationFilterChainDecorator.java:244) ~[spring-security-web-7.0.6.jar:7.0.6]
	at org.springframework.security.web.ObservationFilterChainDecorator$ObservationFilter.doFilter(ObservationFilterChainDecorator.java:231) ~[spring-security-web-7.0.6.jar:7.0.6]
	at org.springframework.security.web.ObservationFilterChainDecorator$VirtualFilterChain.doFilter(ObservationFilterChainDecorator.java:141) ~[spring-security-web-7.0.6.jar:7.0.6]
	at org.springframework.web.filter.OncePerRequestFilter.doFilter(OncePerRequestFilter.java:101) ~[spring-web-7.0.8.jar:7.0.8]
	at org.springframework.security.web.ObservationFilterChainDecorator$ObservationFilter.wrapFilter(ObservationFilterChainDecorator.java:244) ~[spring-security-web-7.0.6.jar:7.0.6]
	at org.springframework.security.web.ObservationFilterChainDecorator$ObservationFilter.doFilter(ObservationFilterChainDecorator.java:231) ~[spring-security-web-7.0.6.jar:7.0.6]
	at org.springframework.security.web.ObservationFilterChainDecorator$VirtualFilterChain.doFilter(ObservationFilterChainDecorator.java:141) ~[spring-security-web-7.0.6.jar:7.0.6]
	at org.springframework.web.filter.OncePerRequestFilter.doFilter(OncePerRequestFilter.java:101) ~[spring-web-7.0.8.jar:7.0.8]
	at org.springframework.security.web.ObservationFilterChainDecorator$ObservationFilter.wrapFilter(ObservationFilterChainDecorator.java:244) ~[spring-security-web-7.0.6.jar:7.0.6]
	at org.springframework.security.web.ObservationFilterChainDecorator$AroundFilterObservation$SimpleAroundFilterObservation.lambda$wrap$0(ObservationFilterChainDecorator.java:337) ~[spring-security-web-7.0.6.jar:7.0.6]
	at org.springframework.security.web.ObservationFilterChainDecorator$ObservationFilter.doFilter(ObservationFilterChainDecorator.java:228) ~[spring-security-web-7.0.6.jar:7.0.6]
	at org.springframework.security.web.ObservationFilterChainDecorator$VirtualFilterChain.doFilter(ObservationFilterChainDecorator.java:141) ~[spring-security-web-7.0.6.jar:7.0.6]
	at org.springframework.security.web.FilterChainProxy.doFilterInternal(FilterChainProxy.java:237) ~[spring-security-web-7.0.6.jar:7.0.6]
	at org.springframework.security.web.FilterChainProxy.doFilter(FilterChainProxy.java:195) ~[spring-security-web-7.0.6.jar:7.0.6]
	at org.springframework.web.filter.CompositeFilter$VirtualFilterChain.doFilter(CompositeFilter.java:113) ~[spring-web-7.0.8.jar:7.0.8]
	at org.springframework.web.filter.ServletRequestPathFilter.doFilter(ServletRequestPathFilter.java:52) ~[spring-web-7.0.8.jar:7.0.8]
	at org.springframework.web.filter.CompositeFilter$VirtualFilterChain.doFilter(CompositeFilter.java:113) ~[spring-web-7.0.8.jar:7.0.8]
	at org.springframework.web.filter.CompositeFilter.doFilter(CompositeFilter.java:74) ~[spring-web-7.0.8.jar:7.0.8]
	at org.springframework.security.config.annotation.web.configuration.WebSecurityConfiguration$CompositeFilterChainProxy.doFilter(WebSecurityConfiguration.java:317) ~[spring-security-config-7.0.6.jar:7.0.6]
	at org.springframework.web.filter.DelegatingFilterProxy.invokeDelegate(DelegatingFilterProxy.java:355) ~[spring-web-7.0.8.jar:7.0.8]
	at org.springframework.web.filter.DelegatingFilterProxy.doFilter(DelegatingFilterProxy.java:272) ~[spring-web-7.0.8.jar:7.0.8]
	at org.apache.catalina.core.ApplicationFilterChain.doFilter(ApplicationFilterChain.java:107) ~[tomcat-embed-core-11.0.22.jar:11.0.22]
	at org.springframework.web.filter.RequestContextFilter.doFilterInternal(RequestContextFilter.java:100) ~[spring-web-7.0.8.jar:7.0.8]
	at org.springframework.web.filter.OncePerRequestFilter.doFilter(OncePerRequestFilter.java:116) ~[spring-web-7.0.8.jar:7.0.8]
	at org.apache.catalina.core.ApplicationFilterChain.doFilter(ApplicationFilterChain.java:107) ~[tomcat-embed-core-11.0.22.jar:11.0.22]
	at org.springframework.web.filter.OncePerRequestFilter.doFilter(OncePerRequestFilter.java:101) ~[spring-web-7.0.8.jar:7.0.8]
	at org.apache.catalina.core.ApplicationFilterChain.doFilter(ApplicationFilterChain.java:107) ~[tomcat-embed-core-11.0.22.jar:11.0.22]
	at org.springframework.web.filter.OncePerRequestFilter.doFilter(OncePerRequestFilter.java:101) ~[spring-web-7.0.8.jar:7.0.8]
	at org.apache.catalina.core.ApplicationFilterChain.doFilter(ApplicationFilterChain.java:107) ~[tomcat-embed-core-11.0.22.jar:11.0.22]
	at org.apache.catalina.core.ApplicationDispatcher.invoke(ApplicationDispatcher.java:513) ~[tomcat-embed-core-11.0.22.jar:11.0.22]
	at org.apache.catalina.core.ApplicationDispatcher.include(ApplicationDispatcher.java:411) ~[tomcat-embed-core-11.0.22.jar:11.0.22]
	at org.apache.catalina.core.StandardHostValve.custom(StandardHostValve.java:356) ~[tomcat-embed-core-11.0.22.jar:11.0.22]
	at org.apache.catalina.core.StandardHostValve.status(StandardHostValve.java:206) ~[tomcat-embed-core-11.0.22.jar:11.0.22]
	at org.apache.catalina.core.StandardHostValve.throwable(StandardHostValve.java:282) ~[tomcat-embed-core-11.0.22.jar:11.0.22]
	at org.apache.catalina.core.StandardHostValve.invoke(StandardHostValve.java:147) ~[tomcat-embed-core-11.0.22.jar:11.0.22]
	at org.apache.catalina.valves.ErrorReportValve.invoke(ErrorReportValve.java:83) ~[tomcat-embed-core-11.0.22.jar:11.0.22]
	at org.apache.catalina.core.StandardEngineValve.invoke(StandardEngineValve.java:72) ~[tomcat-embed-core-11.0.22.jar:11.0.22]
	at org.apache.catalina.connector.CoyoteAdapter.asyncDispatch(CoyoteAdapter.java:238) ~[tomcat-embed-core-11.0.22.jar:11.0.22]
	at org.apache.coyote.AbstractProcessor.dispatch(AbstractProcessor.java:242) ~[tomcat-embed-core-11.0.22.jar:11.0.22]
	at org.apache.coyote.AbstractProcessorLight.process(AbstractProcessorLight.java:57) ~[tomcat-embed-core-11.0.22.jar:11.0.22]
	at org.apache.coyote.AbstractProtocol$ConnectionHandler.process(AbstractProtocol.java:1272) ~[tomcat-embed-core-11.0.22.jar:11.0.22]
	at org.apache.tomcat.util.net.NioEndpoint$SocketProcessor.doRun(NioEndpoint.java:1801) ~[tomcat-embed-core-11.0.22.jar:11.0.22]
	at org.apache.tomcat.util.net.SocketProcessorBase.run(SocketProcessorBase.java:52) ~[tomcat-embed-core-11.0.22.jar:11.0.22]
	at org.apache.tomcat.util.threads.ThreadPoolExecutor.runWorker(ThreadPoolExecutor.java:946) ~[tomcat-embed-core-11.0.22.jar:11.0.22]
	at org.apache.tomcat.util.threads.ThreadPoolExecutor$Worker.run(ThreadPoolExecutor.java:480) ~[tomcat-embed-core-11.0.22.jar:11.0.22]
	at org.apache.tomcat.util.threads.TaskThread$WrappingRunnable.run(TaskThread.java:57) ~[tomcat-embed-core-11.0.22.jar:11.0.22]
	at java.base/java.lang.Thread.run(Thread.java:1583) ~[na:na]

2026-08-21T21:56:07.691+09:00 ERROR 3764 --- [Pokade] [io-8080-exec-10] o.a.c.c.C.[Tomcat].[localhost]           : Exception Processing [ErrorPage[errorCode=0, location=/error]]

jakarta.servlet.ServletException: Unable to handle the Spring Security Exception because the response is already committed.
	at org.springframework.security.web.access.ExceptionTranslationFilter.doFilter(ExceptionTranslationFilter.java:144) ~[spring-security-web-7.0.6.jar:7.0.6]
	at org.springframework.security.web.access.ExceptionTranslationFilter.doFilter(ExceptionTranslationFilter.java:120) ~[spring-security-web-7.0.6.jar:7.0.6]
	at org.springframework.security.web.ObservationFilterChainDecorator$ObservationFilter.wrapFilter(ObservationFilterChainDecorator.java:244) ~[spring-security-web-7.0.6.jar:7.0.6]
	at org.springframework.security.web.ObservationFilterChainDecorator$ObservationFilter.doFilter(ObservationFilterChainDecorator.java:231) ~[spring-security-web-7.0.6.jar:7.0.6]
	at org.springframework.security.web.ObservationFilterChainDecorator$VirtualFilterChain.doFilter(ObservationFilterChainDecorator.java:141) ~[spring-security-web-7.0.6.jar:7.0.6]
	at org.springframework.security.web.session.SessionManagementFilter.doFilter(SessionManagementFilter.java:92) ~[spring-security-web-7.0.6.jar:7.0.6]
	at org.springframework.security.web.session.SessionManagementFilter.doFilter(SessionManagementFilter.java:86) ~[spring-security-web-7.0.6.jar:7.0.6]
	at org.springframework.security.web.ObservationFilterChainDecorator$ObservationFilter.wrapFilter(ObservationFilterChainDecorator.java:244) ~[spring-security-web-7.0.6.jar:7.0.6]
	at org.springframework.security.web.ObservationFilterChainDecorator$ObservationFilter.doFilter(ObservationFilterChainDecorator.java:231) ~[spring-security-web-7.0.6.jar:7.0.6]
	at org.springframework.security.web.ObservationFilterChainDecorator$VirtualFilterChain.doFilter(ObservationFilterChainDecorator.java:141) ~[spring-security-web-7.0.6.jar:7.0.6]
	at org.springframework.security.web.authentication.AnonymousAuthenticationFilter.doFilter(AnonymousAuthenticationFilter.java:100) ~[spring-security-web-7.0.6.jar:7.0.6]
	at org.springframework.security.web.ObservationFilterChainDecorator$ObservationFilter.wrapFilter(ObservationFilterChainDecorator.java:244) ~[spring-security-web-7.0.6.jar:7.0.6]
	at org.springframework.security.web.ObservationFilterChainDecorator$ObservationFilter.doFilter(ObservationFilterChainDecorator.java:231) ~[spring-security-web-7.0.6.jar:7.0.6]
	at org.springframework.security.web.ObservationFilterChainDecorator$VirtualFilterChain.doFilter(ObservationFilterChainDecorator.java:141) ~[spring-security-web-7.0.6.jar:7.0.6]
	at org.springframework.security.web.servletapi.SecurityContextHolderAwareRequestFilter.doFilter(SecurityContextHolderAwareRequestFilter.java:181) ~[spring-security-web-7.0.6.jar:7.0.6]
	at org.springframework.security.web.ObservationFilterChainDecorator$ObservationFilter.wrapFilter(ObservationFilterChainDecorator.java:244) ~[spring-security-web-7.0.6.jar:7.0.6]
	at org.springframework.security.web.ObservationFilterChainDecorator$ObservationFilter.doFilter(ObservationFilterChainDecorator.java:231) ~[spring-security-web-7.0.6.jar:7.0.6]
	at org.springframework.security.web.ObservationFilterChainDecorator$VirtualFilterChain.doFilter(ObservationFilterChainDecorator.java:141) ~[spring-security-web-7.0.6.jar:7.0.6]
	at org.springframework.security.web.savedrequest.RequestCacheAwareFilter.doFilter(RequestCacheAwareFilter.java:63) ~[spring-security-web-7.0.6.jar:7.0.6]
	at org.springframework.security.web.ObservationFilterChainDecorator$ObservationFilter.wrapFilter(ObservationFilterChainDecorator.java:244) ~[spring-security-web-7.0.6.jar:7.0.6]
	at org.springframework.security.web.ObservationFilterChainDecorator$ObservationFilter.doFilter(ObservationFilterChainDecorator.java:231) ~[spring-security-web-7.0.6.jar:7.0.6]
	at org.springframework.security.web.ObservationFilterChainDecorator$VirtualFilterChain.doFilter(ObservationFilterChainDecorator.java:141) ~[spring-security-web-7.0.6.jar:7.0.6]
	at org.springframework.web.filter.OncePerRequestFilter.doFilter(OncePerRequestFilter.java:101) ~[spring-web-7.0.8.jar:7.0.8]
	at org.springframework.security.web.ObservationFilterChainDecorator$ObservationFilter.wrapFilter(ObservationFilterChainDecorator.java:244) ~[spring-security-web-7.0.6.jar:7.0.6]
	at org.springframework.security.web.ObservationFilterChainDecorator$ObservationFilter.doFilter(ObservationFilterChainDecorator.java:231) ~[spring-security-web-7.0.6.jar:7.0.6]
	at org.springframework.security.web.ObservationFilterChainDecorator$VirtualFilterChain.doFilter(ObservationFilterChainDecorator.java:141) ~[spring-security-web-7.0.6.jar:7.0.6]
	at org.springframework.security.web.authentication.AbstractAuthenticationProcessingFilter.doFilter(AbstractAuthenticationProcessingFilter.java:245) ~[spring-security-web-7.0.6.jar:7.0.6]
	at org.springframework.security.web.authentication.AbstractAuthenticationProcessingFilter.doFilter(AbstractAuthenticationProcessingFilter.java:239) ~[spring-security-web-7.0.6.jar:7.0.6]
	at org.springframework.security.web.ObservationFilterChainDecorator$ObservationFilter.wrapFilter(ObservationFilterChainDecorator.java:244) ~[spring-security-web-7.0.6.jar:7.0.6]
	at org.springframework.security.web.ObservationFilterChainDecorator$ObservationFilter.doFilter(ObservationFilterChainDecorator.java:231) ~[spring-security-web-7.0.6.jar:7.0.6]
	at org.springframework.security.web.ObservationFilterChainDecorator$VirtualFilterChain.doFilter(ObservationFilterChainDecorator.java:141) ~[spring-security-web-7.0.6.jar:7.0.6]
	at org.springframework.web.filter.OncePerRequestFilter.doFilter(OncePerRequestFilter.java:101) ~[spring-web-7.0.8.jar:7.0.8]
	at org.springframework.security.web.ObservationFilterChainDecorator$ObservationFilter.wrapFilter(ObservationFilterChainDecorator.java:244) ~[spring-security-web-7.0.6.jar:7.0.6]
	at org.springframework.security.web.ObservationFilterChainDecorator$ObservationFilter.doFilter(ObservationFilterChainDecorator.java:231) ~[spring-security-web-7.0.6.jar:7.0.6]
	at org.springframework.security.web.ObservationFilterChainDecorator$VirtualFilterChain.doFilter(ObservationFilterChainDecorator.java:141) ~[spring-security-web-7.0.6.jar:7.0.6]
	at org.springframework.web.filter.OncePerRequestFilter.doFilter(OncePerRequestFilter.java:101) ~[spring-web-7.0.8.jar:7.0.8]
	at org.springframework.security.web.ObservationFilterChainDecorator$ObservationFilter.wrapFilter(ObservationFilterChainDecorator.java:244) ~[spring-security-web-7.0.6.jar:7.0.6]
	at org.springframework.security.web.ObservationFilterChainDecorator$ObservationFilter.doFilter(ObservationFilterChainDecorator.java:231) ~[spring-security-web-7.0.6.jar:7.0.6]
	at org.springframework.security.web.ObservationFilterChainDecorator$VirtualFilterChain.doFilter(ObservationFilterChainDecorator.java:141) ~[spring-security-web-7.0.6.jar:7.0.6]
	at org.springframework.web.filter.OncePerRequestFilter.doFilter(OncePerRequestFilter.java:101) ~[spring-web-7.0.8.jar:7.0.8]
	at org.springframework.security.web.ObservationFilterChainDecorator$ObservationFilter.wrapFilter(ObservationFilterChainDecorator.java:244) ~[spring-security-web-7.0.6.jar:7.0.6]
	at org.springframework.security.web.ObservationFilterChainDecorator$ObservationFilter.doFilter(ObservationFilterChainDecorator.java:231) ~[spring-security-web-7.0.6.jar:7.0.6]
	at org.springframework.security.web.ObservationFilterChainDecorator$VirtualFilterChain.doFilter(ObservationFilterChainDecorator.java:141) ~[spring-security-web-7.0.6.jar:7.0.6]
	at org.springframework.security.web.context.SecurityContextHolderFilter.doFilter(SecurityContextHolderFilter.java:82) ~[spring-security-web-7.0.6.jar:7.0.6]
	at org.springframework.security.web.context.SecurityContextHolderFilter.doFilter(SecurityContextHolderFilter.java:69) ~[spring-security-web-7.0.6.jar:7.0.6]
	at org.springframework.security.web.ObservationFilterChainDecorator$ObservationFilter.wrapFilter(ObservationFilterChainDecorator.java:244) ~[spring-security-web-7.0.6.jar:7.0.6]
	at org.springframework.security.web.ObservationFilterChainDecorator$ObservationFilter.doFilter(ObservationFilterChainDecorator.java:231) ~[spring-security-web-7.0.6.jar:7.0.6]
	at org.springframework.security.web.ObservationFilterChainDecorator$VirtualFilterChain.doFilter(ObservationFilterChainDecorator.java:141) ~[spring-security-web-7.0.6.jar:7.0.6]
	at org.springframework.web.filter.OncePerRequestFilter.doFilter(OncePerRequestFilter.java:101) ~[spring-web-7.0.8.jar:7.0.8]
	at org.springframework.security.web.ObservationFilterChainDecorator$ObservationFilter.wrapFilter(ObservationFilterChainDecorator.java:244) ~[spring-security-web-7.0.6.jar:7.0.6]
	at org.springframework.security.web.ObservationFilterChainDecorator$ObservationFilter.doFilter(ObservationFilterChainDecorator.java:231) ~[spring-security-web-7.0.6.jar:7.0.6]
	at org.springframework.security.web.ObservationFilterChainDecorator$VirtualFilterChain.doFilter(ObservationFilterChainDecorator.java:141) ~[spring-security-web-7.0.6.jar:7.0.6]
	at org.springframework.web.filter.OncePerRequestFilter.doFilter(OncePerRequestFilter.java:101) ~[spring-web-7.0.8.jar:7.0.8]
	at org.springframework.security.web.ObservationFilterChainDecorator$ObservationFilter.wrapFilter(ObservationFilterChainDecorator.java:244) ~[spring-security-web-7.0.6.jar:7.0.6]
	at org.springframework.security.web.ObservationFilterChainDecorator$AroundFilterObservation$SimpleAroundFilterObservation.lambda$wrap$0(ObservationFilterChainDecorator.java:337) ~[spring-security-web-7.0.6.jar:7.0.6]
	at org.springframework.security.web.ObservationFilterChainDecorator$ObservationFilter.doFilter(ObservationFilterChainDecorator.java:228) ~[spring-security-web-7.0.6.jar:7.0.6]
	at org.springframework.security.web.ObservationFilterChainDecorator$VirtualFilterChain.doFilter(ObservationFilterChainDecorator.java:141) ~[spring-security-web-7.0.6.jar:7.0.6]
	at org.springframework.security.web.FilterChainProxy.doFilterInternal(FilterChainProxy.java:237) ~[spring-security-web-7.0.6.jar:7.0.6]
	at org.springframework.security.web.FilterChainProxy.doFilter(FilterChainProxy.java:195) ~[spring-security-web-7.0.6.jar:7.0.6]
	at org.springframework.web.filter.CompositeFilter$VirtualFilterChain.doFilter(CompositeFilter.java:113) ~[spring-web-7.0.8.jar:7.0.8]
	at org.springframework.web.filter.ServletRequestPathFilter.doFilter(ServletRequestPathFilter.java:52) ~[spring-web-7.0.8.jar:7.0.8]
	at org.springframework.web.filter.CompositeFilter$VirtualFilterChain.doFilter(CompositeFilter.java:113) ~[spring-web-7.0.8.jar:7.0.8]
	at org.springframework.web.filter.CompositeFilter.doFilter(CompositeFilter.java:74) ~[spring-web-7.0.8.jar:7.0.8]
	at org.springframework.security.config.annotation.web.configuration.WebSecurityConfiguration$CompositeFilterChainProxy.doFilter(WebSecurityConfiguration.java:317) ~[spring-security-config-7.0.6.jar:7.0.6]
	at org.springframework.web.filter.DelegatingFilterProxy.invokeDelegate(DelegatingFilterProxy.java:355) ~[spring-web-7.0.8.jar:7.0.8]
	at org.springframework.web.filter.DelegatingFilterProxy.doFilter(DelegatingFilterProxy.java:272) ~[spring-web-7.0.8.jar:7.0.8]
	at org.apache.catalina.core.ApplicationFilterChain.doFilter(ApplicationFilterChain.java:107) ~[tomcat-embed-core-11.0.22.jar:11.0.22]
	at org.springframework.web.filter.RequestContextFilter.doFilterInternal(RequestContextFilter.java:100) ~[spring-web-7.0.8.jar:7.0.8]
	at org.springframework.web.filter.OncePerRequestFilter.doFilter(OncePerRequestFilter.java:116) ~[spring-web-7.0.8.jar:7.0.8]
	at org.apache.catalina.core.ApplicationFilterChain.doFilter(ApplicationFilterChain.java:107) ~[tomcat-embed-core-11.0.22.jar:11.0.22]
	at org.springframework.web.filter.OncePerRequestFilter.doFilter(OncePerRequestFilter.java:101) ~[spring-web-7.0.8.jar:7.0.8]
	at org.apache.catalina.core.ApplicationFilterChain.doFilter(ApplicationFilterChain.java:107) ~[tomcat-embed-core-11.0.22.jar:11.0.22]
	at org.springframework.web.filter.OncePerRequestFilter.doFilter(OncePerRequestFilter.java:101) ~[spring-web-7.0.8.jar:7.0.8]
	at org.apache.catalina.core.ApplicationFilterChain.doFilter(ApplicationFilterChain.java:107) ~[tomcat-embed-core-11.0.22.jar:11.0.22]
	at org.apache.catalina.core.ApplicationDispatcher.invoke(ApplicationDispatcher.java:513) ~[tomcat-embed-core-11.0.22.jar:11.0.22]
	at org.apache.catalina.core.ApplicationDispatcher.include(ApplicationDispatcher.java:411) ~[tomcat-embed-core-11.0.22.jar:11.0.22]
	at org.apache.catalina.core.StandardHostValve.custom(StandardHostValve.java:356) ~[tomcat-embed-core-11.0.22.jar:11.0.22]
	at org.apache.catalina.core.StandardHostValve.status(StandardHostValve.java:206) ~[tomcat-embed-core-11.0.22.jar:11.0.22]
	at org.apache.catalina.core.StandardHostValve.throwable(StandardHostValve.java:282) ~[tomcat-embed-core-11.0.22.jar:11.0.22]
	at org.apache.catalina.core.StandardHostValve.invoke(StandardHostValve.java:147) ~[tomcat-embed-core-11.0.22.jar:11.0.22]
	at org.apache.catalina.valves.ErrorReportValve.invoke(ErrorReportValve.java:83) ~[tomcat-embed-core-11.0.22.jar:11.0.22]
	at org.apache.catalina.core.StandardEngineValve.invoke(StandardEngineValve.java:72) ~[tomcat-embed-core-11.0.22.jar:11.0.22]
	at org.apache.catalina.connector.CoyoteAdapter.asyncDispatch(CoyoteAdapter.java:238) ~[tomcat-embed-core-11.0.22.jar:11.0.22]
	at org.apache.coyote.AbstractProcessor.dispatch(AbstractProcessor.java:242) ~[tomcat-embed-core-11.0.22.jar:11.0.22]
	at org.apache.coyote.AbstractProcessorLight.process(AbstractProcessorLight.java:57) ~[tomcat-embed-core-11.0.22.jar:11.0.22]
	at org.apache.coyote.AbstractProtocol$ConnectionHandler.process(AbstractProtocol.java:1272) ~[tomcat-embed-core-11.0.22.jar:11.0.22]
	at org.apache.tomcat.util.net.NioEndpoint$SocketProcessor.doRun(NioEndpoint.java:1801) ~[tomcat-embed-core-11.0.22.jar:11.0.22]
	at org.apache.tomcat.util.net.SocketProcessorBase.run(SocketProcessorBase.java:52) ~[tomcat-embed-core-11.0.22.jar:11.0.22]
	at org.apache.tomcat.util.threads.ThreadPoolExecutor.runWorker(ThreadPoolExecutor.java:946) ~[tomcat-embed-core-11.0.22.jar:11.0.22]
	at org.apache.tomcat.util.threads.ThreadPoolExecutor$Worker.run(ThreadPoolExecutor.java:480) ~[tomcat-embed-core-11.0.22.jar:11.0.22]
	at org.apache.tomcat.util.threads.TaskThread$WrappingRunnable.run(TaskThread.java:57) ~[tomcat-embed-core-11.0.22.jar:11.0.22]
	at java.base/java.lang.Thread.run(Thread.java:1583) ~[na:na]
Caused by: org.springframework.security.authorization.AuthorizationDeniedException: Access Denied
	at org.springframework.security.web.access.intercept.AuthorizationFilter.doFilter(AuthorizationFilter.java:99) ~[spring-security-web-7.0.6.jar:7.0.6]
	at org.springframework.security.web.ObservationFilterChainDecorator$ObservationFilter.wrapFilter(ObservationFilterChainDecorator.java:244) ~[spring-security-web-7.0.6.jar:7.0.6]
	at org.springframework.security.web.ObservationFilterChainDecorator$ObservationFilter.doFilter(ObservationFilterChainDecorator.java:231) ~[spring-security-web-7.0.6.jar:7.0.6]
	at org.springframework.security.web.ObservationFilterChainDecorator$VirtualFilterChain.doFilter(ObservationFilterChainDecorator.java:141) ~[spring-security-web-7.0.6.jar:7.0.6]
	at org.springframework.security.web.access.ExceptionTranslationFilter.doFilter(ExceptionTranslationFilter.java:126) ~[spring-security-web-7.0.6.jar:7.0.6]
	... 91 common frames omitted

2026-08-21T21:56:07.694+09:00  INFO 3764 --- [Pokade] [io-8080-exec-10] c.p.d.n.store.SseEmitterStore            : [SSE] Emitter 제거 userId=3, 남은 연결 수=1
2026-08-21T21:56:09.477+09:00 DEBUG 3764 --- [Pokade] [nio-8080-exec-4] org.hibernate.SQL                        : 
    select
        u1_0.id,
        u1_0.created_at,
        u1_0.deleted_at,
        u1_0.email,
        u1_0.nickname,
        u1_0.nickname_changed_at,
        u1_0.password,
        u1_0.point_balance,
        u1_0.profile_image_url,
        u1_0.provider,
        u1_0.role,
        u1_0.status,
        u1_0.updated_at,
        u1_0.version,
        u1_0.withdrawal_requested_at 
    from
        users u1_0 
    where
        u1_0.id=?
Hibernate: 
    select
        u1_0.id,
        u1_0.created_at,
        u1_0.deleted_at,
        u1_0.email,
        u1_0.nickname,
        u1_0.nickname_changed_at,
        u1_0.password,
        u1_0.point_balance,
        u1_0.profile_image_url,
        u1_0.provider,
        u1_0.role,
        u1_0.status,
        u1_0.updated_at,
        u1_0.version,
        u1_0.withdrawal_requested_at 
    from
        users u1_0 
    where
        u1_0.id=?
2026-08-21T21:56:09.477+09:00 TRACE 3764 --- [Pokade] [nio-8080-exec-4] org.hibernate.orm.jdbc.bind              : binding parameter (1:BIGINT) <- [3]
2026-08-21T21:56:09.493+09:00 DEBUG 3764 --- [Pokade] [nio-8080-exec-5] org.hibernate.SQL                        : 
    select
        n1_0.id,
        n1_0.card_id,
        n1_0.created_at,
        n1_0.is_read,
        n1_0.message,
        n1_0.type,
        n1_0.user_id 
    from
        notifications n1_0 
    where
        n1_0.user_id=? 
    order by
        n1_0.created_at desc 
    fetch
        first ? rows only
Hibernate: 
    select
        n1_0.id,
        n1_0.card_id,
        n1_0.created_at,
        n1_0.is_read,
        n1_0.message,
        n1_0.type,
        n1_0.user_id 
    from
        notifications n1_0 
    where
        n1_0.user_id=? 
    order by
        n1_0.created_at desc 
    fetch
        first ? rows only
2026-08-21T21:56:09.493+09:00 TRACE 3764 --- [Pokade] [nio-8080-exec-5] org.hibernate.orm.jdbc.bind              : binding parameter (1:BIGINT) <- [3]
2026-08-21T21:56:09.493+09:00 TRACE 3764 --- [Pokade] [nio-8080-exec-5] org.hibernate.orm.jdbc.bind              : binding parameter (2:INTEGER) <- [20]
2026-08-21T21:56:11.025+09:00 DEBUG 3764 --- [Pokade] [l-1:housekeeper] com.zaxxer.hikari.pool.HikariPool        : HikariPool-1 - Pool stats (total=10/10, idle=10/10, active=0, waiting=0)
2026-08-21T21:56:11.025+09:00 DEBUG 3764 --- [Pokade] [l-1:housekeeper] com.zaxxer.hikari.pool.HikariPool        : HikariPool-1 - Fill pool skipped, pool has sufficient level or currently being filled.
2026-08-21T21:56:17.622+09:00 DEBUG 3764 --- [Pokade] [l-1:housekeeper] com.zaxxer.hikari.pool.HikariPool        : HikariPool-1 - keepalive: connection org.postgresql.jdbc.PgConnection@1f51eeb0 is alive
2026-08-21T21:56:34.171+09:00 DEBUG 3764 --- [Pokade] [l-1:housekeeper] com.zaxxer.hikari.pool.HikariPool        : HikariPool-1 - keepalive: connection org.postgresql.jdbc.PgConnection@31fae751 is alive
2026-08-21T21:56:35.320+09:00 DEBUG 3764 --- [Pokade] [l-1:housekeeper] com.zaxxer.hikari.pool.HikariPool        : HikariPool-1 - keepalive: connection org.postgresql.jdbc.PgConnection@3e89f54f is alive
2026-08-21T21:56:40.482+09:00 DEBUG 3764 --- [Pokade] [nio-8080-exec-9] org.hibernate.SQL                        : 
    select
        n1_0.id,
        n1_0.card_id,
        n1_0.created_at,
        n1_0.is_read,
        n1_0.message,
        n1_0.type,
        n1_0.user_id 
    from
        notifications n1_0 
    where
        n1_0.user_id=? 
    order by
        n1_0.created_at desc 
    fetch
        first ? rows only
Hibernate: 
    select
        n1_0.id,
        n1_0.card_id,
        n1_0.created_at,
        n1_0.is_read,
        n1_0.message,
        n1_0.type,
        n1_0.user_id 
    from
        notifications n1_0 
    where
        n1_0.user_id=? 
    order by
        n1_0.created_at desc 
    fetch
        first ? rows only
2026-08-21T21:56:40.482+09:00 TRACE 3764 --- [Pokade] [nio-8080-exec-9] org.hibernate.orm.jdbc.bind              : binding parameter (1:BIGINT) <- [3]
2026-08-21T21:56:40.482+09:00 TRACE 3764 --- [Pokade] [nio-8080-exec-9] org.hibernate.orm.jdbc.bind              : binding parameter (2:INTEGER) <- [20]
2026-08-21T21:56:41.028+09:00 DEBUG 3764 --- [Pokade] [l-1:housekeeper] com.zaxxer.hikari.pool.HikariPool        : HikariPool-1 - Pool stats (total=10/10, idle=10/10, active=0, waiting=0)
2026-08-21T21:56:41.028+09:00 DEBUG 3764 --- [Pokade] [l-1:housekeeper] com.zaxxer.hikari.pool.HikariPool        : HikariPool-1 - Fill pool skipped, pool has sufficient level or currently being filled.
2026-08-21T21:56:47.020+09:00 DEBUG 3764 --- [Pokade] [l-1:housekeeper] com.zaxxer.hikari.pool.HikariPool        : HikariPool-1 - keepalive: connection org.postgresql.jdbc.PgConnection@73aada95 is alive
2026-08-21T21:56:47.762+09:00 DEBUG 3764 --- [Pokade] [l-1:housekeeper] com.zaxxer.hikari.pool.HikariPool        : HikariPool-1 - keepalive: connection org.postgresql.jdbc.PgConnection@1182143 is alive
2026-08-21T21:56:58.700+09:00 DEBUG 3764 --- [Pokade] [l-1:housekeeper] com.zaxxer.hikari.pool.HikariPool        : HikariPool-1 - keepalive: connection org.postgresql.jdbc.PgConnection@69efd244 is alive
2026-08-21T21:56:59.618+09:00 DEBUG 3764 --- [Pokade] [l-1:housekeeper] com.zaxxer.hikari.pool.HikariPool        : HikariPool-1 - keepalive: connection org.postgresql.jdbc.PgConnection@544ee95 is alive
2026-08-21T21:57:10.479+09:00 DEBUG 3764 --- [Pokade] [io-8080-exec-10] org.hibernate.SQL                        : 
    select
        n1_0.id,
        n1_0.card_id,
        n1_0.created_at,
        n1_0.is_read,
        n1_0.message,
        n1_0.type,
        n1_0.user_id 
    from
        notifications n1_0 
    where
        n1_0.user_id=? 
    order by
        n1_0.created_at desc 
    fetch
        first ? rows only
Hibernate: 
    select
        n1_0.id,
        n1_0.card_id,
        n1_0.created_at,
        n1_0.is_read,
        n1_0.message,
        n1_0.type,
        n1_0.user_id 
    from
        notifications n1_0 
    where
        n1_0.user_id=? 
    order by
        n1_0.created_at desc 
    fetch
        first ? rows only
2026-08-21T21:57:10.479+09:00 TRACE 3764 --- [Pokade] [io-8080-exec-10] org.hibernate.orm.jdbc.bind              : binding parameter (1:BIGINT) <- [3]
2026-08-21T21:57:10.480+09:00 TRACE 3764 --- [Pokade] [io-8080-exec-10] org.hibernate.orm.jdbc.bind              : binding parameter (2:INTEGER) <- [20]
2026-08-21T21:57:11.029+09:00 DEBUG 3764 --- [Pokade] [l-1:housekeeper] com.zaxxer.hikari.pool.HikariPool        : HikariPool-1 - Pool stats (total=10/10, idle=10/10, active=0, waiting=0)
2026-08-21T21:57:11.029+09:00 DEBUG 3764 --- [Pokade] [l-1:housekeeper] com.zaxxer.hikari.pool.HikariPool        : HikariPool-1 - Fill pool skipped, pool has sufficient level or currently being filled.
2026-08-21T21:57:20.595+09:00 DEBUG 3764 --- [Pokade] [l-1:housekeeper] com.zaxxer.hikari.pool.HikariPool        : HikariPool-1 - keepalive: connection org.postgresql.jdbc.PgConnection@2b587921 is alive
2026-08-21T21:57:32.846+09:00 DEBUG 3764 --- [Pokade] [l-1:housekeeper] com.zaxxer.hikari.pool.HikariPool        : HikariPool-1 - keepalive: connection org.postgresql.jdbc.PgConnection@74ebe70f is alive
2026-08-21T21:57:40.476+09:00 DEBUG 3764 --- [Pokade] [nio-8080-exec-3] org.hibernate.SQL                        : 
    select
        n1_0.id,
        n1_0.card_id,
        n1_0.created_at,
        n1_0.is_read,
        n1_0.message,
        n1_0.type,
        n1_0.user_id 
    from
        notifications n1_0 
    where
        n1_0.user_id=? 
    order by
        n1_0.created_at desc 
    fetch
        first ? rows only
Hibernate: 
    select
        n1_0.id,
        n1_0.card_id,
        n1_0.created_at,
        n1_0.is_read,
        n1_0.message,
        n1_0.type,
        n1_0.user_id 
    from
        notifications n1_0 
    where
        n1_0.user_id=? 
    order by
        n1_0.created_at desc 
    fetch
        first ? rows only
2026-08-21T21:57:40.476+09:00 TRACE 3764 --- [Pokade] [nio-8080-exec-3] org.hibernate.orm.jdbc.bind              : binding parameter (1:BIGINT) <- [3]
2026-08-21T21:57:40.476+09:00 TRACE 3764 --- [Pokade] [nio-8080-exec-3] org.hibernate.orm.jdbc.bind              : binding parameter (2:INTEGER) <- [20]
2026-08-21T21:57:41.040+09:00 DEBUG 3764 --- [Pokade] [l-1:housekeeper] com.zaxxer.hikari.pool.HikariPool        : HikariPool-1 - Pool stats (total=10/10, idle=10/10, active=0, waiting=0)
2026-08-21T21:57:41.040+09:00 DEBUG 3764 --- [Pokade] [l-1:housekeeper] com.zaxxer.hikari.pool.HikariPool        : HikariPool-1 - Fill pool skipped, pool has sufficient level or currently being filled.
2026-08-21T21:57:58.457+09:00 DEBUG 3764 --- [Pokade] [l-1:housekeeper] com.zaxxer.hikari.pool.HikariPool        : HikariPool-1 - keepalive: connection org.postgresql.jdbc.PgConnection@fe4eb4b is alive
2026-08-21T21:58:04.244+09:00 DEBUG 3764 --- [Pokade] [l-1:housekeeper] com.zaxxer.hikari.pool.HikariPool        : HikariPool-1 - keepalive: connection org.postgresql.jdbc.PgConnection@1f51eeb0 is alive
2026-08-21T21:58:10.471+09:00 DEBUG 3764 --- [Pokade] [nio-8080-exec-2] org.hibernate.SQL                        : 
    select
        n1_0.id,
        n1_0.card_id,
        n1_0.created_at,
        n1_0.is_read,
        n1_0.message,
        n1_0.type,
        n1_0.user_id 
    from
        notifications n1_0 
    where
        n1_0.user_id=? 
    order by
        n1_0.created_at desc 
    fetch
        first ? rows only
Hibernate: 
    select
        n1_0.id,
        n1_0.card_id,
        n1_0.created_at,
        n1_0.is_read,
        n1_0.message,
        n1_0.type,
        n1_0.user_id 
    from
        notifications n1_0 
    where
        n1_0.user_id=? 
    order by
        n1_0.created_at desc 
    fetch
        first ? rows only
2026-08-21T21:58:10.471+09:00 TRACE 3764 --- [Pokade] [nio-8080-exec-2] org.hibernate.orm.jdbc.bind              : binding parameter (1:BIGINT) <- [3]
2026-08-21T21:58:10.471+09:00 TRACE 3764 --- [Pokade] [nio-8080-exec-2] org.hibernate.orm.jdbc.bind              : binding parameter (2:INTEGER) <- [20]
2026-08-21T21:58:11.051+09:00 DEBUG 3764 --- [Pokade] [l-1:housekeeper] com.zaxxer.hikari.pool.HikariPool        : HikariPool-1 - Pool stats (total=10/10, idle=10/10, active=0, waiting=0)
2026-08-21T21:58:11.051+09:00 DEBUG 3764 --- [Pokade] [l-1:housekeeper] com.zaxxer.hikari.pool.HikariPool        : HikariPool-1 - Fill pool skipped, pool has sufficient level or currently being filled.
2026-08-21T21:58:22.832+09:00 DEBUG 3764 --- [Pokade] [l-1:housekeeper] com.zaxxer.hikari.pool.HikariPool        : HikariPool-1 - keepalive: connection org.postgresql.jdbc.PgConnection@3e89f54f is alive
2026-08-21T21:58:23.872+09:00 DEBUG 3764 --- [Pokade] [l-1:housekeeper] com.zaxxer.hikari.pool.HikariPool        : HikariPool-1 - keepalive: connection org.postgresql.jdbc.PgConnection@31fae751 is alive
2026-08-21T21:58:27.888+09:00 DEBUG 3764 --- [Pokade] [l-1:housekeeper] com.zaxxer.hikari.pool.HikariPool        : HikariPool-1 - keepalive: connection org.postgresql.jdbc.PgConnection@1182143 is alive
2026-08-21T21:58:33.798+09:00 DEBUG 3764 --- [Pokade] [l-1:housekeeper] com.zaxxer.hikari.pool.HikariPool        : HikariPool-1 - keepalive: connection org.postgresql.jdbc.PgConnection@73aada95 is alive
2026-08-21T21:58:38.378+09:00 DEBUG 3764 --- [Pokade] [l-1:housekeeper] com.zaxxer.hikari.pool.HikariPool        : HikariPool-1 - keepalive: connection org.postgresql.jdbc.PgConnection@69efd244 is alive
2026-08-21T21:58:40.474+09:00 DEBUG 3764 --- [Pokade] [nio-8080-exec-9] org.hibernate.SQL                        : 
    select
        n1_0.id,
        n1_0.card_id,
        n1_0.created_at,
        n1_0.is_read,
        n1_0.message,
        n1_0.type,
        n1_0.user_id 
    from
        notifications n1_0 
    where
        n1_0.user_id=? 
    order by
        n1_0.created_at desc 
    fetch
        first ? rows only
Hibernate: 
    select
        n1_0.id,
        n1_0.card_id,
        n1_0.created_at,
        n1_0.is_read,
        n1_0.message,
        n1_0.type,
        n1_0.user_id 
    from
        notifications n1_0 
    where
        n1_0.user_id=? 
    order by
        n1_0.created_at desc 
    fetch
        first ? rows only
2026-08-21T21:58:40.475+09:00 TRACE 3764 --- [Pokade] [nio-8080-exec-9] org.hibernate.orm.jdbc.bind              : binding parameter (1:BIGINT) <- [3]
2026-08-21T21:58:40.475+09:00 TRACE 3764 --- [Pokade] [nio-8080-exec-9] org.hibernate.orm.jdbc.bind              : binding parameter (2:INTEGER) <- [20]
2026-08-21T21:58:41.052+09:00 DEBUG 3764 --- [Pokade] [l-1:housekeeper] com.zaxxer.hikari.pool.HikariPool        : HikariPool-1 - Pool stats (total=10/10, idle=10/10, active=0, waiting=0)
2026-08-21T21:58:41.052+09:00 DEBUG 3764 --- [Pokade] [l-1:housekeeper] com.zaxxer.hikari.pool.HikariPool        : HikariPool-1 - Fill pool skipped, pool has sufficient level or currently being filled.
2026-08-21T21:58:56.831+09:00 DEBUG 3764 --- [Pokade] [l-1:housekeeper] com.zaxxer.hikari.pool.HikariPool        : HikariPool-1 - keepalive: connection org.postgresql.jdbc.PgConnection@544ee95 is alive
2026-08-21T21:59:00.126+09:00 DEBUG 3764 --- [Pokade] [l-1:housekeeper] com.zaxxer.hikari.pool.HikariPool        : HikariPool-1 - keepalive: connection org.postgresql.jdbc.PgConnection@2b587921 is alive
2026-08-21T21:59:10.465+09:00 DEBUG 3764 --- [Pokade] [io-8080-exec-10] org.hibernate.SQL                        : 
    select
        n1_0.id,
        n1_0.card_id,
        n1_0.created_at,
        n1_0.is_read,
        n1_0.message,
        n1_0.type,
        n1_0.user_id 
    from
        notifications n1_0 
    where
        n1_0.user_id=? 
    order by
        n1_0.created_at desc 
    fetch
        first ? rows only
Hibernate: 
    select
        n1_0.id,
        n1_0.card_id,
        n1_0.created_at,
        n1_0.is_read,
        n1_0.message,
        n1_0.type,
        n1_0.user_id 
    from
        notifications n1_0 
    where
        n1_0.user_id=? 
    order by
        n1_0.created_at desc 
    fetch
        first ? rows only
2026-08-21T21:59:10.465+09:00 TRACE 3764 --- [Pokade] [io-8080-exec-10] org.hibernate.orm.jdbc.bind              : binding parameter (1:BIGINT) <- [3]
2026-08-21T21:59:10.465+09:00 TRACE 3764 --- [Pokade] [io-8080-exec-10] org.hibernate.orm.jdbc.bind              : binding parameter (2:INTEGER) <- [20]
2026-08-21T21:59:11.064+09:00 DEBUG 3764 --- [Pokade] [l-1:housekeeper] com.zaxxer.hikari.pool.HikariPool        : HikariPool-1 - Pool stats (total=10/10, idle=10/10, active=0, waiting=0)
2026-08-21T21:59:11.064+09:00 DEBUG 3764 --- [Pokade] [l-1:housekeeper] com.zaxxer.hikari.pool.HikariPool        : HikariPool-1 - Fill pool skipped, pool has sufficient level or currently being filled.
2026-08-21T21:59:17.345+09:00 DEBUG 3764 --- [Pokade] [l-1:housekeeper] com.zaxxer.hikari.pool.HikariPool        : HikariPool-1 - keepalive: connection org.postgresql.jdbc.PgConnection@74ebe70f is alive
2026-08-21T21:59:41.077+09:00 DEBUG 3764 --- [Pokade] [l-1:housekeeper] com.zaxxer.hikari.pool.HikariPool        : HikariPool-1 - Pool stats (total=10/10, idle=10/10, active=0, waiting=0)
2026-08-21T21:59:41.077+09:00 DEBUG 3764 --- [Pokade] [l-1:housekeeper] com.zaxxer.hikari.pool.HikariPool        : HikariPool-1 - Fill pool skipped, pool has sufficient level or currently being filled.
2026-08-21T21:59:41.477+09:00 DEBUG 3764 --- [Pokade] [nio-8080-exec-3] org.hibernate.SQL                        : 
    select
        n1_0.id,
        n1_0.card_id,
        n1_0.created_at,
        n1_0.is_read,
        n1_0.message,
        n1_0.type,
        n1_0.user_id 
    from
        notifications n1_0 
    where
        n1_0.user_id=? 
    order by
        n1_0.created_at desc 
    fetch
        first ? rows only
Hibernate: 
    select
        n1_0.id,
        n1_0.card_id,
        n1_0.created_at,
        n1_0.is_read,
        n1_0.message,
        n1_0.type,
        n1_0.user_id 
    from
        notifications n1_0 
    where
        n1_0.user_id=? 
    order by
        n1_0.created_at desc 
    fetch
        first ? rows only
2026-08-21T21:59:41.477+09:00 TRACE 3764 --- [Pokade] [nio-8080-exec-3] org.hibernate.orm.jdbc.bind              : binding parameter (1:BIGINT) <- [3]
2026-08-21T21:59:41.477+09:00 TRACE 3764 --- [Pokade] [nio-8080-exec-3] org.hibernate.orm.jdbc.bind              : binding parameter (2:INTEGER) <- [20]
2026-08-21T21:59:49.872+09:00 DEBUG 3764 --- [Pokade] [l-1:housekeeper] com.zaxxer.hikari.pool.HikariPool        : HikariPool-1 - keepalive: connection org.postgresql.jdbc.PgConnection@fe4eb4b is alive
2026-08-21T21:59:50.868+09:00 DEBUG 3764 --- [Pokade] [l-1:housekeeper] com.zaxxer.hikari.pool.HikariPool        : HikariPool-1 - keepalive: connection org.postgresql.jdbc.PgConnection@1f51eeb0 is alive
2026-08-21T22:00:00.017+09:00 DEBUG 3764 --- [Pokade] [   scheduling-1] org.hibernate.SQL                        : 
    select
        w1_0.id,
        w1_0.card_id,
        w1_0.created_at,
        w1_0.is_notified,
        w1_0.listing_notified,
        w1_0.target_buy_price,
        w1_0.target_sell_price,
        w1_0.user_id,
        w1_0.variant_id 
    from
        watchlist w1_0 
    where
        w1_0.listing_notified=true
Hibernate: 
    select
        w1_0.id,
        w1_0.card_id,
        w1_0.created_at,
        w1_0.is_notified,
        w1_0.listing_notified,
        w1_0.target_buy_price,
        w1_0.target_sell_price,
        w1_0.user_id,
        w1_0.variant_id 
    from
        watchlist w1_0 
    where
        w1_0.listing_notified=true
2026-08-21T22:00:08.016+09:00 DEBUG 3764 --- [Pokade] [l-1:housekeeper] com.zaxxer.hikari.pool.HikariPool        : HikariPool-1 - keepalive: connection org.postgresql.jdbc.PgConnection@1182143 is alive
2026-08-21T22:00:10.341+09:00 DEBUG 3764 --- [Pokade] [l-1:housekeeper] com.zaxxer.hikari.pool.HikariPool        : HikariPool-1 - keepalive: connection org.postgresql.jdbc.PgConnection@3e89f54f is alive
2026-08-21T22:00:11.083+09:00 DEBUG 3764 --- [Pokade] [l-1:housekeeper] com.zaxxer.hikari.pool.HikariPool        : HikariPool-1 - Pool stats (total=10/10, idle=10/10, active=0, waiting=0)
2026-08-21T22:00:11.083+09:00 DEBUG 3764 --- [Pokade] [l-1:housekeeper] com.zaxxer.hikari.pool.HikariPool        : HikariPool-1 - Fill pool skipped, pool has sufficient level or currently being filled.
2026-08-21T22:00:13.574+09:00 DEBUG 3764 --- [Pokade] [l-1:housekeeper] com.zaxxer.hikari.pool.HikariPool        : HikariPool-1 - keepalive: connection org.postgresql.jdbc.PgConnection@31fae751 is alive
2026-08-21T22:00:18.063+09:00 DEBUG 3764 --- [Pokade] [l-1:housekeeper] com.zaxxer.hikari.pool.HikariPool        : HikariPool-1 - keepalive: connection org.postgresql.jdbc.PgConnection@69efd244 is alive
2026-08-21T22:00:20.577+09:00 DEBUG 3764 --- [Pokade] [l-1:housekeeper] com.zaxxer.hikari.pool.HikariPool        : HikariPool-1 - keepalive: connection org.postgresql.jdbc.PgConnection@73aada95 is alive
2026-08-21T22:00:24.078+09:00 DEBUG 3764 --- [Pokade] [nnection-closer] com.zaxxer.hikari.pool.PoolBase          : HikariPool-1 - Closing connection org.postgresql.jdbc.PgConnection@31fae751: (connection has passed maxLifetime)
2026-08-21T22:00:24.079+09:00 DEBUG 3764 --- [Pokade] [onnection-adder] com.zaxxer.hikari.pool.PoolBase          : HikariPool-1 - Attempting to create/setup new connection (0e6e87fa-7645-4d33-a393-12d7cc167cb9)
2026-08-21T22:00:24.099+09:00 DEBUG 3764 --- [Pokade] [onnection-adder] com.zaxxer.hikari.pool.PoolBase          : HikariPool-1 - Established new connection (0e6e87fa-7645-4d33-a393-12d7cc167cb9)
2026-08-21T22:00:24.099+09:00 DEBUG 3764 --- [Pokade] [onnection-adder] com.zaxxer.hikari.pool.HikariPool        : HikariPool-1 - Added connection org.postgresql.jdbc.PgConnection@2da46533
2026-08-21T22:00:39.661+09:00 DEBUG 3764 --- [Pokade] [l-1:housekeeper] com.zaxxer.hikari.pool.HikariPool        : HikariPool-1 - keepalive: connection org.postgresql.jdbc.PgConnection@2b587921 is alive
2026-08-21T22:00:41.094+09:00 DEBUG 3764 --- [Pokade] [l-1:housekeeper] com.zaxxer.hikari.pool.HikariPool        : HikariPool-1 - Pool stats (total=10/10, idle=10/10, active=0, waiting=0)
2026-08-21T22:00:41.094+09:00 DEBUG 3764 --- [Pokade] [l-1:housekeeper] com.zaxxer.hikari.pool.HikariPool        : HikariPool-1 - Fill pool skipped, pool has sufficient level or currently being filled.
2026-08-21T22:00:41.477+09:00 DEBUG 3764 --- [Pokade] [nio-8080-exec-2] org.hibernate.SQL                        : 
    select
        n1_0.id,
        n1_0.card_id,
        n1_0.created_at,
        n1_0.is_read,
        n1_0.message,
        n1_0.type,
        n1_0.user_id 
    from
        notifications n1_0 
    where
        n1_0.user_id=? 
    order by
        n1_0.created_at desc 
    fetch
        first ? rows only
Hibernate: 
    select
        n1_0.id,
        n1_0.card_id,
        n1_0.created_at,
        n1_0.is_read,
        n1_0.message,
        n1_0.type,
        n1_0.user_id 
    from
        notifications n1_0 
    where
        n1_0.user_id=? 
    order by
        n1_0.created_at desc 
    fetch
        first ? rows only
2026-08-21T22:00:41.477+09:00 TRACE 3764 --- [Pokade] [nio-8080-exec-2] org.hibernate.orm.jdbc.bind              : binding parameter (1:BIGINT) <- [3]
2026-08-21T22:00:41.477+09:00 TRACE 3764 --- [Pokade] [nio-8080-exec-2] org.hibernate.orm.jdbc.bind              : binding parameter (2:INTEGER) <- [20]
2026-08-21T22:00:54.043+09:00 DEBUG 3764 --- [Pokade] [l-1:housekeeper] com.zaxxer.hikari.pool.HikariPool        : HikariPool-1 - keepalive: connection org.postgresql.jdbc.PgConnection@544ee95 is alive
2026-08-21T22:01:01.832+09:00 DEBUG 3764 --- [Pokade] [l-1:housekeeper] com.zaxxer.hikari.pool.HikariPool        : HikariPool-1 - keepalive: connection org.postgresql.jdbc.PgConnection@74ebe70f is alive
2026-08-21T22:01:10.482+09:00  INFO 3764 --- [Pokade] [nio-8080-exec-5] c.p.d.n.store.SseEmitterStore            : [SSE] Emitter 등록 userId=3, 현재 연결 수=2
2026-08-21T22:01:11.096+09:00 DEBUG 3764 --- [Pokade] [l-1:housekeeper] com.zaxxer.hikari.pool.HikariPool        : HikariPool-1 - Pool stats (total=10/10, idle=10/10, active=0, waiting=0)
2026-08-21T22:01:11.096+09:00 DEBUG 3764 --- [Pokade] [l-1:housekeeper] com.zaxxer.hikari.pool.HikariPool        : HikariPool-1 - Fill pool skipped, pool has sufficient level or currently being filled.
2026-08-21T22:01:37.488+09:00 DEBUG 3764 --- [Pokade] [l-1:housekeeper] com.zaxxer.hikari.pool.HikariPool        : HikariPool-1 - keepalive: connection org.postgresql.jdbc.PgConnection@1f51eeb0 is alive
2026-08-21T22:01:38.605+09:00 DEBUG 3764 --- [Pokade] [nnection-closer] com.zaxxer.hikari.pool.PoolBase          : HikariPool-1 - Closing connection org.postgresql.jdbc.PgConnection@2b587921: (connection has passed maxLifetime)
2026-08-21T22:01:38.607+09:00 DEBUG 3764 --- [Pokade] [onnection-adder] com.zaxxer.hikari.pool.PoolBase          : HikariPool-1 - Attempting to create/setup new connection (432e15f2-1895-4009-8f00-20c2e4cab191)
2026-08-21T22:01:38.625+09:00 DEBUG 3764 --- [Pokade] [onnection-adder] com.zaxxer.hikari.pool.PoolBase          : HikariPool-1 - Established new connection (432e15f2-1895-4009-8f00-20c2e4cab191)
2026-08-21T22:01:38.625+09:00 DEBUG 3764 --- [Pokade] [onnection-adder] com.zaxxer.hikari.pool.HikariPool        : HikariPool-1 - Added connection org.postgresql.jdbc.PgConnection@118985ef
2026-08-21T22:01:41.097+09:00 DEBUG 3764 --- [Pokade] [l-1:housekeeper] com.zaxxer.hikari.pool.HikariPool        : HikariPool-1 - Pool stats (total=10/10, idle=10/10, active=0, waiting=0)
2026-08-21T22:01:41.097+09:00 DEBUG 3764 --- [Pokade] [l-1:housekeeper] com.zaxxer.hikari.pool.HikariPool        : HikariPool-1 - Fill pool skipped, pool has sufficient level or currently being filled.
2026-08-21T22:01:41.287+09:00 DEBUG 3764 --- [Pokade] [l-1:housekeeper] com.zaxxer.hikari.pool.HikariPool        : HikariPool-1 - keepalive: connection org.postgresql.jdbc.PgConnection@fe4eb4b is alive
2026-08-21T22:01:48.136+09:00 DEBUG 3764 --- [Pokade] [l-1:housekeeper] com.zaxxer.hikari.pool.HikariPool        : HikariPool-1 - keepalive: connection org.postgresql.jdbc.PgConnection@1182143 is alive
2026-08-21T22:01:57.749+09:00 DEBUG 3764 --- [Pokade] [l-1:housekeeper] com.zaxxer.hikari.pool.HikariPool        : HikariPool-1 - keepalive: connection org.postgresql.jdbc.PgConnection@69efd244 is alive
2026-08-21T22:01:57.857+09:00 DEBUG 3764 --- [Pokade] [l-1:housekeeper] com.zaxxer.hikari.pool.HikariPool        : HikariPool-1 - keepalive: connection org.postgresql.jdbc.PgConnection@3e89f54f is alive
2026-08-21T22:02:07.350+09:00 DEBUG 3764 --- [Pokade] [l-1:housekeeper] com.zaxxer.hikari.pool.HikariPool        : HikariPool-1 - keepalive: connection org.postgresql.jdbc.PgConnection@73aada95 is alive
2026-08-21T22:02:11.108+09:00 DEBUG 3764 --- [Pokade] [l-1:housekeeper] com.zaxxer.hikari.pool.HikariPool        : HikariPool-1 - Pool stats (total=10/10, idle=10/10, active=0, waiting=0)
2026-08-21T22:02:11.108+09:00 DEBUG 3764 --- [Pokade] [l-1:housekeeper] com.zaxxer.hikari.pool.HikariPool        : HikariPool-1 - Fill pool skipped, pool has sufficient level or currently being filled.
2026-08-21T22:02:14.409+09:00 DEBUG 3764 --- [Pokade] [l-1:housekeeper] com.zaxxer.hikari.pool.HikariPool        : HikariPool-1 - keepalive: connection org.postgresql.jdbc.PgConnection@2da46533 is alive
2026-08-21T22:02:41.117+09:00 DEBUG 3764 --- [Pokade] [l-1:housekeeper] com.zaxxer.hikari.pool.HikariPool        : HikariPool-1 - Pool stats (total=10/10, idle=10/10, active=0, waiting=0)
2026-08-21T22:02:41.117+09:00 DEBUG 3764 --- [Pokade] [l-1:housekeeper] com.zaxxer.hikari.pool.HikariPool        : HikariPool-1 - Fill pool skipped, pool has sufficient level or currently being filled.
2026-08-21T22:02:46.328+09:00 DEBUG 3764 --- [Pokade] [l-1:housekeeper] com.zaxxer.hikari.pool.HikariPool        : HikariPool-1 - keepalive: connection org.postgresql.jdbc.PgConnection@74ebe70f is alive
2026-08-21T22:02:51.264+09:00 DEBUG 3764 --- [Pokade] [l-1:housekeeper] com.zaxxer.hikari.pool.HikariPool        : HikariPool-1 - keepalive: connection org.postgresql.jdbc.PgConnection@544ee95 is alive
2026-08-21T22:03:11.127+09:00 DEBUG 3764 --- [Pokade] [l-1:housekeeper] com.zaxxer.hikari.pool.HikariPool        : HikariPool-1 - Pool stats (total=10/10, idle=10/10, active=0, waiting=0)
2026-08-21T22:03:11.127+09:00 DEBUG 3764 --- [Pokade] [l-1:housekeeper] com.zaxxer.hikari.pool.HikariPool        : HikariPool-1 - Fill pool skipped, pool has sufficient level or currently being filled.
2026-08-21T22:03:24.119+09:00 DEBUG 3764 --- [Pokade] [l-1:housekeeper] com.zaxxer.hikari.pool.HikariPool        : HikariPool-1 - keepalive: connection org.postgresql.jdbc.PgConnection@1f51eeb0 is alive
2026-08-21T22:03:26.373+09:00 DEBUG 3764 --- [Pokade] [l-1:housekeeper] com.zaxxer.hikari.pool.HikariPool        : HikariPool-1 - keepalive: connection org.postgresql.jdbc.PgConnection@118985ef is alive
2026-08-21T22:03:28.268+09:00 DEBUG 3764 --- [Pokade] [l-1:housekeeper] com.zaxxer.hikari.pool.HikariPool        : HikariPool-1 - keepalive: connection org.postgresql.jdbc.PgConnection@1182143 is alive
2026-08-21T22:03:32.691+09:00 DEBUG 3764 --- [Pokade] [l-1:housekeeper] com.zaxxer.hikari.pool.HikariPool        : HikariPool-1 - keepalive: connection org.postgresql.jdbc.PgConnection@fe4eb4b is alive
2026-08-21T22:03:37.422+09:00 DEBUG 3764 --- [Pokade] [l-1:housekeeper] com.zaxxer.hikari.pool.HikariPool        : HikariPool-1 - keepalive: connection org.postgresql.jdbc.PgConnection@69efd244 is alive
2026-08-21T22:03:41.140+09:00 DEBUG 3764 --- [Pokade] [l-1:housekeeper] com.zaxxer.hikari.pool.HikariPool        : HikariPool-1 - Pool stats (total=10/10, idle=10/10, active=0, waiting=0)
2026-08-21T22:03:41.140+09:00 DEBUG 3764 --- [Pokade] [l-1:housekeeper] com.zaxxer.hikari.pool.HikariPool        : HikariPool-1 - Fill pool skipped, pool has sufficient level or currently being filled.
2026-08-21T22:03:45.378+09:00 DEBUG 3764 --- [Pokade] [l-1:housekeeper] com.zaxxer.hikari.pool.HikariPool        : HikariPool-1 - keepalive: connection org.postgresql.jdbc.PgConnection@3e89f54f is alive
2026-08-21T22:03:54.123+09:00 DEBUG 3764 --- [Pokade] [l-1:housekeeper] com.zaxxer.hikari.pool.HikariPool        : HikariPool-1 - keepalive: connection org.postgresql.jdbc.PgConnection@73aada95 is alive
2026-08-21T22:04:04.713+09:00 DEBUG 3764 --- [Pokade] [l-1:housekeeper] com.zaxxer.hikari.pool.HikariPool        : HikariPool-1 - keepalive: connection org.postgresql.jdbc.PgConnection@2da46533 is alive
2026-08-21T22:04:11.146+09:00 DEBUG 3764 --- [Pokade] [l-1:housekeeper] com.zaxxer.hikari.pool.HikariPool        : HikariPool-1 - Pool stats (total=10/10, idle=10/10, active=0, waiting=0)
2026-08-21T22:04:11.146+09:00 DEBUG 3764 --- [Pokade] [l-1:housekeeper] com.zaxxer.hikari.pool.HikariPool        : HikariPool-1 - Fill pool skipped, pool has sufficient level or currently being filled.
2026-08-21T22:04:30.819+09:00 DEBUG 3764 --- [Pokade] [l-1:housekeeper] com.zaxxer.hikari.pool.HikariPool        : HikariPool-1 - keepalive: connection org.postgresql.jdbc.PgConnection@74ebe70f is alive
2026-08-21T22:04:41.158+09:00 DEBUG 3764 --- [Pokade] [l-1:housekeeper] com.zaxxer.hikari.pool.HikariPool        : HikariPool-1 - Pool stats (total=10/10, idle=10/10, active=0, waiting=0)
2026-08-21T22:04:41.158+09:00 DEBUG 3764 --- [Pokade] [l-1:housekeeper] com.zaxxer.hikari.pool.HikariPool        : HikariPool-1 - Fill pool skipped, pool has sufficient level or currently being filled.
2026-08-21T22:04:48.481+09:00 DEBUG 3764 --- [Pokade] [l-1:housekeeper] com.zaxxer.hikari.pool.HikariPool        : HikariPool-1 - keepalive: connection org.postgresql.jdbc.PgConnection@544ee95 is alive
2026-08-21T22:05:08.395+09:00 DEBUG 3764 --- [Pokade] [l-1:housekeeper] com.zaxxer.hikari.pool.HikariPool        : HikariPool-1 - keepalive: connection org.postgresql.jdbc.PgConnection@1182143 is alive
2026-08-21T22:05:10.746+09:00 DEBUG 3764 --- [Pokade] [l-1:housekeeper] com.zaxxer.hikari.pool.HikariPool        : HikariPool-1 - keepalive: connection org.postgresql.jdbc.PgConnection@1f51eeb0 is alive
2026-08-21T22:05:11.164+09:00 DEBUG 3764 --- [Pokade] [l-1:housekeeper] com.zaxxer.hikari.pool.HikariPool        : HikariPool-1 - Pool stats (total=10/10, idle=10/10, active=0, waiting=0)
2026-08-21T22:05:11.164+09:00 DEBUG 3764 --- [Pokade] [l-1:housekeeper] com.zaxxer.hikari.pool.HikariPool        : HikariPool-1 - Fill pool skipped, pool has sufficient level or currently being filled.
2026-08-21T22:05:14.128+09:00 DEBUG 3764 --- [Pokade] [l-1:housekeeper] com.zaxxer.hikari.pool.HikariPool        : HikariPool-1 - keepalive: connection org.postgresql.jdbc.PgConnection@118985ef is alive
2026-08-21T22:05:16.847+09:00 DEBUG 3764 --- [Pokade] [nnection-closer] com.zaxxer.hikari.pool.PoolBase          : HikariPool-1 - Closing connection org.postgresql.jdbc.PgConnection@74ebe70f: (connection has passed maxLifetime)
2026-08-21T22:05:16.848+09:00 DEBUG 3764 --- [Pokade] [onnection-adder] com.zaxxer.hikari.pool.PoolBase          : HikariPool-1 - Attempting to create/setup new connection (c0385119-b157-43bb-be96-16dd42514f82)
2026-08-21T22:05:16.866+09:00 DEBUG 3764 --- [Pokade] [onnection-adder] com.zaxxer.hikari.pool.PoolBase          : HikariPool-1 - Established new connection (c0385119-b157-43bb-be96-16dd42514f82)
2026-08-21T22:05:16.867+09:00 DEBUG 3764 --- [Pokade] [onnection-adder] com.zaxxer.hikari.pool.HikariPool        : HikariPool-1 - Added connection org.postgresql.jdbc.PgConnection@25d9da9b
2026-08-21T22:05:17.096+09:00 DEBUG 3764 --- [Pokade] [l-1:housekeeper] com.zaxxer.hikari.pool.HikariPool        : HikariPool-1 - keepalive: connection org.postgresql.jdbc.PgConnection@69efd244 is alive
2026-08-21T22:05:24.103+09:00 DEBUG 3764 --- [Pokade] [l-1:housekeeper] com.zaxxer.hikari.pool.HikariPool        : HikariPool-1 - keepalive: connection org.postgresql.jdbc.PgConnection@fe4eb4b is alive
2026-08-21T22:05:32.896+09:00 DEBUG 3764 --- [Pokade] [l-1:housekeeper] com.zaxxer.hikari.pool.HikariPool        : HikariPool-1 - keepalive: connection org.postgresql.jdbc.PgConnection@3e89f54f is alive
2026-08-21T22:05:40.893+09:00 DEBUG 3764 --- [Pokade] [l-1:housekeeper] com.zaxxer.hikari.pool.HikariPool        : HikariPool-1 - keepalive: connection org.postgresql.jdbc.PgConnection@73aada95 is alive
2026-08-21T22:05:41.173+09:00 DEBUG 3764 --- [Pokade] [l-1:housekeeper] com.zaxxer.hikari.pool.HikariPool        : HikariPool-1 - Pool stats (total=10/10, idle=10/10, active=0, waiting=0)
2026-08-21T22:05:41.173+09:00 DEBUG 3764 --- [Pokade] [l-1:housekeeper] com.zaxxer.hikari.pool.HikariPool        : HikariPool-1 - Fill pool skipped, pool has sufficient level or currently being filled.
2026-08-21T22:05:55.018+09:00 DEBUG 3764 --- [Pokade] [l-1:housekeeper] com.zaxxer.hikari.pool.HikariPool        : HikariPool-1 - keepalive: connection org.postgresql.jdbc.PgConnection@2da46533 is alive
2026-08-21T22:06:11.181+09:00 DEBUG 3764 --- [Pokade] [l-1:housekeeper] com.zaxxer.hikari.pool.HikariPool        : HikariPool-1 - Pool stats (total=10/10, idle=10/10, active=0, waiting=0)
2026-08-21T22:06:11.181+09:00 DEBUG 3764 --- [Pokade] [l-1:housekeeper] com.zaxxer.hikari.pool.HikariPool        : HikariPool-1 - Fill pool skipped, pool has sufficient level or currently being filled.
2026-08-21T22:06:41.194+09:00 DEBUG 3764 --- [Pokade] [l-1:housekeeper] com.zaxxer.hikari.pool.HikariPool        : HikariPool-1 - Pool stats (total=10/10, idle=10/10, active=0, waiting=0)
2026-08-21T22:06:41.194+09:00 DEBUG 3764 --- [Pokade] [l-1:housekeeper] com.zaxxer.hikari.pool.HikariPool        : HikariPool-1 - Fill pool skipped, pool has sufficient level or currently being filled.
2026-08-21T22:06:45.694+09:00 DEBUG 3764 --- [Pokade] [l-1:housekeeper] com.zaxxer.hikari.pool.HikariPool        : HikariPool-1 - keepalive: connection org.postgresql.jdbc.PgConnection@544ee95 is alive
2026-08-21T22:06:48.527+09:00 DEBUG 3764 --- [Pokade] [l-1:housekeeper] com.zaxxer.hikari.pool.HikariPool        : HikariPool-1 - keepalive: connection org.postgresql.jdbc.PgConnection@1182143 is alive
2026-08-21T22:06:56.774+09:00 DEBUG 3764 --- [Pokade] [l-1:housekeeper] com.zaxxer.hikari.pool.HikariPool        : HikariPool-1 - keepalive: connection org.postgresql.jdbc.PgConnection@69efd244 is alive
2026-08-21T22:06:57.366+09:00 DEBUG 3764 --- [Pokade] [l-1:housekeeper] com.zaxxer.hikari.pool.HikariPool        : HikariPool-1 - keepalive: connection org.postgresql.jdbc.PgConnection@1f51eeb0 is alive
2026-08-21T22:07:01.197+09:00 DEBUG 3764 --- [Pokade] [nnection-closer] com.zaxxer.hikari.pool.PoolBase          : HikariPool-1 - Closing connection org.postgresql.jdbc.PgConnection@1f51eeb0: (connection has passed maxLifetime)
2026-08-21T22:07:01.198+09:00 DEBUG 3764 --- [Pokade] [onnection-adder] com.zaxxer.hikari.pool.PoolBase          : HikariPool-1 - Attempting to create/setup new connection (4ad1a3c4-2eeb-41a6-9564-20868397e33e)
2026-08-21T22:07:01.215+09:00 DEBUG 3764 --- [Pokade] [onnection-adder] com.zaxxer.hikari.pool.PoolBase          : HikariPool-1 - Established new connection (4ad1a3c4-2eeb-41a6-9564-20868397e33e)
2026-08-21T22:07:01.216+09:00 DEBUG 3764 --- [Pokade] [onnection-adder] com.zaxxer.hikari.pool.HikariPool        : HikariPool-1 - Added connection org.postgresql.jdbc.PgConnection@75e58455
2026-08-21T22:07:01.885+09:00 DEBUG 3764 --- [Pokade] [l-1:housekeeper] com.zaxxer.hikari.pool.HikariPool        : HikariPool-1 - keepalive: connection org.postgresql.jdbc.PgConnection@118985ef is alive
2026-08-21T22:07:10.619+09:00 DEBUG 3764 --- [Pokade] [l-1:housekeeper] com.zaxxer.hikari.pool.HikariPool        : HikariPool-1 - keepalive: connection org.postgresql.jdbc.PgConnection@25d9da9b is alive
2026-08-21T22:07:11.195+09:00 DEBUG 3764 --- [Pokade] [l-1:housekeeper] com.zaxxer.hikari.pool.HikariPool        : HikariPool-1 - Pool stats (total=10/10, idle=10/10, active=0, waiting=0)
2026-08-21T22:07:11.195+09:00 DEBUG 3764 --- [Pokade] [l-1:housekeeper] com.zaxxer.hikari.pool.HikariPool        : HikariPool-1 - Fill pool skipped, pool has sufficient level or currently being filled.
2026-08-21T22:07:15.508+09:00 DEBUG 3764 --- [Pokade] [l-1:housekeeper] com.zaxxer.hikari.pool.HikariPool        : HikariPool-1 - keepalive: connection org.postgresql.jdbc.PgConnection@fe4eb4b is alive
2026-08-21T22:07:20.405+09:00 DEBUG 3764 --- [Pokade] [l-1:housekeeper] com.zaxxer.hikari.pool.HikariPool        : HikariPool-1 - keepalive: connection org.postgresql.jdbc.PgConnection@3e89f54f is alive
2026-08-21T22:07:27.659+09:00 DEBUG 3764 --- [Pokade] [l-1:housekeeper] com.zaxxer.hikari.pool.HikariPool        : HikariPool-1 - keepalive: connection org.postgresql.jdbc.PgConnection@73aada95 is alive
2026-08-21T22:07:37.214+09:00 DEBUG 3764 --- [Pokade] [nnection-closer] com.zaxxer.hikari.pool.PoolBase          : HikariPool-1 - Closing connection org.postgresql.jdbc.PgConnection@3e89f54f: (connection has passed maxLifetime)
2026-08-21T22:07:37.215+09:00 DEBUG 3764 --- [Pokade] [onnection-adder] com.zaxxer.hikari.pool.PoolBase          : HikariPool-1 - Attempting to create/setup new connection (75a4eedf-a2a0-4655-8a4d-364298120026)
2026-08-21T22:07:37.232+09:00 DEBUG 3764 --- [Pokade] [onnection-adder] com.zaxxer.hikari.pool.PoolBase          : HikariPool-1 - Established new connection (75a4eedf-a2a0-4655-8a4d-364298120026)
2026-08-21T22:07:37.232+09:00 DEBUG 3764 --- [Pokade] [onnection-adder] com.zaxxer.hikari.pool.HikariPool        : HikariPool-1 - Added connection org.postgresql.jdbc.PgConnection@17ba46ae
2026-08-21T22:07:41.199+09:00 DEBUG 3764 --- [Pokade] [l-1:housekeeper] com.zaxxer.hikari.pool.HikariPool        : HikariPool-1 - Pool stats (total=10/10, idle=10/10, active=0, waiting=0)
2026-08-21T22:07:41.199+09:00 DEBUG 3764 --- [Pokade] [l-1:housekeeper] com.zaxxer.hikari.pool.HikariPool        : HikariPool-1 - Fill pool skipped, pool has sufficient level or currently being filled.
2026-08-21T22:07:45.320+09:00 DEBUG 3764 --- [Pokade] [l-1:housekeeper] com.zaxxer.hikari.pool.HikariPool        : HikariPool-1 - keepalive: connection org.postgresql.jdbc.PgConnection@2da46533 is alive

> Task :bootRun FAILED

FAILURE: Build failed with an exception.

* What went wrong:
Execution failed for task ':bootRun' (registered by plugin 'org.springframework.boot').
> Process 'command 'C:\Users\태규\.jdks\corretto-21.0.10\bin\java.exe'' finished with non-zero exit value 1

* Try:
> Run with --stacktrace option to get the stack trace.
> Run with --info or --debug option to get more log output.
> Run with --scan to get full insights from a Build Scan (powered by Develocity).
> Get more help at https://help.gradle.org.

BUILD FAILED in 1h 43m 17s
4 actionable tasks: 2 executed, 2 up-to-date
